AccidentYear,STATE,STATENAME,ST_CASE,VE_TOTAL,VE_FORMS,PVH_INVL,PEDS,PERSONS,PERMVIT,PERNOTMVIT,COUNTY,COUNTYNAME,CITYNAME,DAY,MONTH,YEAR,DAY_WEEK,DAY_WEEKNAME,HOUR,HOURNAME,MINUTENAME,NHSNAME,ROUTE,ROUTENAME,TWAY_ID,TWAY_ID2,RUR_URB,RUR_URBNAME,FUNC_SYS,FUNC_SYSNAME,RD_OWNER,RD_OWNERNAME,MILEPT,MILEPTNAME,LATITUDENAME,LONGITUDNAME,SP_JURNAME,HARM_EV,HARM_EVNAME,MAN_COLL,MAN_COLLNAME,RELJCT1,RELJCT1NAME,RELJCT2,RELJCT2NAME,TYP_INT,TYP_INTNAME,WRK_ZONENAME,REL_ROAD,REL_ROADNAME,LGT_COND,LGT_CONDNAME,WEATHER,WEATHERNAME,SCH_BUS,NOT_HOUR,NOT_HOURNAME,NOT_MINNAME,ARR_HOUR,ARR_HOURNAME,ARR_MINNAME,HOSP_HR,HOSP_HRNAME,HOSP_MNNAME,FATALS,DRUNK_DR
2016,4,Arizona,40098,2,2,0,0,3,3,0,19,PIMA (19),ORO VALLEY,22,2,2016,2,Monday,14,2:00pm-2:59pm,37,This section IS ON the NHS,3,State Highway,SR-77 ORACLE RD,,2,Urban,3,Principal Arterial - Other,1,State Highway Agency,94,94,32.37290833,-110.96675278,No Special Jurisdiction,12,Motor Vehicle In-Transport,1,Front-to-Rear,0,No,1,Non-Junction,1,Not an Intersection,None,1,On Roadway,1,Daylight,1,Clear,0,14,2:00pm-2:59pm,39,14,2:00pm-2:59pm,45,15,3:00pm-3:59pm,36,1,0
2016,4,Arizona,40099,1,1,0,1,1,1,1,13,MARICOPA (13),PHOENIX,25,2,2016,5,Thursday,20,8:00pm-8:59pm,1,This section IS NOT on the NHS,6,Local Street - Municipality,27TH AVE,,2,Urban,4,Minor Arterial,4,City or Municipal Highway Agency,0,None,33.53457222,-112.11691389,No Special Jurisdiction,8,Pedestrian,0,Not a Collision with Motor Vehicle In-Transport,0,No,1,Non-Junction,1,Not an Intersection,None,1,On Roadway,3,Dark - Lighted,1,Clear,0,20,8:00pm-8:59pm,3,20,8:00pm-8:59pm,6,20,8:00pm-8:59pm,19,1,0
2016,4,Arizona,40100,2,2,0,0,2,2,0,13,MARICOPA (13),MESA,27,2,2016,7,Saturday,6,6:00am-6:59am,43,This section IS NOT on the NHS,6,Local Street - Municipality,MCKELLIPS RD,,2,Urban,3,Principal Arterial - Other,4,City or Municipal Highway Agency,0,None,33.45148333,-111.80780833,No Special Jurisdiction,12,Motor Vehicle In-Transport,2,Front-to-Front,0,No,1,Non-Junction,1,Not an Intersection,None,1,On Roadway,1,Daylight,1,Clear,0,6,6:00am-6:59am,43,6,6:00am-6:59am,45,7,7:00am-7:59am,30,1,0
2016,4,Arizona,40101,2,2,0,0,2,2,0,13,MARICOPA (13),GILBERT,4,3,2016,6,Friday,9,9:00am-9:59am,16,This section IS NOT on the NHS,6,Local Street - Municipality,QUEEN CREEK RD,,2,Urban,4,Minor Arterial,3,Town or Township Highway Agency,0,None,33.26379722,-111.70895833,No Special Jurisdiction,33,Curb,0,Not a Collision with Motor Vehicle In-Transport,0,No,1,Non-Junction,1,Not an Intersection,None,4,On Roadside,1,Daylight,1,Clear,0,9,9:00am-9:59am,15,9,9:00am-9:59am,21,9,9:00am-9:59am,40,1,0
2016,4,Arizona,40102,1,1,0,1,3,3,1,1,APACHE (1),NOT APPLICABLE,4,3,2016,6,Friday,20,8:00pm-8:59pm,34,This section IS NOT on the NHS,2,U.S. Highway,US-191,,1,Rural,5,Major Collector,1,State Highway Agency,4484,4484,36.18660278,-109.59260833,Indian Reservation,8,Pedestrian,0,Not a Collision with Motor Vehicle In-Transport,0,No,1,Non-Junction,1,Not an Intersection,None,1,On Roadway,2,Dark - Not Lighted,1,Clear,0,20,8:00pm-8:59pm,39,22,10:00pm-10:59pm,4,88,Not Applicable (Not Transported),Not Applicable (Not Transported),1,0
2016,4,Arizona,40103,1,1,0,1,1,1,1,13,MARICOPA (13),MESA,6,3,2016,1,Sunday,21,9:00pm-9:59pm,55,This section IS NOT on the NHS,6,Local Street - Municipality,UNIVERSITY DR,,2,Urban,3,Principal Arterial - Other,4,City or Municipal Highway Agency,0,None,33.42215833,-111.86022778,No Special Jurisdiction,8,Pedestrian,0,Not a Collision with Motor Vehicle In-Transport,0,No,1,Non-Junction,1,Not an Intersection,None,4,On Roadside,3,Dark - Lighted,1,Clear,0,21,9:00pm-9:59pm,57,22,10:00pm-10:59pm,2,22,10:00pm-10:59pm,25,1,0
2016,4,Arizona,40104,1,1,0,0,2,2,0,19,PIMA (19),NOT APPLICABLE,7,3,2016,2,Monday,23,11:00pm-11:59pm,8,This section IS NOT on the NHS,5,Local Street - Township,SHARON RD,MOKES MILE TRL,2,Urban,7,Local,98,Not Reported,0,None,31.99763056,-110.69769167,No Special Jurisdiction,42,Tree (Standing Only),0,Not a Collision with Motor Vehicle In-Transport,0,No,3,Intersection-Related,2,Four-Way Intersection,None,4,On Roadside,3,Dark - Lighted,10,Cloudy,0,23,11:00pm-11:59pm,8,23,11:00pm-11:59pm,24,0,0:00am-0:59am,20,1,1
2016,4,Arizona,40105,2,2,0,0,3,3,0,17,NAVAJO (17),NOT APPLICABLE,8,3,2016,3,Tuesday,18,6:00pm-6:59pm,51,This section IS NOT on the NHS,3,State Highway,SR-73,,1,Rural,4,Minor Arterial,1,State Highway Agency,421,421,34.023,-109.90530556,Indian Reservation,12,Motor Vehicle In-Transport,2,Front-to-Front,0,No,1,Non-Junction,1,Not an Intersection,None,1,On Roadway,5,Dusk,10,Cloudy,0,18,6:00pm-6:59pm,53,18,6:00pm-6:59pm,59,99,Unknown,Unknown EMS Hospital Arrival Time,2,0
2016,4,Arizona,40106,1,1,0,1,1,1,1,21,PINAL (21),MARICOPA,10,3,2016,5,Thursday,19,7:00pm-7:59pm,22,This section IS NOT on the NHS,6,Local Street - Municipality,MARICOPA CASA GRANDE HWY,,2,Urban,4,Minor Arterial,4,City or Municipal Highway Agency,0,None,33.04454444,-112.02834722,No Special Jurisdiction,8,Pedestrian,0,Not a Collision with Motor Vehicle In-Transport,0,No,1,Non-Junction,1,Not an Intersection,None,1,On Roadway,2,Dark - Not Lighted,1,Clear,0,19,7:00pm-7:59pm,23,19,7:00pm-7:59pm,31,20,8:00pm-8:59pm,4,1,0
2016,4,Arizona,40107,2,2,0,0,5,5,0,21,PINAL (21),NOT APPLICABLE,11,3,2016,6,Friday,16,4:00pm-4:59pm,45,This section IS NOT on the NHS,4,County Road,CR-ARIZONA FARMS RD,APOLLO DR,2,Urban,5,Major Collector,2,County Highway Agency,0,None,33.11830278,-111.50362778,No Special Jurisdiction,12,Motor Vehicle In-Transport,1,Front-to-Rear,0,No,3,Intersection-Related,3,T-Intersection,None,1,On Roadway,1,Daylight,7,"Blowing Sand, Soil, Dirt",0,16,4:00pm-4:59pm,50,17,5:00pm-5:59pm,4,17,5:00pm-5:59pm,19,1,0
2016,4,Arizona,40108,1,1,0,0,1,1,0,13,MARICOPA (13),MESA,11,3,2016,6,Friday,22,10:00pm-10:59pm,10,This section IS NOT on the NHS,6,Local Street - Municipality,GILBERT RD,US-60 RAMP,2,Urban,3,Principal Arterial - Other,1,State Highway Agency,0,None,33.385375,-111.78843056,No Special Jurisdiction,33,Curb,0,Not a Collision with Motor Vehicle In-Transport,1,Yes,3,Intersection-Related,2,Four-Way Intersection,None,3,On Median,3,Dark - Lighted,10,Cloudy,0,22,10:00pm-10:59pm,12,22,10:00pm-10:59pm,18,22,10:00pm-10:59pm,40,1,1
2016,4,Arizona,40109,2,2,0,0,4,4,0,21,PINAL (21),NOT APPLICABLE,12,3,2016,7,Saturday,15,3:00pm-3:59pm,0,This section IS NOT on the NHS,3,State Highway,SR-177,BATTLE AXE RD,1,Rural,5,Major Collector,1,State Highway Agency,220,220,33.17945833,-111.03959722,No Special Jurisdiction,1,Rollover/Overturn,0,Not a Collision with Motor Vehicle In-Transport,0,No,3,Intersection-Related,3,T-Intersection,None,1,On Roadway,1,Daylight,1,Clear,0,15,3:00pm-3:59pm,37,15,3:00pm-3:59pm,50,88,Not Applicable (Not Transported),Not Applicable (Not Transported),1,0
2016,4,Arizona,40110,1,1,0,1,1,1,1,13,MARICOPA (13),GOODYEAR,16,3,2016,4,Wednesday,5,5:00am-5:59am,12,This section IS ON the NHS,1,Interstate,I-10 RAMP,,2,Urban,1,Interstate,1,State Highway Agency,1261,1261,33.46083889,-112.39521667,No Special Jurisdiction,8,Pedestrian,0,Not a Collision with Motor Vehicle In-Transport,1,Yes,20,Entrance/Exit Ramp,1,Not an Intersection,None,1,On Roadway,3,Dark - Lighted,1,Clear,0,5,5:00am-5:59am,12,5,5:00am-5:59am,17,88,Not Applicable (Not Transported),Not Applicable (Not Transported),1,0
2016,4,Arizona,40111,2,2,0,0,2,2,0,19,PIMA (19),MARANA,19,3,2016,7,Saturday,4,4:00am-4:59am,16,This section IS ON the NHS,1,Interstate,I-10,,2,Urban,1,Interstate,1,State Highway Agency,2439,2439,32.39453889,-111.12305278,No Special Jurisdiction,12,Motor Vehicle In-Transport,2,Front-to-Front,0,No,1,Non-Junction,1,Not an Intersection,None,1,On Roadway,2,Dark - Not Lighted,1,Clear,0,4,4:00am-4:59am,16,4,4:00am-4:59am,23,88,Not Applicable (Not Transported),Not Applicable (Not Transported),2,1
2016,4,Arizona,40112,2,2,0,0,3,3,0,13,MARICOPA (13),PEORIA,20,3,2016,1,Sunday,13,1:00pm-1:59pm,52,This section IS NOT on the NHS,6,Local Street - Municipality,83RD AVE,BEARDSLEY RD,2,Urban,4,Minor Arterial,4,City or Municipal Highway Agency,0,None,33.66713611,-112.23787778,No Special Jurisdiction,12,Motor Vehicle In-Transport,6,Angle,0,No,2,Intersection,2,Four-Way Intersection,None,1,On Roadway,1,Daylight,1,Clear,0,13,1:00pm-1:59pm,52,13,1:00pm-1:59pm,57,99,Unknown,Unknown EMS Hospital Arrival Time,1,0
2016,4,Arizona,40113,1,1,0,0,1,1,0,19,PIMA (19),NOT APPLICABLE,20,3,2016,1,Sunday,17,5:00pm-5:59pm,55,This section IS NOT on the NHS,5,Local Street - Township,OLD NOGALES HWY,,2,Urban,7,Local,98,Not Reported,0,None,32.065,-110.95305833,No Special Jurisdiction,38,Fence,0,Not a Collision with Motor Vehicle In-Transport,0,No,1,Non-Junction,1,Not an Intersection,None,4,On Roadside,5,Dusk,1,Clear,0,17,5:00pm-5:59pm,55,18,6:00pm-6:59pm,0,88,Not Applicable (Not Transported),Not Applicable (Not Transported),1,1
2016,4,Arizona,40114,1,1,0,1,5,5,1,13,MARICOPA (13),GLENDALE,20,3,2016,1,Sunday,20,8:00pm-8:59pm,30,This section IS NOT on the NHS,6,Local Street - Municipality,67TH AVE,MONTEBELLO AVE,2,Urban,4,Minor Arterial,4,City or Municipal Highway Agency,0,None,33.52073889,-112.20320833,No Special Jurisdiction,8,Pedestrian,0,Not a Collision with Motor Vehicle In-Transport,0,No,2,Intersection,3,T-Intersection,None,1,On Roadway,3,Dark - Lighted,1,Clear,0,20,8:00pm-8:59pm,38,20,8:00pm-8:59pm,41,21,9:00pm-9:59pm,19,1,0
2016,4,Arizona,40116,1,1,0,0,1,1,0,13,MARICOPA (13),PHOENIX,21,3,2016,2,Monday,15,3:00pm-3:59pm,43,This section IS NOT on the NHS,6,Local Street - Municipality,CENTRAL AVE,MOUNTAIN VIEW RD,2,Urban,7,Local,98,Not Reported,0,None,33.57509444,-112.07393889,No Special Jurisdiction,33,Curb,0,Not a Collision with Motor Vehicle In-Transport,0,No,3,Intersection-Related,5,Traffic Circle,None,4,On Roadside,1,Daylight,1,Clear,0,15,3:00pm-3:59pm,44,15,3:00pm-3:59pm,55,16,4:00pm-4:59pm,2,1,0
2016,4,Arizona,40117,1,1,0,1,2,2,1,13,MARICOPA (13),GILBERT,21,3,2016,2,Monday,19,7:00pm-7:59pm,54,This section IS NOT on the NHS,5,Local Street - Township,QUEEN CREEK RD,RANCH HOUSE PKWY,2,Urban,4,Minor Arterial,3,Town or Township Highway Agency,0,None,33.26415556,-111.69506944,No Special Jurisdiction,9,Pedalcyclist,0,Not a Collision with Motor Vehicle In-Transport,0,No,2,Intersection,2,Four-Way Intersection,None,1,On Roadway,3,Dark - Lighted,1,Clear,0,19,7:00pm-7:59pm,55,20,8:00pm-8:59pm,0,20,8:00pm-8:59pm,35,1,0
2016,4,Arizona,40118,1,1,0,0,1,1,0,5,COCONINO (5),NOT APPLICABLE,22,3,2016,3,Tuesday,19,7:00pm-7:59pm,13,This section IS NOT on the NHS,3,State Highway,SR-87,,1,Rural,5,Major Collector,1,State Highway Agency,1838,1838,34.62461944,-111.15182222,No Special Jurisdiction,42,Tree (Standing Only),0,Not a Collision with Motor Vehicle In-Transport,0,No,1,Non-Junction,1,Not an Intersection,None,4,On Roadside,2,Dark - Not Lighted,1,Clear,0,19,7:00pm-7:59pm,15,19,7:00pm-7:59pm,26,88,Not Applicable (Not Transported),Not Applicable (Not Transported),1,0
2016,4,Arizona,40119,1,1,0,0,3,3,0,21,PINAL (21),NOT APPLICABLE,23,3,2016,4,Wednesday,6,6:00am-6:59am,10,This section IS NOT on the NHS,3,State Highway,SR-79,,1,Rural,4,Minor Arterial,1,State Highway Agency,82,82,32.646225,-111.02115,No Special Jurisdiction,1,Rollover/Overturn,0,Not a Collision with Motor Vehicle In-Transport,0,No,1,Non-Junction,1,Not an Intersection,None,4,On Roadside,4,Dawn,1,Clear,0,6,6:00am-6:59am,11,6,6:00am-6:59am,30,99,Unknown,Unknown EMS Hospital Arrival Time,1,0
2016,4,Arizona,40120,1,1,0,0,1,1,0,13,MARICOPA (13),MESA,23,3,2016,4,Wednesday,14,2:00pm-2:59pm,50,This section IS NOT on the NHS,6,Local Street - Municipality,SOUTHERN AVE,HIGLEY RD,2,Urban,3,Principal Arterial - Other,4,City or Municipal Highway Agency,0,None,33.39395,-111.71903611,No Special Jurisdiction,1,Rollover/Overturn,0,Not a Collision with Motor Vehicle In-Transport,0,No,3,Intersection-Related,2,Four-Way Intersection,None,1,On Roadway,1,Daylight,1,Clear,0,14,2:00pm-2:59pm,52,14,2:00pm-2:59pm,57,15,3:00pm-3:59pm,18,1,1
2016,4,Arizona,40121,1,1,0,0,1,1,0,19,PIMA (19),TUCSON,23,3,2016,4,Wednesday,23,11:00pm-11:59pm,11,This section IS ON the NHS,6,Local Street - Municipality,GOLF LINKS RD,,2,Urban,2,Principal Arterial - Other Freeways and Expressways,4,City or Municipal Highway Agency,0,None,32.19169722,-110.90589444,No Special Jurisdiction,33,Curb,0,Not a Collision with Motor Vehicle In-Transport,0,No,1,Non-Junction,1,Not an Intersection,None,3,On Median,3,Dark - Lighted,1,Clear,0,23,11:00pm-11:59pm,11,23,11:00pm-11:59pm,20,23,11:00pm-11:59pm,24,1,0
2016,4,Arizona,40122,1,1,0,0,2,2,0,25,YAVAPAI (25),NOT APPLICABLE,24,3,2016,5,Thursday,5,5:00am-5:59am,15,This section IS ON the NHS,1,Interstate,I-17,,1,Rural,1,Interstate,1,State Highway Agency,705,705,34.36127222,-112.11682778,No Special Jurisdiction,1,Rollover/Overturn,0,Not a Collision with Motor Vehicle In-Transport,0,No,1,Non-Junction,1,Not an Intersection,None,3,On Median,2,Dark - Not Lighted,1,Clear,0,5,5:00am-5:59am,19,5,5:00am-5:59am,30,99,Unknown,Unknown EMS Hospital Arrival Time,1,1
2016,4,Arizona,40123,1,1,0,0,1,1,0,13,MARICOPA (13),PHOENIX,24,3,2016,5,Thursday,20,8:00pm-8:59pm,5,This section IS NOT on the NHS,6,Local Street - Municipality,NORTH VALLEY PKWY,,2,Urban,7,Local,98,Not Reported,0,None,33.75851111,-112.10834167,No Special Jurisdiction,33,Curb,0,Not a Collision with Motor Vehicle In-Transport,0,No,1,Non-Junction,1,Not an Intersection,None,4,On Roadside,3,Dark - Lighted,1,Clear,0,20,8:00pm-8:59pm,8,20,8:00pm-8:59pm,12,88,Not Applicable (Not Transported),Not Applicable (Not Transported),1,1
2016,4,Arizona,40124,2,2,0,0,2,2,0,19,PIMA (19),NOT APPLICABLE,25,3,2016,6,Friday,8,8:00am-8:59am,41,This section IS ON the NHS,3,State Highway,SR-77 ORACLE RD,ORANGE GROVE RD,2,Urban,3,Principal Arterial - Other,1,State Highway Agency,58,58,32.322625,-110.97469444,No Special Jurisdiction,12,Motor Vehicle In-Transport,6,Angle,0,No,2,Intersection,2,Four-Way Intersection,None,1,On Roadway,1,Daylight,1,Clear,0,8,8:00am-8:59am,40,8,8:00am-8:59am,45,9,9:00am-9:59am,4,1,0
2016,4,Arizona,40125,2,2,0,0,2,2,0,1,APACHE (1),NOT APPLICABLE,26,3,2016,7,Saturday,4,4:00am-4:59am,43,This section IS NOT on the NHS,2,U.S. Highway,US-191,,1,Rural,5,Major Collector,1,State Highway Agency,4505,4505,36.21508889,-109.60281944,Indian Reservation,12,Motor Vehicle In-Transport,2,Front-to-Front,0,No,1,Non-Junction,1,Not an Intersection,None,1,On Roadway,2,Dark - Not Lighted,1,Clear,0,4,4:00am-4:59am,46,4,4:00am-4:59am,52,88,Not Applicable (Not Transported),Not Applicable (Not Transported),2,0
2016,4,Arizona,40126,1,1,0,0,1,1,0,27,YUMA (27),NOT APPLICABLE,26,3,2016,7,Saturday,15,3:00pm-3:59pm,27,This section IS ON the NHS,1,Interstate,I-8,,1,Rural,1,Interstate,1,State Highway Agency,664,664,32.786675,-113.56771667,No Special Jurisdiction,41,Shrubbery,0,Not a Collision with Motor Vehicle In-Transport,0,No,1,Non-Junction,1,Not an Intersection,None,3,On Median,1,Daylight,1,Clear,0,15,3:00pm-3:59pm,27,16,4:00pm-4:59pm,0,88,Not Applicable (Not Transported),Not Applicable (Not Transported),1,0
2016,4,Arizona,40127,1,1,0,0,2,2,0,5,COCONINO (5),FLAGSTAFF,30,3,2016,4,Wednesday,5,5:00am-5:59am,44,This section IS ON the NHS,1,Interstate,I-40,,2,Urban,1,Interstate,1,State Highway Agency,1967,1967,35.17908333,-111.63893611,No Special Jurisdiction,1,Rollover/Overturn,0,Not a Collision with Motor Vehicle In-Transport,0,No,1,Non-Junction,1,Not an Intersection,None,3,On Median,2,Dark - Not Lighted,10,Cloudy,0,5,5:00am-5:59am,46,6,6:00am-6:59am,5,88,Not Applicable (Not Transported),Not Applicable (Not Transported),2,1
2016,4,Arizona,40128,1,1,0,0,4,4,0,21,PINAL (21),COOLIDGE,31,3,2016,5,Thursday,16,4:00pm-4:59pm,17,This section IS NOT on the NHS,6,Local Street - Municipality,SIGNAL PEAK RD,,1,Rural,7,Local,4,City or Municipal Highway Agency,0,None,32.99633333,-111.61834444,No Special Jurisdiction,1,Rollover/Overturn,0,Not a Collision with Motor Vehicle In-Transport,0,No,1,Non-Junction,1,Not an Intersection,None,1,On Roadway,1,Daylight,1,Clear,0,16,4:00pm-4:59pm,17,16,4:00pm-4:59pm,34,99,Unknown,Unknown EMS Hospital Arrival Time,1,0
2016,4,Arizona,40129,4,4,0,0,10,10,0,21,PINAL (21),APACHE JUNCTION,27,3,2016,1,Sunday,16,4:00pm-4:59pm,9,This section IS NOT on the NHS,3,State Highway,SR-88 IDAHO RD,SOUTHERN AVE,2,Urban,3,Principal Arterial - Other,1,State Highway Agency,6,6,33.39331111,-111.54615,No Special Jurisdiction,12,Motor Vehicle In-Transport,6,Angle,0,No,2,Intersection,2,Four-Way Intersection,None,1,On Roadway,1,Daylight,1,Clear,0,16,4:00pm-4:59pm,11,16,4:00pm-4:59pm,14,99,Unknown,Unknown EMS Hospital Arrival Time,1,0
2016,4,Arizona,40130,1,1,0,0,2,2,0,13,MARICOPA (13),PHOENIX,20,3,2016,1,Sunday,13,1:00pm-1:59pm,15,This section IS NOT on the NHS,6,Local Street - Municipality,24TH DR,,2,Urban,7,Local,98,Not Reported,0,None,33.60977778,-112.11121389,No Special Jurisdiction,33,Curb,0,Not a Collision with Motor Vehicle In-Transport,0,No,1,Non-Junction,1,Not an Intersection,None,4,On Roadside,1,Daylight,1,Clear,0,13,1:00pm-1:59pm,18,13,1:00pm-1:59pm,22,13,1:00pm-1:59pm,41,1,0
2016,4,Arizona,40131,1,1,0,0,2,2,0,3,COCHISE (3),NOT APPLICABLE,21,2,2016,1,Sunday,12,12:00pm-12:59pm,0,This section IS NOT on the NHS,5,Local Street - Township,UNNAMED DIRT RD,,1,Rural,7,Local,98,Not Reported,0,None,32.09111667,-110.38210278,No Special Jurisdiction,1,Rollover/Overturn,0,Not a Collision with Motor Vehicle In-Transport,0,No,1,Non-Junction,1,Not an Intersection,None,4,On Roadside,1,Daylight,1,Clear,0,11,11:00am-11:59am,55,12,12:00pm-12:59pm,10,99,Unknown,Unknown EMS Hospital Arrival Time,1,0
2016,4,Arizona,40132,1,1,0,0,1,1,0,21,PINAL (21),NOT APPLICABLE,14,2,2016,1,Sunday,4,4:00am-4:59am,14,This section IS NOT on the NHS,3,State Highway,SR-77,,1,Rural,4,Minor Arterial,1,State Highway Agency,628,628,32.95279167,-110.74493889,No Special Jurisdiction,11,Live Animal,0,Not a Collision with Motor Vehicle In-Transport,0,No,1,Non-Junction,1,Not an Intersection,None,1,On Roadway,2,Dark - Not Lighted,1,Clear,0,4,4:00am-4:59am,18,4,4:00am-4:59am,30,88,Not Applicable (Not Transported),Not Applicable (Not Transported),1,0
2016,4,Arizona,40133,1,1,0,1,1,1,1,13,MARICOPA (13),PHOENIX,5,2,2016,6,Friday,18,6:00pm-6:59pm,50,This section IS NOT on the NHS,6,Local Street - Municipality,73RD AVE,,2,Urban,7,Local,98,Not Reported,0,None,33.49467222,-112.21623333,No Special Jurisdiction,8,Pedestrian,0,Not a Collision with Motor Vehicle In-Transport,0,No,99,Unknown,99,Unknown,None,99,Unknown,9,Unknown,98,Not Reported,0,99,Unknown,,99,Unknown EMS Scene Arrival Hour,,99,Unknown,Unknown EMS Hospital Arrival Time,1,0
2016,4,Arizona,40135,2,2,0,0,3,3,0,13,MARICOPA (13),PHOENIX,7,2,2016,1,Sunday,12,12:00pm-12:59pm,54,This section IS NOT on the NHS,6,Local Street - Municipality,THOMAS RD,67TH AVE,2,Urban,3,Principal Arterial - Other,4,City or Municipal Highway Agency,0,None,33.48030278,-112.20320833,No Special Jurisdiction,12,Motor Vehicle In-Transport,6,Angle,0,No,2,Intersection,2,Four-Way Intersection,None,1,On Roadway,1,Daylight,1,Clear,0,12,12:00pm-12:59pm,55,12,12:00pm-12:59pm,59,13,1:00pm-1:59pm,18,1,0
2016,4,Arizona,40136,1,1,0,0,1,1,0,5,COCONINO (5),NOT APPLICABLE,8,2,2016,2,Monday,7,7:00am-7:59am,42,This section IS NOT on the NHS,8,Other,OLD BIA 2,,1,Rural,7,Local,62,Bureau of Indian Affairs,0,None,35.19249444,-110.79804167,Indian Reservation,35,Embankment,0,Not a Collision with Motor Vehicle In-Transport,0,No,1,Non-Junction,1,Not an Intersection,None,4,On Roadside,9,Unknown,99,Unknown,0,99,Unknown,,8,8:00am-8:59am,25,99,Unknown,Unknown EMS Hospital Arrival Time,1,0
2016,4,Arizona,40137,1,1,0,1,5,5,1,13,MARICOPA (13),PHOENIX,10,2,2016,4,Wednesday,15,3:00pm-3:59pm,14,This section IS NOT on the NHS,6,Local Street - Municipality,CORONA AVE,,2,Urban,7,Local,98,Not Reported,0,None,33.40547222,-112.09258889,No Special Jurisdiction,8,Pedestrian,0,Not a Collision with Motor Vehicle In-Transport,0,No,1,Non-Junction,1,Not an Intersection,None,1,On Roadway,1,Daylight,1,Clear,0,15,3:00pm-3:59pm,15,15,3:00pm-3:59pm,21,15,3:00pm-3:59pm,38,1,0
2016,4,Arizona,40138,2,2,0,0,4,4,0,13,MARICOPA (13),PHOENIX,10,2,2016,4,Wednesday,18,6:00pm-6:59pm,8,This section IS NOT on the NHS,4,County Road,CR-CAREFREE HWY,CR-7TH ST,2,Urban,4,Minor Arterial,2,County Highway Agency,0,None,33.79916111,-112.06539444,No Special Jurisdiction,12,Motor Vehicle In-Transport,6,Angle,0,No,2,Intersection,2,Four-Way Intersection,None,1,On Roadway,1,Daylight,1,Clear,0,18,6:00pm-6:59pm,6,18,6:00pm-6:59pm,12,18,6:00pm-6:59pm,55,1,0
2016,4,Arizona,40139,2,2,0,0,2,2,0,13,MARICOPA (13),PHOENIX,12,2,2016,6,Friday,1,1:00am-1:59am,46,This section IS ON the NHS,2,U.S. Highway,US-60 GRAND AVE,,2,Urban,3,Principal Arterial - Other,1,State Highway Agency,1278,1278,33.49917222,-112.13921111,No Special Jurisdiction,12,Motor Vehicle In-Transport,1,Front-to-Rear,0,No,1,Non-Junction,1,Not an Intersection,None,1,On Roadway,3,Dark - Lighted,1,Clear,0,99,Unknown,,99,Unknown EMS Scene Arrival Hour,,88,Not Applicable (Not Transported),Not Applicable (Not Transported),1,1
2016,4,Arizona,40140,1,1,0,0,1,1,0,3,COCHISE (3),NOT APPLICABLE,13,2,2016,7,Saturday,3,3:00am-3:59am,38,This section IS NOT on the NHS,3,State Highway,SR-92,,2,Urban,3,Principal Arterial - Other,1,State Highway Agency,322,322,31.40676111,-109.90382778,No Special Jurisdiction,35,Embankment,0,Not a Collision with Motor Vehicle In-Transport,0,No,1,Non-Junction,1,Not an Intersection,None,4,On Roadside,2,Dark - Not Lighted,1,Clear,0,3,3:00am-3:59am,43,3,3:00am-3:59am,45,88,Not Applicable (Not Transported),Not Applicable (Not Transported),1,1
2016,4,Arizona,40141,1,1,0,1,1,1,1,13,MARICOPA (13),GLENDALE,13,2,2016,7,Saturday,21,9:00pm-9:59pm,24,This section IS NOT on the NHS,6,Local Street - Municipality,BETHANY HOME RD,,2,Urban,4,Minor Arterial,4,City or Municipal Highway Agency,0,None,33.52386944,-112.200575,No Special Jurisdiction,8,Pedestrian,0,Not a Collision with Motor Vehicle In-Transport,0,No,1,Non-Junction,1,Not an Intersection,None,1,On Roadway,3,Dark - Lighted,1,Clear,0,21,9:00pm-9:59pm,24,21,9:00pm-9:59pm,28,22,10:00pm-10:59pm,0,1,1
2016,4,Arizona,40142,1,1,0,1,1,1,1,13,MARICOPA (13),PHOENIX,13,2,2016,7,Saturday,21,9:00pm-9:59pm,43,This section IS NOT on the NHS,6,Local Street - Municipality,48TH ST,,2,Urban,4,Minor Arterial,4,City or Municipal Highway Agency,0,None,33.317025,-111.98043611,No Special Jurisdiction,8,Pedestrian,0,Not a Collision with Motor Vehicle In-Transport,0,No,1,Non-Junction,1,Not an Intersection,None,1,On Roadway,3,Dark - Lighted,1,Clear,0,21,9:00pm-9:59pm,45,21,9:00pm-9:59pm,47,22,10:00pm-10:59pm,4,1,0
2016,4,Arizona,40143,1,1,0,0,1,1,0,13,MARICOPA (13),NOT APPLICABLE,14,2,2016,1,Sunday,11,11:00am-11:59am,42,This section IS NOT on the NHS,4,County Road,CR-SALOME HWY,,1,Rural,5,Major Collector,2,County Highway Agency,0,None,33.39317222,-112.8057,No Special Jurisdiction,1,Rollover/Overturn,0,Not a Collision with Motor Vehicle In-Transport,0,No,1,Non-Junction,1,Not an Intersection,None,4,On Roadside,1,Daylight,1,Clear,0,11,11:00am-11:59am,42,11,11:00am-11:59am,50,88,Not Applicable (Not Transported),Not Applicable (Not Transported),1,1
2016,4,Arizona,40144,1,1,0,0,1,1,0,3,COCHISE (3),TOMBSTONE,15,2,2016,2,Monday,9,9:00am-9:59am,18,This section IS NOT on the NHS,5,Local Street - Township,CACTUS DR,,1,Rural,7,Local,98,Not Reported,0,None,31.72878333,-110.06080278,No Special Jurisdiction,1,Rollover/Overturn,0,Not a Collision with Motor Vehicle In-Transport,0,No,1,Non-Junction,1,Not an Intersection,None,4,On Roadside,1,Daylight,1,Clear,0,99,Unknown,,99,Unknown EMS Scene Arrival Hour,,88,Not Applicable (Not Transported),Not Applicable (Not Transported),1,1