AccidentYear,STATE,STATENAME,ST_CASE,VE_TOTAL,VE_FORMS,PVH_INVL,PEDS,PERSONS,PERMVIT,PERNOTMVIT,COUNTY,COUNTYNAME,CITYNAME,DAY,MONTH,YEAR,DAY_WEEK,DAY_WEEKNAME,HOUR,HOURNAME,MINUTENAME,NHSNAME,ROUTE,ROUTENAME,TWAY_ID,TWAY_ID2,RUR_URB,RUR_URBNAME,FUNC_SYS,FUNC_SYSNAME,RD_OWNER,RD_OWNERNAME,MILEPT,MILEPTNAME,LATITUDENAME,LONGITUDNAME,SP_JURNAME,HARM_EV,HARM_EVNAME,MAN_COLL,MAN_COLLNAME,RELJCT1,RELJCT1NAME,RELJCT2,RELJCT2NAME,TYP_INT,TYP_INTNAME,WRK_ZONENAME,REL_ROAD,REL_ROADNAME,LGT_COND,LGT_CONDNAME,WEATHER,WEATHERNAME,SCH_BUS,NOT_HOUR,NOT_HOURNAME,NOT_MINNAME,ARR_HOUR,ARR_HOURNAME,ARR_MINNAME,HOSP_HR,HOSP_HRNAME,HOSP_MNNAME,FATALS,DRUNK_DR
2016,4,Arizona,40145,2,2,0,0,3,3,0,13,MARICOPA (13),PHOENIX,15,2,2016,2,Monday,19,7:00pm-7:59pm,48,This section IS ON the NHS,6,Local Street - Municipality,BASELINE RD,,2,Urban,3,Principal Arterial - Other,4,City or Municipal Highway Agency,0,None,33.37779722,-112.10123889,No Special Jurisdiction,12,Motor Vehicle In-Transport,2,Front-to-Front,0,No,1,Non-Junction,1,Not an Intersection,None,1,On Roadway,5,Dusk,1,Clear,0,19,7:00pm-7:59pm,53,19,7:00pm-7:59pm,57,20,8:00pm-8:59pm,14,2,0
2016,4,Arizona,40146,1,1,0,0,4,4,0,13,MARICOPA (13),NOT APPLICABLE,19,2,2016,6,Friday,4,4:00am-4:59am,14,This section IS ON the NHS,1,Interstate,I-8,,1,Rural,1,Interstate,1,State Highway Agency,1352,1352,32.86908333,-112.42785,No Special Jurisdiction,1,Rollover/Overturn,0,Not a Collision with Motor Vehicle In-Transport,0,No,1,Non-Junction,1,Not an Intersection,None,4,On Roadside,2,Dark - Not Lighted,1,Clear,0,4,4:00am-4:59am,14,4,4:00am-4:59am,33,5,5:00am-5:59am,27,2,0
2016,4,Arizona,40147,2,2,0,0,2,2,0,13,MARICOPA (13),PHOENIX,19,2,2016,6,Friday,5,5:00am-5:59am,40,This section IS NOT on the NHS,6,Local Street - Municipality,UNION HILLS DR,16TH ST,2,Urban,4,Minor Arterial,4,City or Municipal Highway Agency,0,None,33.65496944,-112.04842222,No Special Jurisdiction,12,Motor Vehicle In-Transport,6,Angle,0,No,2,Intersection,2,Four-Way Intersection,None,1,On Roadway,3,Dark - Lighted,10,Cloudy,0,99,Unknown,,99,Unknown EMS Scene Arrival Hour,,99,Unknown,Unknown EMS Hospital Arrival Time,1,0
2016,4,Arizona,40149,2,2,0,0,3,3,0,13,MARICOPA (13),PHOENIX,19,2,2016,6,Friday,23,11:00pm-11:59pm,30,This section IS NOT on the NHS,6,Local Street - Municipality,LOWER BUCKEYE RD,72ND AVE,2,Urban,4,Minor Arterial,4,City or Municipal Highway Agency,0,None,33.422875,-112.21463889,No Special Jurisdiction,12,Motor Vehicle In-Transport,6,Angle,0,No,2,Intersection,2,Four-Way Intersection,None,1,On Roadway,3,Dark - Lighted,1,Clear,0,23,11:00pm-11:59pm,32,23,11:00pm-11:59pm,37,23,11:00pm-11:59pm,59,1,1
2016,4,Arizona,40151,1,1,0,0,2,2,0,9,GRAHAM (9),NOT APPLICABLE,29,2,2016,2,Monday,11,11:00am-11:59am,50,This section IS NOT on the NHS,2,U.S. Highway,US-70,,1,Rural,4,Minor Arterial,1,State Highway Agency,329,329,33.231525,-110.23956944,Indian Reservation,35,Embankment,0,Not a Collision with Motor Vehicle In-Transport,0,No,1,Non-Junction,1,Not an Intersection,None,4,On Roadside,8,Not Reported,98,Not Reported,0,99,Unknown,,99,Unknown EMS Scene Arrival Hour,,88,Not Applicable (Not Transported),Not Applicable (Not Transported),1,1
2016,4,Arizona,40152,1,1,0,0,1,1,0,13,MARICOPA (13),PHOENIX,27,2,2016,7,Saturday,14,2:00pm-2:59pm,45,This section IS NOT on the NHS,6,Local Street - Municipality,DESERT FOOTHILLS PKWY,,2,Urban,7,Local,98,Not Reported,0,None,33.31415,-112.07172222,No Special Jurisdiction,42,Tree (Standing Only),0,Not a Collision with Motor Vehicle In-Transport,0,No,1,Non-Junction,1,Not an Intersection,None,4,On Roadside,1,Daylight,1,Clear,0,14,2:00pm-2:59pm,46,14,2:00pm-2:59pm,58,88,Not Applicable (Not Transported),Not Applicable (Not Transported),1,0
2016,4,Arizona,40153,1,1,0,0,1,1,0,13,MARICOPA (13),GILBERT,28,2,2016,1,Sunday,5,5:00am-5:59am,25,This section IS NOT on the NHS,6,Local Street - Municipality,162ND ST,JULIUS RD,2,Urban,7,Local,98,Not Reported,0,None,33.25654444,-111.73358611,No Special Jurisdiction,1,Rollover/Overturn,0,Not a Collision with Motor Vehicle In-Transport,0,No,3,Intersection-Related,3,T-Intersection,None,1,On Roadway,2,Dark - Not Lighted,1,Clear,0,5,5:00am-5:59am,25,5,5:00am-5:59am,36,88,Not Applicable (Not Transported),Not Applicable (Not Transported),1,1
2016,4,Arizona,40154,2,2,0,0,2,2,0,13,MARICOPA (13),PHOENIX,29,2,2016,2,Monday,11,11:00am-11:59am,55,This section IS NOT on the NHS,6,Local Street - Municipality,35TH AVE,MALAPAI DR,2,Urban,3,Principal Arterial - Other,4,City or Municipal Highway Agency,0,None,33.57528611,-112.13408611,No Special Jurisdiction,12,Motor Vehicle In-Transport,6,Angle,0,No,2,Intersection,2,Four-Way Intersection,None,1,On Roadway,1,Daylight,1,Clear,0,11,11:00am-11:59am,56,12,12:00pm-12:59pm,3,12,12:00pm-12:59pm,16,1,0
2016,4,Arizona,40155,2,2,0,0,2,2,0,19,PIMA (19),TUCSON,21,3,2016,2,Monday,19,7:00pm-7:59pm,36,This section IS NOT on the NHS,6,Local Street - Municipality,22ND ST,TURQUOISE VISTA,2,Urban,3,Principal Arterial - Other,4,City or Municipal Highway Agency,0,None,32.20640278,-110.83666667,No Special Jurisdiction,12,Motor Vehicle In-Transport,6,Angle,0,No,2,Intersection,3,T-Intersection,None,1,On Roadway,3,Dark - Lighted,1,Clear,0,19,7:00pm-7:59pm,36,19,7:00pm-7:59pm,47,88,Not Applicable (Not Transported),Not Applicable (Not Transported),1,0
2016,4,Arizona,40156,1,1,0,0,3,3,0,19,PIMA (19),TUCSON,19,3,2016,7,Saturday,10,10:00am-10:59am,40,This section IS ON the NHS,1,Interstate,I-10,,2,Urban,1,Interstate,1,State Highway Agency,2541,2541,32.27843889,-111.016375,No Special Jurisdiction,59,Traffic Sign Support,0,Not a Collision with Motor Vehicle In-Transport,0,No,1,Non-Junction,1,Not an Intersection,None,4,On Roadside,1,Daylight,1,Clear,0,10,10:00am-10:59am,40,10,10:00am-10:59am,51,11,11:00am-11:59am,0,2,0
2016,4,Arizona,40157,4,4,0,0,17,17,0,13,MARICOPA (13),NOT APPLICABLE,20,3,2016,1,Sunday,14,2:00pm-2:59pm,3,This section IS ON the NHS,1,Interstate,I-10,,1,Rural,1,Interstate,1,State Highway Agency,740,740,33.55750833,-113.27895278,No Special Jurisdiction,12,Motor Vehicle In-Transport,1,Front-to-Rear,0,No,1,Non-Junction,1,Not an Intersection,None,1,On Roadway,1,Daylight,1,Clear,0,14,2:00pm-2:59pm,10,14,2:00pm-2:59pm,45,15,3:00pm-3:59pm,35,1,0
2016,4,Arizona,40158,1,1,0,0,2,2,0,19,PIMA (19),NOT APPLICABLE,21,3,2016,2,Monday,7,7:00am-7:59am,25,This section IS NOT on the NHS,8,Other,BIA 34,,1,Rural,6,Minor Collector,62,Bureau of Indian Affairs,0,None,32.30765,-112.55393611,Indian Reservation,1,Rollover/Overturn,0,Not a Collision with Motor Vehicle In-Transport,0,No,1,Non-Junction,1,Not an Intersection,None,4,On Roadside,1,Daylight,1,Clear,0,99,Unknown,,99,Unknown EMS Scene Arrival Hour,,99,Unknown,Unknown EMS Hospital Arrival Time,1,0
2016,4,Arizona,40159,2,2,0,0,3,3,0,25,YAVAPAI (25),NOT APPLICABLE,23,3,2016,4,Wednesday,8,8:00am-8:59am,57,This section IS ON the NHS,3,State Highway,SR-89A,,1,Rural,3,Principal Arterial - Other,1,State Highway Agency,444,444,34.80593889,-111.91046111,No Special Jurisdiction,12,Motor Vehicle In-Transport,2,Front-to-Front,0,No,1,Non-Junction,1,Not an Intersection,None,1,On Roadway,1,Daylight,1,Clear,0,9,9:00am-9:59am,9,9,9:00am-9:59am,9,10,10:00am-10:59am,12,1,1
2016,4,Arizona,40160,1,1,0,0,1,1,0,13,MARICOPA (13),PHOENIX,27,3,2016,1,Sunday,3,3:00am-3:59am,24,This section IS ON the NHS,1,Interstate,I-17 RAMP,,2,Urban,1,Interstate,1,State Highway Agency,60,60,33.46389444,-112.10960278,No Special Jurisdiction,41,Shrubbery,0,Not a Collision with Motor Vehicle In-Transport,1,Yes,5,Entrance/Exit Ramp Related,1,Not an Intersection,None,4,On Roadside,2,Dark - Not Lighted,1,Clear,0,3,3:00am-3:59am,24,3,3:00am-3:59am,35,88,Not Applicable (Not Transported),Not Applicable (Not Transported),1,1
2016,4,Arizona,40161,1,1,0,0,1,1,0,13,MARICOPA (13),SURPRISE,31,3,2016,5,Thursday,23,11:00pm-11:59pm,48,This section IS NOT on the NHS,6,Local Street - Municipality,LITCHFIELD RD,PEORIA AVE,2,Urban,4,Minor Arterial,4,City or Municipal Highway Agency,0,None,33.58041944,-112.35903611,No Special Jurisdiction,18,Other Object (not fixed),0,Not a Collision with Motor Vehicle In-Transport,0,No,3,Intersection-Related,2,Four-Way Intersection,Construction,4,On Roadside,3,Dark - Lighted,1,Clear,0,23,11:00pm-11:59pm,49,23,11:00pm-11:59pm,57,88,Not Applicable (Not Transported),Not Applicable (Not Transported),1,1
2016,4,Arizona,40162,1,1,0,0,1,1,0,13,MARICOPA (13),NOT APPLICABLE,1,4,2016,6,Friday,14,2:00pm-2:59pm,30,This section IS ON the NHS,1,Interstate,I-17,,1,Rural,1,Interstate,1,State Highway Agency,440,440,33.99631389,-112.13395278,No Special Jurisdiction,35,Embankment,0,Not a Collision with Motor Vehicle In-Transport,0,No,1,Non-Junction,1,Not an Intersection,None,3,On Median,1,Daylight,1,Clear,0,14,2:00pm-2:59pm,30,14,2:00pm-2:59pm,44,88,Not Applicable (Not Transported),Not Applicable (Not Transported),1,0
2016,4,Arizona,40163,1,1,0,1,1,1,1,13,MARICOPA (13),SCOTTSDALE,1,4,2016,6,Friday,20,8:00pm-8:59pm,55,This section IS ON the NHS,6,Local Street - Municipality,SCOTTSDALE RD,,2,Urban,3,Principal Arterial - Other,4,City or Municipal Highway Agency,0,None,33.4628,-111.92636944,No Special Jurisdiction,8,Pedestrian,0,Not a Collision with Motor Vehicle In-Transport,0,No,1,Non-Junction,1,Not an Intersection,None,1,On Roadway,3,Dark - Lighted,1,Clear,0,21,9:00pm-9:59pm,0,21,9:00pm-9:59pm,12,21,9:00pm-9:59pm,16,1,0
2016,4,Arizona,40164,2,2,0,0,3,3,0,21,PINAL (21),APACHE JUNCTION,1,4,2016,6,Friday,21,9:00pm-9:59pm,31,This section IS NOT on the NHS,6,Local Street - Municipality,IRONWOOD DR,ROUNDUP ST,2,Urban,4,Minor Arterial,4,City or Municipal Highway Agency,0,None,33.42598333,-111.56343333,No Special Jurisdiction,12,Motor Vehicle In-Transport,6,Angle,0,No,2,Intersection,2,Four-Way Intersection,None,1,On Roadway,3,Dark - Lighted,1,Clear,0,21,9:00pm-9:59pm,31,21,9:00pm-9:59pm,35,22,10:00pm-10:59pm,33,1,0
2016,4,Arizona,40166,2,2,0,0,2,2,0,17,NAVAJO (17),NOT APPLICABLE,2,4,2016,7,Saturday,1,1:00am-1:59am,24,This section IS NOT on the NHS,3,State Highway,SR-277,,1,Rural,5,Major Collector,1,State Highway Agency,27,27,34.43805556,-110.53531667,No Special Jurisdiction,12,Motor Vehicle In-Transport,2,Front-to-Front,0,No,1,Non-Junction,1,Not an Intersection,None,1,On Roadway,2,Dark - Not Lighted,1,Clear,0,1,1:00am-1:59am,25,1,1:00am-1:59am,39,88,Not Applicable (Not Transported),Not Applicable (Not Transported),1,0
2016,4,Arizona,40167,1,1,0,1,1,1,1,13,MARICOPA (13),SCOTTSDALE,2,4,2016,7,Saturday,3,3:00am-3:59am,22,This section IS NOT on the NHS,6,Local Street - Municipality,HAYDEN RD,,2,Urban,3,Principal Arterial - Other,4,City or Municipal Highway Agency,0,None,33.48248611,-111.90902778,No Special Jurisdiction,8,Pedestrian,0,Not a Collision with Motor Vehicle In-Transport,0,No,1,Non-Junction,1,Not an Intersection,None,1,On Roadway,3,Dark - Lighted,1,Clear,0,3,3:00am-3:59am,23,3,3:00am-3:59am,29,88,Not Applicable (Not Transported),Not Applicable (Not Transported),1,0
2016,4,Arizona,40168,2,2,0,0,2,2,0,25,YAVAPAI (25),PRESCOTT VALLEY,2,4,2016,7,Saturday,12,12:00pm-12:59pm,31,This section IS ON the NHS,3,State Highway,SR-69,,2,Urban,3,Principal Arterial - Other,1,State Highway Agency,237,237,34.57756667,-112.29223056,No Special Jurisdiction,12,Motor Vehicle In-Transport,1,Front-to-Rear,0,No,1,Non-Junction,1,Not an Intersection,None,1,On Roadway,1,Daylight,1,Clear,0,12,12:00pm-12:59pm,31,12,12:00pm-12:59pm,31,12,12:00pm-12:59pm,51,1,0
2016,4,Arizona,40169,2,2,0,0,3,3,0,13,MARICOPA (13),GILBERT,4,4,2016,2,Monday,14,2:00pm-2:59pm,0,This section IS NOT on the NHS,6,Local Street - Municipality,VAL VISTA DR,,2,Urban,3,Principal Arterial - Other,3,Town or Township Highway Agency,0,None,33.32125,-111.75772778,No Special Jurisdiction,12,Motor Vehicle In-Transport,6,Angle,0,No,8,Driveway Access Related,1,Not an Intersection,None,1,On Roadway,1,Daylight,1,Clear,0,14,2:00pm-2:59pm,1,14,2:00pm-2:59pm,5,14,2:00pm-2:59pm,45,1,0
2016,4,Arizona,40170,2,2,0,0,2,2,0,13,MARICOPA (13),SCOTTSDALE,4,4,2016,2,Monday,16,4:00pm-4:59pm,6,This section IS NOT on the NHS,6,Local Street - Municipality,INDIAN BEND RD,,2,Urban,4,Minor Arterial,4,City or Municipal Highway Agency,0,None,33.53845,-111.90643889,No Special Jurisdiction,12,Motor Vehicle In-Transport,99,Unknown,0,No,8,Driveway Access Related,1,Not an Intersection,None,1,On Roadway,1,Daylight,1,Clear,0,16,4:00pm-4:59pm,6,16,4:00pm-4:59pm,12,88,Not Applicable (Not Transported),Not Applicable (Not Transported),1,0
2016,4,Arizona,40171,1,1,0,0,2,2,0,17,NAVAJO (17),NOT APPLICABLE,6,4,2016,4,Wednesday,13,1:00pm-1:59pm,0,This section IS NOT on the NHS,3,State Highway,SR-264,,1,Rural,4,Minor Arterial,1,State Highway Agency,743,743,35.83910556,-110.30724444,Indian Reservation,38,Fence,0,Not a Collision with Motor Vehicle In-Transport,0,No,1,Non-Junction,1,Not an Intersection,None,4,On Roadside,1,Daylight,1,Clear,0,13,1:00pm-1:59pm,11,13,1:00pm-1:59pm,20,99,Unknown,Unknown EMS Hospital Arrival Time,1,0
2016,4,Arizona,40172,4,4,0,0,6,6,0,19,PIMA (19),MARANA,6,4,2016,4,Wednesday,13,1:00pm-1:59pm,35,This section IS NOT on the NHS,5,Local Street - Township,THORNYDALE RD,COSTCO DR,2,Urban,3,Principal Arterial - Other,3,Town or Township Highway Agency,0,None,32.326025,-111.04589444,No Special Jurisdiction,59,Traffic Sign Support,0,Not a Collision with Motor Vehicle In-Transport,0,No,1,Non-Junction,1,Not an Intersection,None,4,On Roadside,1,Daylight,1,Clear,0,99,Unknown,,99,Unknown EMS Scene Arrival Hour,,88,Not Applicable (Not Transported),Not Applicable (Not Transported),1,0
2016,4,Arizona,40173,1,1,0,1,1,1,1,13,MARICOPA (13),MESA,6,4,2016,4,Wednesday,23,11:00pm-11:59pm,48,This section IS NOT on the NHS,6,Local Street - Municipality,ALMA SCHOOL RD,UNIVERSITY DR,2,Urban,3,Principal Arterial - Other,4,City or Municipal Highway Agency,0,None,33.42196667,-111.85639722,No Special Jurisdiction,8,Pedestrian,0,Not a Collision with Motor Vehicle In-Transport,0,No,3,Intersection-Related,2,Four-Way Intersection,None,1,On Roadway,3,Dark - Lighted,10,Cloudy,0,23,11:00pm-11:59pm,47,23,11:00pm-11:59pm,50,88,Not Applicable (Not Transported),Not Applicable (Not Transported),1,0
2016,4,Arizona,40174,1,1,0,1,1,1,1,21,PINAL (21),MARICOPA,8,4,2016,6,Friday,19,7:00pm-7:59pm,27,This section IS ON the NHS,3,State Highway,SR-347 JOHN WAYNE PKWY,MARICOPA CASA GRANDE HWY,2,Urban,3,Principal Arterial - Other,1,State Highway Agency,126,126,33.05719444,-112.04798333,No Special Jurisdiction,8,Pedestrian,0,Not a Collision with Motor Vehicle In-Transport,0,No,3,Intersection-Related,3,T-Intersection,None,1,On Roadway,3,Dark - Lighted,10,Cloudy,0,19,7:00pm-7:59pm,30,19,7:00pm-7:59pm,34,20,8:00pm-8:59pm,6,1,0
2016,4,Arizona,40176,2,2,0,0,2,2,0,13,MARICOPA (13),GILBERT,9,4,2016,7,Saturday,9,9:00am-9:59am,27,This section IS NOT on the NHS,5,Local Street - Township,GERMANN RD,RESEDA ST,2,Urban,4,Minor Arterial,3,Town or Township Highway Agency,0,None,33.27758056,-111.73168333,No Special Jurisdiction,12,Motor Vehicle In-Transport,1,Front-to-Rear,0,No,3,Intersection-Related,3,T-Intersection,None,1,On Roadway,1,Daylight,1,Clear,0,9,9:00am-9:59am,27,9,9:00am-9:59am,37,9,9:00am-9:59am,53,1,0
2016,4,Arizona,40177,1,1,0,0,3,3,0,13,MARICOPA (13),PEORIA,9,4,2016,7,Saturday,18,6:00pm-6:59pm,2,This section IS NOT on the NHS,6,Local Street - Municipality,FIRE SERVICE RD,,1,Rural,7,Local,98,Not Reported,0,None,33.83279722,-112.23683056,No Special Jurisdiction,1,Rollover/Overturn,0,Not a Collision with Motor Vehicle In-Transport,0,No,1,Non-Junction,1,Not an Intersection,None,1,On Roadway,1,Daylight,1,Clear,0,18,6:00pm-6:59pm,2,18,6:00pm-6:59pm,19,19,7:00pm-7:59pm,1,1,1
2016,4,Arizona,40178,2,2,0,0,2,2,0,19,PIMA (19),TUCSON,9,4,2016,7,Saturday,22,10:00pm-10:59pm,18,This section IS NOT on the NHS,6,Local Street - Municipality,HARRISON RD,PIKES PEAK DR,2,Urban,4,Minor Arterial,4,City or Municipal Highway Agency,0,None,32.20331389,-110.78980833,No Special Jurisdiction,12,Motor Vehicle In-Transport,6,Angle,0,No,2,Intersection,3,T-Intersection,None,1,On Roadway,3,Dark - Lighted,10,Cloudy,0,22,10:00pm-10:59pm,18,22,10:00pm-10:59pm,23,22,10:00pm-10:59pm,37,2,1
2016,4,Arizona,40180,3,1,2,0,2,1,1,25,YAVAPAI (25),PRESCOTT,10,4,2016,1,Sunday,17,5:00pm-5:59pm,13,This section IS NOT on the NHS,3,State Highway,SR-89 SHELDON ST,GURLEY ST,2,Urban,4,Minor Arterial,4,City or Municipal Highway Agency,531,531,34.54467778,-112.45324444,No Special Jurisdiction,33,Curb,0,Not a Collision with Motor Vehicle In-Transport,0,No,3,Intersection-Related,3,T-Intersection,None,4,On Roadside,1,Daylight,10,Cloudy,0,17,5:00pm-5:59pm,14,17,5:00pm-5:59pm,19,88,Not Applicable (Not Transported),Not Applicable (Not Transported),1,0
2016,4,Arizona,40181,1,1,0,1,1,1,1,13,MARICOPA (13),MESA,11,4,2016,2,Monday,14,2:00pm-2:59pm,26,This section IS NOT on the NHS,6,Local Street - Municipality,MAIN ST,DOBSON RD,2,Urban,3,Principal Arterial - Other,4,City or Municipal Highway Agency,0,None,33.41473056,-111.87454167,No Special Jurisdiction,15,Non-Motorist on Personal Conveyance,0,Not a Collision with Motor Vehicle In-Transport,0,No,3,Intersection-Related,2,Four-Way Intersection,None,1,On Roadway,1,Daylight,1,Clear,0,14,2:00pm-2:59pm,26,14,2:00pm-2:59pm,30,14,2:00pm-2:59pm,55,1,0
2016,4,Arizona,40182,1,1,0,0,1,1,0,3,COCHISE (3),SIERRA VISTA,11,4,2016,2,Monday,16,4:00pm-4:59pm,52,This section IS NOT on the NHS,6,Local Street - Municipality,MARTIN LUTHER KING PKWY,,2,Urban,4,Minor Arterial,4,City or Municipal Highway Agency,0,None,31.55852778,-110.26992778,No Special Jurisdiction,33,Curb,0,Not a Collision with Motor Vehicle In-Transport,0,No,1,Non-Junction,1,Not an Intersection,None,4,On Roadside,9,Unknown,10,Cloudy,0,99,Unknown,,99,Unknown EMS Scene Arrival Hour,,99,Unknown,Unknown if Transported,1,1
2016,4,Arizona,40183,1,1,0,0,1,1,0,13,MARICOPA (13),SCOTTSDALE,17,4,2016,1,Sunday,11,11:00am-11:59am,6,This section IS NOT on the NHS,6,Local Street - Municipality,100TH ST,VOGEL AVE,2,Urban,7,Local,98,Not Reported,0,None,33.57496389,-111.86861944,No Special Jurisdiction,33,Curb,0,Not a Collision with Motor Vehicle In-Transport,0,No,3,Intersection-Related,3,T-Intersection,None,4,On Roadside,1,Daylight,1,Clear,0,99,Unknown,,99,Unknown EMS Scene Arrival Hour,,88,Not Applicable (Not Transported),Not Applicable (Not Transported),1,0
2016,4,Arizona,40184,2,2,0,0,2,2,0,19,PIMA (19),TUCSON,19,4,2016,3,Tuesday,7,7:00am-7:59am,38,This section IS ON the NHS,3,State Highway,SR-210 AVIATION PKWY,,2,Urban,2,Principal Arterial - Other Freeways and Expressways,1,State Highway Agency,11,11,32.2121,-110.94955278,No Special Jurisdiction,12,Motor Vehicle In-Transport,1,Front-to-Rear,1,Yes,18,Through Roadway,1,Not an Intersection,None,1,On Roadway,1,Daylight,1,Clear,0,7,7:00am-7:59am,39,7,7:00am-7:59am,41,7,7:00am-7:59am,55,1,0
2016,4,Arizona,40185,1,1,0,0,1,1,0,13,MARICOPA (13),SCOTTSDALE,20,4,2016,4,Wednesday,2,2:00am-2:59am,47,This section IS NOT on the NHS,6,Local Street - Municipality,THUNDERBIRD RD,,2,Urban,5,Major Collector,4,City or Municipal Highway Agency,0,None,33.61158333,-111.88346667,No Special Jurisdiction,42,Tree (Standing Only),0,Not a Collision with Motor Vehicle In-Transport,0,No,1,Non-Junction,1,Not an Intersection,None,3,On Median,3,Dark - Lighted,1,Clear,0,2,2:00am-2:59am,48,2,2:00am-2:59am,56,3,3:00am-3:59am,31,1,1
2016,4,Arizona,40186,2,2,0,0,8,8,0,17,NAVAJO (17),NOT APPLICABLE,22,4,2016,6,Friday,19,7:00pm-7:59pm,13,This section IS ON the NHS,1,Interstate,I-40,,1,Rural,1,Interstate,1,State Highway Agency,3010,3010,34.99336944,-109.94058611,No Special Jurisdiction,1,Rollover/Overturn,0,Not a Collision with Motor Vehicle In-Transport,0,No,1,Non-Junction,1,Not an Intersection,None,1,On Roadway,2,Dark - Not Lighted,1,Clear,0,19,7:00pm-7:59pm,14,19,7:00pm-7:59pm,28,21,9:00pm-9:59pm,0,2,0
2016,4,Arizona,40187,1,1,0,0,5,5,0,7,GILA (7),NOT APPLICABLE,25,4,2016,2,Monday,21,9:00pm-9:59pm,51,This section IS NOT on the NHS,3,State Highway,SR-87,,1,Rural,4,Minor Arterial,1,State Highway Agency,1489,1489,34.37204167,-111.44502222,No Special Jurisdiction,42,Tree (Standing Only),0,Not a Collision with Motor Vehicle In-Transport,0,No,1,Non-Junction,1,Not an Intersection,None,4,On Roadside,2,Dark - Not Lighted,1,Clear,0,21,9:00pm-9:59pm,53,22,10:00pm-10:59pm,2,23,11:00pm-11:59pm,23,4,0
2016,4,Arizona,40188,1,1,0,0,1,1,0,13,MARICOPA (13),PEORIA,26,4,2016,3,Tuesday,22,10:00pm-10:59pm,55,This section IS ON the NHS,2,U.S. Highway,US-60 GRAND AVE,,2,Urban,3,Principal Arterial - Other,1,State Highway Agency,1218,1218,33.56176111,-112.21241111,No Special Jurisdiction,1,Rollover/Overturn,0,Not a Collision with Motor Vehicle In-Transport,0,No,1,Non-Junction,1,Not an Intersection,None,3,On Median,3,Dark - Lighted,1,Clear,0,22,10:00pm-10:59pm,56,23,11:00pm-11:59pm,1,23,11:00pm-11:59pm,40,1,1
2016,4,Arizona,40189,1,1,0,0,2,2,0,13,MARICOPA (13),NOT APPLICABLE,27,4,2016,4,Wednesday,18,6:00pm-6:59pm,47,This section IS ON the NHS,1,Interstate,I-10,,1,Rural,1,Interstate,1,State Highway Agency,861,861,33.52091667,-113.07342222,No Special Jurisdiction,1,Rollover/Overturn,0,Not a Collision with Motor Vehicle In-Transport,1,Yes,19,Other location within Interchange Area,1,Not an Intersection,None,4,On Roadside,5,Dusk,1,Clear,0,18,6:00pm-6:59pm,47,19,7:00pm-7:59pm,7,20,8:00pm-8:59pm,16,1,0
2016,4,Arizona,40190,1,1,0,0,1,1,0,19,PIMA (19),MARANA,29,4,2016,6,Friday,19,7:00pm-7:59pm,14,This section IS NOT on the NHS,5,Local Street - Township,SILVERBELL RD,JACKSON FLATS TRL,2,Urban,7,Local,98,Not Reported,0,None,32.395375,-111.15076111,No Special Jurisdiction,17,Boulder,0,Not a Collision with Motor Vehicle In-Transport,0,No,1,Non-Junction,1,Not an Intersection,None,4,On Roadside,5,Dusk,1,Clear,0,19,7:00pm-7:59pm,15,19,7:00pm-7:59pm,25,99,Unknown,Unknown EMS Hospital Arrival Time,1,0
2016,4,Arizona,40192,1,1,0,1,1,1,1,13,MARICOPA (13),PHOENIX,9,3,2016,4,Wednesday,19,7:00pm-7:59pm,36,This section IS NOT on the NHS,6,Local Street - Municipality,35TH AVE,SHERMAN ST,2,Urban,3,Principal Arterial - Other,4,City or Municipal Highway Agency,0,None,33.440575,-112.13455833,No Special Jurisdiction,8,Pedestrian,0,Not a Collision with Motor Vehicle In-Transport,0,No,2,Intersection,2,Four-Way Intersection,None,1,On Roadway,3,Dark - Lighted,1,Clear,0,19,7:00pm-7:59pm,38,19,7:00pm-7:59pm,41,20,8:00pm-8:59pm,2,1,0
2016,4,Arizona,40193,1,1,0,1,1,1,1,13,MARICOPA (13),SCOTTSDALE,13,3,2016,1,Sunday,22,10:00pm-10:59pm,21,This section IS NOT on the NHS,6,Local Street - Municipality,HAYDEN RD,,2,Urban,3,Principal Arterial - Other,4,City or Municipal Highway Agency,0,None,33.50328889,-111.90861667,No Special Jurisdiction,8,Pedestrian,0,Not a Collision with Motor Vehicle In-Transport,0,No,1,Non-Junction,1,Not an Intersection,None,1,On Roadway,3,Dark - Lighted,1,Clear,0,22,10:00pm-10:59pm,20,22,10:00pm-10:59pm,25,88,Not Applicable (Not Transported),Not Applicable (Not Transported),1,0
2016,4,Arizona,40194,1,1,0,0,4,4,0,21,PINAL (21),KEARNY,27,3,2016,1,Sunday,10,10:00am-10:59am,48,This section IS NOT on the NHS,3,State Highway,SR-177,UPTON DR,1,Rural,5,Major Collector,1,State Highway Agency,96,96,33.05856389,-110.90379444,No Special Jurisdiction,33,Curb,0,Not a Collision with Motor Vehicle In-Transport,0,No,3,Intersection-Related,2,Four-Way Intersection,None,4,On Roadside,1,Daylight,1,Clear,0,10,10:00am-10:59am,48,11,11:00am-11:59am,14,99,Unknown,Unknown EMS Hospital Arrival Time,1,0
2016,4,Arizona,40195,1,1,0,0,1,1,0,13,MARICOPA (13),TEMPE,17,4,2016,1,Sunday,10,10:00am-10:59am,6,This section IS NOT on the NHS,6,Local Street - Municipality,BROADWAY RD,,2,Urban,3,Principal Arterial - Other,4,City or Municipal Highway Agency,0,None,33.40745556,-111.90176667,No Special Jurisdiction,33,Curb,0,Not a Collision with Motor Vehicle In-Transport,0,No,1,Non-Junction,1,Not an Intersection,None,3,On Median,1,Daylight,1,Clear,0,10,10:00am-10:59am,11,10,10:00am-10:59am,17,10,10:00am-10:59am,55,1,0