AccidentYear,STATE,STATENAME,ST_CASE,VE_TOTAL,VE_FORMS,PVH_INVL,PEDS,PERSONS,PERMVIT,PERNOTMVIT,COUNTY,COUNTYNAME,CITYNAME,DAY,MONTH,YEAR,DAY_WEEK,DAY_WEEKNAME,HOUR,HOURNAME,MINUTENAME,NHSNAME,ROUTE,ROUTENAME,TWAY_ID,TWAY_ID2,RUR_URB,RUR_URBNAME,FUNC_SYS,FUNC_SYSNAME,RD_OWNER,RD_OWNERNAME,MILEPT,MILEPTNAME,LATITUDENAME,LONGITUDNAME,SP_JURNAME,HARM_EV,HARM_EVNAME,MAN_COLL,MAN_COLLNAME,RELJCT1,RELJCT1NAME,RELJCT2,RELJCT2NAME,TYP_INT,TYP_INTNAME,WRK_ZONENAME,REL_ROAD,REL_ROADNAME,LGT_COND,LGT_CONDNAME,WEATHER,WEATHERNAME,SCH_BUS,NOT_HOUR,NOT_HOURNAME,NOT_MINNAME,ARR_HOUR,ARR_HOURNAME,ARR_MINNAME,HOSP_HR,HOSP_HRNAME,HOSP_MNNAME,FATALS,DRUNK_DR
2016,4,Arizona,40293,1,1,0,1,1,1,1,19,PIMA (19),MARANA,19,5,2016,5,Thursday,2,2:00am-2:59am,43,This section IS ON the NHS,1,Interstate,I-10,,2,Urban,1,Interstate,1,State Highway Agency,2425,2425,32.40813333,-111.14128056,No Special Jurisdiction,8,Pedestrian,0,Not a Collision with Motor Vehicle In-Transport,0,No,1,Non-Junction,1,Not an Intersection,None,1,On Roadway,2,Dark - Not Lighted,1,Clear,0,2,2:00am-2:59am,43,2,2:00am-2:59am,54,88,Not Applicable (Not Transported),Not Applicable (Not Transported),1,0
2016,4,Arizona,40294,2,2,0,0,3,3,0,13,MARICOPA (13),BUCKEYE,20,5,2016,6,Friday,3,3:00am-3:59am,39,This section IS ON the NHS,1,Interstate,I-10,,2,Urban,1,Interstate,1,State Highway Agency,1138,1138,33.42828056,-112.60816944,No Special Jurisdiction,12,Motor Vehicle In-Transport,2,Front-to-Front,0,No,1,Non-Junction,1,Not an Intersection,None,1,On Roadway,2,Dark - Not Lighted,1,Clear,0,3,3:00am-3:59am,40,3,3:00am-3:59am,52,4,4:00am-4:59am,26,1,1
2016,4,Arizona,40295,1,1,0,0,1,1,0,15,MOHAVE (15),NOT APPLICABLE,20,5,2016,6,Friday,8,8:00am-8:59am,45,This section IS NOT on the NHS,5,Local Street - Township,OLD HIGHWAY 93,,1,Rural,7,Local,98,Not Reported,0,None,35.13543056,-113.7252,No Special Jurisdiction,34,Ditch,0,Not a Collision with Motor Vehicle In-Transport,0,No,1,Non-Junction,1,Not an Intersection,None,4,On Roadside,2,Dark - Not Lighted,1,Clear,0,8,8:00am-8:59am,56,9,9:00am-9:59am,14,88,Not Applicable (Not Transported),Not Applicable (Not Transported),1,1
2016,4,Arizona,40296,1,1,0,0,2,2,0,1,APACHE (1),NOT APPLICABLE,21,5,2016,7,Saturday,19,7:00pm-7:59pm,23,This section IS ON the NHS,2,U.S. Highway,US-160,,1,Rural,3,Principal Arterial - Other,1,State Highway Agency,1003,1003,36.79376667,-109.94148889,Indian Reservation,1,Rollover/Overturn,0,Not a Collision with Motor Vehicle In-Transport,0,No,1,Non-Junction,1,Not an Intersection,None,4,On Roadside,2,Dark - Not Lighted,1,Clear,0,19,7:00pm-7:59pm,14,19,7:00pm-7:59pm,35,99,Unknown,Unknown EMS Hospital Arrival Time,1,1
2016,4,Arizona,40297,1,1,0,0,2,2,0,13,MARICOPA (13),NOT APPLICABLE,22,5,2016,1,Sunday,6,6:00am-6:59am,8,This section IS NOT on the NHS,3,State Highway,SR-74,,1,Rural,5,Major Collector,1,State Highway Agency,90,90,33.83841111,-112.48168333,No Special Jurisdiction,1,Rollover/Overturn,0,Not a Collision with Motor Vehicle In-Transport,0,No,1,Non-Junction,1,Not an Intersection,None,4,On Roadside,4,Dawn,1,Clear,0,6,6:00am-6:59am,8,6,6:00am-6:59am,32,7,7:00am-7:59am,27,1,0
2016,4,Arizona,40298,1,1,0,0,1,1,0,21,PINAL (21),CASA GRANDE,23,5,2016,2,Monday,3,3:00am-3:59am,46,This section IS NOT on the NHS,6,Local Street - Municipality,MIDWAY RD,,1,Rural,7,Local,4,City or Municipal Highway Agency,0,None,32.87519722,-111.87761389,No Special Jurisdiction,1,Rollover/Overturn,0,Not a Collision with Motor Vehicle In-Transport,0,No,1,Non-Junction,1,Not an Intersection,None,4,On Roadside,2,Dark - Not Lighted,1,Clear,0,3,3:00am-3:59am,52,4,4:00am-4:59am,0,88,Not Applicable (Not Transported),Not Applicable (Not Transported),1,0
2016,4,Arizona,40299,1,1,0,1,1,1,1,19,PIMA (19),TUCSON,25,5,2016,4,Wednesday,17,5:00pm-5:59pm,57,This section IS NOT on the NHS,6,Local Street - Municipality,BAINBRIDGE ST,CASTLE BAY ST,2,Urban,7,Local,98,Not Reported,0,None,32.10586389,-110.78628333,No Special Jurisdiction,15,Non-Motorist on Personal Conveyance,0,Not a Collision with Motor Vehicle In-Transport,0,No,3,Intersection-Related,2,Four-Way Intersection,None,1,On Roadway,1,Daylight,1,Clear,0,17,5:00pm-5:59pm,57,18,6:00pm-6:59pm,13,18,6:00pm-6:59pm,21,1,1
2016,4,Arizona,40300,1,1,0,0,1,1,0,15,MOHAVE (15),NOT APPLICABLE,25,5,2016,4,Wednesday,18,6:00pm-6:59pm,38,This section IS ON the NHS,2,U.S. Highway,US-93,,1,Rural,3,Principal Arterial - Other,1,State Highway Agency,1493,1493,34.48494167,-113.36435556,No Special Jurisdiction,1,Rollover/Overturn,0,Not a Collision with Motor Vehicle In-Transport,0,No,1,Non-Junction,1,Not an Intersection,None,3,On Median,5,Dusk,10,Cloudy,0,18,6:00pm-6:59pm,40,19,7:00pm-7:59pm,0,88,Not Applicable (Not Transported),Not Applicable (Not Transported),1,0
2016,4,Arizona,40301,2,2,0,0,3,3,0,19,PIMA (19),TUCSON,31,5,2016,3,Tuesday,19,7:00pm-7:59pm,13,This section IS NOT on the NHS,6,Local Street - Municipality,BROADWAY BLVD,,2,Urban,3,Principal Arterial - Other,4,City or Municipal Highway Agency,0,None,32.22149167,-110.86713611,No Special Jurisdiction,12,Motor Vehicle In-Transport,6,Angle,0,No,8,Driveway Access Related,1,Not an Intersection,None,1,On Roadway,1,Daylight,1,Clear,0,19,7:00pm-7:59pm,29,19,7:00pm-7:59pm,34,19,7:00pm-7:59pm,38,1,1
2016,4,Arizona,40302,3,3,0,0,4,4,0,13,MARICOPA (13),PHOENIX,12,5,2016,5,Thursday,17,5:00pm-5:59pm,46,This section IS ON the NHS,6,Local Street - Municipality,7TH ST,CLARENDON AVE,1,Rural,3,Principal Arterial - Other,4,City or Municipal Highway Agency,0,None,33.49105556,-112.06505,No Special Jurisdiction,12,Motor Vehicle In-Transport,6,Angle,0,No,2,Intersection,3,T-Intersection,None,1,On Roadway,1,Daylight,1,Clear,0,99,Unknown,,99,Unknown EMS Scene Arrival Hour,,99,Unknown,Unknown EMS Hospital Arrival Time,1,0
2016,4,Arizona,40303,2,2,0,0,3,3,0,13,MARICOPA (13),MESA,15,5,2016,1,Sunday,19,7:00pm-7:59pm,25,This section IS ON the NHS,6,Local Street - Municipality,POWER RD,UNIVERSITY DR,2,Urban,3,Principal Arterial - Other,4,City or Municipal Highway Agency,0,None,33.42286389,-111.68439167,No Special Jurisdiction,12,Motor Vehicle In-Transport,6,Angle,0,No,2,Intersection,2,Four-Way Intersection,None,1,On Roadway,3,Dark - Lighted,1,Clear,0,19,7:00pm-7:59pm,25,19,7:00pm-7:59pm,30,20,8:00pm-8:59pm,7,1,0
2016,4,Arizona,40304,1,1,0,1,1,1,1,13,MARICOPA (13),PHOENIX,19,5,2016,5,Thursday,22,10:00pm-10:59pm,44,This section IS ON the NHS,6,Local Street - Municipality,INDIAN SCHOOL RD,9TH ST,2,Urban,3,Principal Arterial - Other,4,City or Municipal Highway Agency,0,None,33.49468333,-112.06273889,No Special Jurisdiction,8,Pedestrian,0,Not a Collision with Motor Vehicle In-Transport,0,No,3,Intersection-Related,2,Four-Way Intersection,None,1,On Roadway,3,Dark - Lighted,1,Clear,0,22,10:00pm-10:59pm,44,22,10:00pm-10:59pm,48,23,11:00pm-11:59pm,1,1,0
2016,4,Arizona,40305,1,1,0,0,1,1,0,13,MARICOPA (13),GLENDALE,23,5,2016,2,Monday,19,7:00pm-7:59pm,23,This section IS ON the NHS,6,Local Street - Municipality,NORTHERN PKWY RAMP,SR-303,2,Urban,3,Principal Arterial - Other,1,State Highway Agency,0,None,33.55978333,-112.41511667,No Special Jurisdiction,1,Rollover/Overturn,0,Not a Collision with Motor Vehicle In-Transport,1,Yes,5,Entrance/Exit Ramp Related,1,Not an Intersection,None,4,On Roadside,1,Daylight,1,Clear,0,99,Unknown,,99,Unknown EMS Scene Arrival Hour,,99,Unknown,Unknown EMS Hospital Arrival Time,1,0
2016,4,Arizona,40306,1,1,0,0,1,1,0,13,MARICOPA (13),PHOENIX,29,5,2016,1,Sunday,15,3:00pm-3:59pm,58,This section IS ON the NHS,1,Interstate,I-10,,2,Urban,1,Interstate,1,State Highway Agency,1421,1421,33.46195,-112.12736667,No Special Jurisdiction,35,Embankment,0,Not a Collision with Motor Vehicle In-Transport,0,No,1,Non-Junction,1,Not an Intersection,None,4,On Roadside,1,Daylight,1,Clear,0,15,3:00pm-3:59pm,58,16,4:00pm-4:59pm,2,16,4:00pm-4:59pm,30,1,0
2016,4,Arizona,40307,2,2,0,0,2,2,0,17,NAVAJO (17),NOT APPLICABLE,29,5,2016,1,Sunday,1,1:00am-1:59am,56,This section IS ON the NHS,3,State Highway,SR-260,,2,Urban,3,Principal Arterial - Other,1,State Highway Agency,1745,1745,34.11191944,-109.91398333,No Special Jurisdiction,31,"Post, Pole or Other Supports",0,Not a Collision with Motor Vehicle In-Transport,0,No,1,Non-Junction,1,Not an Intersection,None,3,On Median,2,Dark - Not Lighted,1,Clear,0,2,2:00am-2:59am,8,2,2:00am-2:59am,16,99,Unknown,Unknown EMS Hospital Arrival Time,1,2
2016,4,Arizona,40308,2,2,0,0,2,2,0,13,MARICOPA (13),TEMPE,18,5,2016,4,Wednesday,13,1:00pm-1:59pm,21,This section IS NOT on the NHS,6,Local Street - Municipality,BASELINE RD,,2,Urban,3,Principal Arterial - Other,4,City or Municipal Highway Agency,0,None,33.37853333,-111.90392222,No Special Jurisdiction,1,Rollover/Overturn,0,Not a Collision with Motor Vehicle In-Transport,0,No,8,Driveway Access Related,1,Not an Intersection,None,1,On Roadway,1,Daylight,1,Clear,0,13,1:00pm-1:59pm,21,13,1:00pm-1:59pm,24,13,1:00pm-1:59pm,44,1,0
2016,4,Arizona,40309,1,1,0,1,2,2,1,13,MARICOPA (13),TEMPE,19,5,2016,5,Thursday,21,9:00pm-9:59pm,14,This section IS NOT on the NHS,6,Local Street - Municipality,BASELINE RD,,2,Urban,3,Principal Arterial - Other,4,City or Municipal Highway Agency,0,None,33.37826111,-111.92578333,No Special Jurisdiction,8,Pedestrian,0,Not a Collision with Motor Vehicle In-Transport,0,No,1,Non-Junction,1,Not an Intersection,None,11,Continuous Left - Turn Lane,3,Dark - Lighted,1,Clear,0,21,9:00pm-9:59pm,16,21,9:00pm-9:59pm,19,21,9:00pm-9:59pm,42,1,0
2016,4,Arizona,40310,1,1,0,0,2,2,0,25,YAVAPAI (25),NOT APPLICABLE,21,5,2016,7,Saturday,17,5:00pm-5:59pm,10,This section IS NOT on the NHS,8,Other,FOREST SERVICE RD 761,,1,Rural,7,Local,98,Not Reported,0,None,34.88333889,-111.97875,No Special Jurisdiction,1,Rollover/Overturn,0,Not a Collision with Motor Vehicle In-Transport,0,No,1,Non-Junction,1,Not an Intersection,None,1,On Roadway,1,Daylight,1,Clear,0,17,5:00pm-5:59pm,12,17,5:00pm-5:59pm,23,18,6:00pm-6:59pm,30,1,0
2016,4,Arizona,40311,1,1,0,0,1,1,0,17,NAVAJO (17),NOT APPLICABLE,11,4,2016,2,Monday,13,1:00pm-1:59pm,30,This section IS ON the NHS,2,U.S. Highway,US-160,,1,Rural,3,Principal Arterial - Other,1,State Highway Agency,717,717,36.66133333,-110.41883333,Indian Reservation,35,Embankment,0,Not a Collision with Motor Vehicle In-Transport,0,No,1,Non-Junction,1,Not an Intersection,None,4,On Roadside,1,Daylight,98,Not Reported,0,99,Unknown,,99,Unknown EMS Scene Arrival Hour,,88,Not Applicable (Not Transported),Not Applicable (Not Transported),1,0
2016,4,Arizona,40312,2,2,0,0,2,2,0,19,PIMA (19),NOT APPLICABLE,3,5,2016,3,Tuesday,17,5:00pm-5:59pm,47,This section IS NOT on the NHS,3,State Highway,SR-83,I-10 FRONTAGE RD,2,Urban,5,Major Collector,1,State Highway Agency,531,531,32.00391389,-110.68973333,No Special Jurisdiction,12,Motor Vehicle In-Transport,6,Angle,1,Yes,2,Intersection,3,T-Intersection,None,1,On Roadway,1,Daylight,1,Clear,0,17,5:00pm-5:59pm,47,17,5:00pm-5:59pm,55,88,Not Applicable (Not Transported),Not Applicable (Not Transported),1,0
2016,4,Arizona,40313,1,1,0,0,1,1,0,11,GREENLEE (11),DUNCAN,5,5,2016,5,Thursday,18,6:00pm-6:59pm,30,This section IS NOT on the NHS,3,State Highway,SR-75,,1,Rural,5,Major Collector,1,State Highway Agency,9,9,32.72934722,-109.093725,No Special Jurisdiction,59,Traffic Sign Support,0,Not a Collision with Motor Vehicle In-Transport,0,No,1,Non-Junction,1,Not an Intersection,None,4,On Roadside,1,Daylight,1,Clear,0,18,6:00pm-6:59pm,32,18,6:00pm-6:59pm,40,88,Not Applicable (Not Transported),Not Applicable (Not Transported),1,1
2016,4,Arizona,40314,2,1,1,0,6,2,4,23,SANTA CRUZ (23),NOT APPLICABLE,7,5,2016,7,Saturday,3,3:00am-3:59am,10,This section IS ON the NHS,1,Interstate,I-19,,1,Rural,1,Interstate,1,State Highway Agency,262,262,31.67148889,-111.06352778,No Special Jurisdiction,14,Parked Motor Vehicle,0,Not a Collision with Motor Vehicle In-Transport,1,Yes,19,Other location within Interchange Area,1,Not an Intersection,None,2,On Shoulder,2,Dark - Not Lighted,1,Clear,0,3,3:00am-3:59am,6,3,3:00am-3:59am,11,99,Unknown,Unknown EMS Hospital Arrival Time,1,0
2016,4,Arizona,40315,5,3,2,2,8,6,4,25,YAVAPAI (25),NOT APPLICABLE,7,5,2016,7,Saturday,9,9:00am-9:59am,48,This section IS ON the NHS,1,Interstate,I-40,,1,Rural,1,Interstate,1,State Highway Agency,1275,1275,35.28034722,-112.78410833,No Special Jurisdiction,12,Motor Vehicle In-Transport,6,Angle,0,No,1,Non-Junction,1,Not an Intersection,None,1,On Roadway,1,Daylight,3,Sleet or Hail,0,9,9:00am-9:59am,46,10,10:00am-10:59am,7,99,Unknown,Unknown EMS Hospital Arrival Time,2,0
2016,4,Arizona,40316,3,3,0,0,5,5,0,3,COCHISE (3),WILLCOX,10,5,2016,3,Tuesday,23,11:00pm-11:59pm,3,This section IS ON the NHS,1,Interstate,I-10,,1,Rural,1,Interstate,1,State Highway Agency,3415,3415,32.26847222,-109.84208611,No Special Jurisdiction,12,Motor Vehicle In-Transport,99,Unknown,1,Yes,18,Through Roadway,1,Not an Intersection,None,1,On Roadway,3,Dark - Lighted,1,Clear,0,23,11:00pm-11:59pm,3,23,11:00pm-11:59pm,5,99,Unknown,Unknown EMS Hospital Arrival Time,1,0
2016,4,Arizona,40317,2,2,0,0,2,2,0,25,YAVAPAI (25),NOT APPLICABLE,13,5,2016,6,Friday,9,9:00am-9:59am,55,This section IS ON the NHS,3,State Highway,SR-69,,1,Rural,3,Principal Arterial - Other,1,State Highway Agency,37,37,34.35823056,-112.169675,No Special Jurisdiction,12,Motor Vehicle In-Transport,99,Unknown,0,No,7,Crossover-Related,1,Not an Intersection,None,1,On Roadway,1,Daylight,1,Clear,0,10,10:00am-10:59am,0,10,10:00am-10:59am,5,88,Not Applicable (Not Transported),Not Applicable (Not Transported),1,0
2016,4,Arizona,40318,1,1,0,0,3,3,0,23,SANTA CRUZ (23),NOT APPLICABLE,15,5,2016,1,Sunday,0,0:00am-0:59am,14,This section IS ON the NHS,1,Interstate,I-19,,2,Urban,1,Interstate,1,State Highway Agency,65,65,31.41258889,-110.9626,No Special Jurisdiction,52,Guardrail End,0,Not a Collision with Motor Vehicle In-Transport,0,No,1,Non-Junction,1,Not an Intersection,None,4,On Roadside,2,Dark - Not Lighted,1,Clear,0,0,0:00am-0:59am,19,0,0:00am-0:59am,31,1,1:00am-1:59am,47,1,0
2016,4,Arizona,40319,1,1,0,1,1,1,1,13,MARICOPA (13),MESA,17,5,2016,3,Tuesday,14,2:00pm-2:59pm,58,This section IS NOT on the NHS,6,Local Street - Municipality,MCKELLIPS RD,,2,Urban,3,Principal Arterial - Other,4,City or Municipal Highway Agency,0,None,33.45175278,-111.77965556,No Special Jurisdiction,9,Pedalcyclist,0,Not a Collision with Motor Vehicle In-Transport,0,No,1,Non-Junction,1,Not an Intersection,None,1,On Roadway,1,Daylight,10,Cloudy,0,14,2:00pm-2:59pm,58,15,3:00pm-3:59pm,0,15,3:00pm-3:59pm,15,1,0
2016,4,Arizona,40320,2,2,0,0,2,2,0,19,PIMA (19),GREEN VALLEY,19,5,2016,5,Thursday,19,7:00pm-7:59pm,44,This section IS NOT on the NHS,4,County Road,CR-CONTINENTAL RD,CR-ABREGO DR,2,Urban,4,Minor Arterial,2,County Highway Agency,0,None,31.85216111,-110.98778056,No Special Jurisdiction,12,Motor Vehicle In-Transport,6,Angle,0,No,2,Intersection,2,Four-Way Intersection,None,1,On Roadway,5,Dusk,1,Clear,0,19,7:00pm-7:59pm,44,19,7:00pm-7:59pm,45,99,Unknown,Unknown EMS Hospital Arrival Time,1,0
2016,4,Arizona,40321,2,2,0,0,3,3,0,9,GRAHAM (9),NOT APPLICABLE,21,5,2016,7,Saturday,3,3:00am-3:59am,9,This section IS NOT on the NHS,2,U.S. Highway,US-70,,1,Rural,4,Minor Arterial,1,State Highway Agency,586,586,32.98449444,-109.933475,No Special Jurisdiction,12,Motor Vehicle In-Transport,8,Sideswipe - Opposite Direction,0,No,1,Non-Junction,1,Not an Intersection,None,1,On Roadway,2,Dark - Not Lighted,1,Clear,0,3,3:00am-3:59am,13,3,3:00am-3:59am,14,99,Unknown,Unknown EMS Hospital Arrival Time,1,1
2016,4,Arizona,40322,2,2,0,0,3,3,0,25,YAVAPAI (25),NOT APPLICABLE,25,5,2016,4,Wednesday,14,2:00pm-2:59pm,29,This section IS NOT on the NHS,3,State Highway,SR-40B CHINO AVE,,1,Rural,5,Major Collector,1,State Highway Agency,694,694,35.32811111,-112.88224444,No Special Jurisdiction,12,Motor Vehicle In-Transport,2,Front-to-Front,0,No,8,Driveway Access Related,1,Not an Intersection,None,1,On Roadway,1,Daylight,1,Clear,0,14,2:00pm-2:59pm,30,15,3:00pm-3:59pm,5,16,4:00pm-4:59pm,25,2,0
2016,4,Arizona,40323,1,1,0,1,1,1,1,13,MARICOPA (13),NOT APPLICABLE,30,5,2016,2,Monday,20,8:00pm-8:59pm,41,This section IS ON the NHS,1,Interstate,I-10,,2,Urban,1,Interstate,1,State Highway Agency,1627,1627,33.28214444,-111.96824444,Indian Reservation,8,Pedestrian,0,Not a Collision with Motor Vehicle In-Transport,1,Yes,18,Through Roadway,1,Not an Intersection,None,1,On Roadway,3,Dark - Lighted,1,Clear,0,20,8:00pm-8:59pm,42,20,8:00pm-8:59pm,56,88,Not Applicable (Not Transported),Not Applicable (Not Transported),1,0
2016,4,Arizona,40324,2,2,0,0,5,5,0,13,MARICOPA (13),MESA,31,5,2016,3,Tuesday,20,8:00pm-8:59pm,29,This section IS NOT on the NHS,6,Local Street - Municipality,UNIVERSITY DR,ELLSWORTH RD,2,Urban,4,Minor Arterial,4,City or Municipal Highway Agency,0,None,33.42237778,-111.63266389,No Special Jurisdiction,12,Motor Vehicle In-Transport,6,Angle,0,No,2,Intersection,2,Four-Way Intersection,None,1,On Roadway,3,Dark - Lighted,1,Clear,0,20,8:00pm-8:59pm,30,20,8:00pm-8:59pm,34,21,9:00pm-9:59pm,8,1,0
2016,4,Arizona,40325,2,1,1,0,1,1,0,13,MARICOPA (13),GLENDALE,15,5,2016,1,Sunday,19,7:00pm-7:59pm,40,This section IS NOT on the NHS,6,Local Street - Municipality,44TH AVE,,2,Urban,7,Local,98,Not Reported,0,None,33.53523889,-112.15358889,No Special Jurisdiction,14,Parked Motor Vehicle,0,Not a Collision with Motor Vehicle In-Transport,0,No,1,Non-Junction,1,Not an Intersection,None,7,In Parking Lane/Zone,3,Dark - Lighted,1,Clear,0,19,7:00pm-7:59pm,41,19,7:00pm-7:59pm,45,20,8:00pm-8:59pm,12,1,0
2016,4,Arizona,40326,2,2,0,0,2,2,0,13,MARICOPA (13),GLENDALE,18,5,2016,4,Wednesday,4,4:00am-4:59am,20,This section IS NOT on the NHS,6,Local Street - Municipality,GLENDALE AVE,75TH AVE,2,Urban,3,Principal Arterial - Other,4,City or Municipal Highway Agency,0,None,33.53795556,-112.22044444,No Special Jurisdiction,12,Motor Vehicle In-Transport,6,Angle,0,No,2,Intersection,2,Four-Way Intersection,None,1,On Roadway,3,Dark - Lighted,2,Rain,0,4,4:00am-4:59am,21,4,4:00am-4:59am,28,5,5:00am-5:59am,13,1,0
2016,4,Arizona,40327,1,1,0,1,1,1,1,13,MARICOPA (13),NOT APPLICABLE,18,5,2016,4,Wednesday,99,Unknown Hours,,This section IS NOT on the NHS,8,Other,INDIAN SCHOOL RD,,2,Urban,5,Major Collector,62,Bureau of Indian Affairs,0,None,,,Indian Reservation,8,Pedestrian,0,Not a Collision with Motor Vehicle In-Transport,0,No,99,Unknown,99,Unknown,None,99,Unknown,9,Unknown,98,Not Reported,0,99,Unknown,,99,Unknown EMS Scene Arrival Hour,,99,Unknown,Unknown EMS Hospital Arrival Time,1,0
2016,4,Arizona,40328,1,1,0,0,1,1,0,13,MARICOPA (13),SUN CITY,21,5,2016,7,Saturday,5,5:00am-5:59am,0,This section IS NOT on the NHS,4,County Road,CR-EL MIRAGE RD,,2,Urban,7,Local,2,County Highway Agency,0,None,33.68307222,-112.32518333,No Special Jurisdiction,1,Rollover/Overturn,0,Not a Collision with Motor Vehicle In-Transport,0,No,1,Non-Junction,1,Not an Intersection,None,3,On Median,1,Daylight,1,Clear,0,99,Unknown,,99,Unknown EMS Scene Arrival Hour,,99,Unknown,Unknown EMS Hospital Arrival Time,1,0
2016,4,Arizona,40329,1,1,0,0,1,1,0,13,MARICOPA (13),NOT APPLICABLE,21,5,2016,7,Saturday,6,6:00am-6:59am,56,This section IS NOT on the NHS,5,Local Street - Township,DESERT HILLS DR,,2,Urban,7,Local,98,Not Reported,0,None,33.84188611,-112.12996944,No Special Jurisdiction,1,Rollover/Overturn,0,Not a Collision with Motor Vehicle In-Transport,0,No,1,Non-Junction,1,Not an Intersection,None,4,On Roadside,1,Daylight,1,Clear,0,99,Unknown,,99,Unknown EMS Scene Arrival Hour,,88,Not Applicable (Not Transported),Not Applicable (Not Transported),1,1
2016,4,Arizona,40330,2,2,0,0,3,3,0,21,PINAL (21),NOT APPLICABLE,23,5,2016,2,Monday,19,7:00pm-7:59pm,40,This section IS NOT on the NHS,3,State Highway,SR-87,SACATON RD,1,Rural,4,Minor Arterial,1,State Highway Agency,298,298,33.1213,-111.73769722,Indian Reservation,12,Motor Vehicle In-Transport,6,Angle,0,No,2,Intersection,2,Four-Way Intersection,None,1,On Roadway,1,Daylight,1,Clear,0,99,Unknown,,99,Unknown EMS Scene Arrival Hour,,99,Unknown,Unknown EMS Hospital Arrival Time,1,0
2016,4,Arizona,40331,2,2,0,0,2,2,0,13,MARICOPA (13),NOT APPLICABLE,27,5,2016,6,Friday,12,12:00pm-12:59pm,4,This section IS NOT on the NHS,4,County Road,CR-SALOME HWY,,1,Rural,5,Major Collector,2,County Highway Agency,0,None,33.44794722,-112.91643611,No Special Jurisdiction,12,Motor Vehicle In-Transport,6,Angle,0,No,1,Non-Junction,1,Not an Intersection,None,2,On Shoulder,1,Daylight,1,Clear,0,12,12:00pm-12:59pm,3,12,12:00pm-12:59pm,11,13,1:00pm-1:59pm,19,1,1
2016,4,Arizona,40332,1,1,0,0,1,1,0,21,PINAL (21),NOT APPLICABLE,28,5,2016,7,Saturday,8,8:00am-8:59am,43,This section IS NOT on the NHS,8,Other,NELSON RD,,1,Rural,6,Minor Collector,62,Bureau of Indian Affairs,0,None,33.132175,-111.92860556,Indian Reservation,1,Rollover/Overturn,0,Not a Collision with Motor Vehicle In-Transport,0,No,1,Non-Junction,1,Not an Intersection,None,5,Outside Trafficway,1,Daylight,1,Clear,0,99,Unknown,,99,Unknown EMS Scene Arrival Hour,,88,Not Applicable (Not Transported),Not Applicable (Not Transported),1,0
2016,4,Arizona,40333,1,1,0,0,2,2,0,17,NAVAJO (17),NOT APPLICABLE,28,5,2016,7,Saturday,20,8:00pm-8:59pm,0,This section IS NOT on the NHS,8,Other,BIA 6830,,1,Rural,7,Local,62,Bureau of Indian Affairs,0,None,,,Indian Reservation,99,Unknown,99,Unknown,0,No,99,Unknown,99,Unknown,None,99,Unknown,6,Dark - Unknown Lighting,98,Not Reported,0,19,7:00pm-7:59pm,16,19,7:00pm-7:59pm,38,20,8:00pm-8:59pm,51,1,0
2016,4,Arizona,40334,1,1,0,0,1,1,0,3,COCHISE (3),BISBEE,29,5,2016,1,Sunday,15,3:00pm-3:59pm,50,This section IS ON the NHS,3,State Highway,SR-80,,2,Urban,3,Principal Arterial - Other,1,State Highway Agency,477,477,31.440975,-109.91558889,No Special Jurisdiction,1,Rollover/Overturn,0,Not a Collision with Motor Vehicle In-Transport,0,No,1,Non-Junction,1,Not an Intersection,None,1,On Roadway,1,Daylight,1,Clear,0,15,3:00pm-3:59pm,50,15,3:00pm-3:59pm,59,16,4:00pm-4:59pm,14,1,1
2016,4,Arizona,40335,2,2,0,0,4,4,0,21,PINAL (21),NOT APPLICABLE,31,5,2016,3,Tuesday,18,6:00pm-6:59pm,53,This section IS NOT on the NHS,4,County Road,CR-AMARILLO VALLEY RD,,1,Rural,7,Local,2,County Highway Agency,0,None,32.94823056,-112.08286389,No Special Jurisdiction,12,Motor Vehicle In-Transport,7,Sideswipe - Same Direction,0,No,1,Non-Junction,1,Not an Intersection,Construction,1,On Roadway,1,Daylight,1,Clear,0,18,6:00pm-6:59pm,55,18,6:00pm-6:59pm,56,88,Not Applicable (Not Transported),Not Applicable (Not Transported),2,0
2016,4,Arizona,40336,1,1,0,0,1,1,0,13,MARICOPA (13),NOT APPLICABLE,2,5,2016,2,Monday,15,3:00pm-3:59pm,56,This section IS NOT on the NHS,8,Other,YAVAPAI RD,,2,Urban,5,Major Collector,62,Bureau of Indian Affairs,0,None,33.62094444,-111.69870833,Indian Reservation,17,Boulder,0,Not a Collision with Motor Vehicle In-Transport,0,No,1,Non-Junction,1,Not an Intersection,None,4,On Roadside,1,Daylight,1,Clear,0,15,3:00pm-3:59pm,56,16,4:00pm-4:59pm,5,88,Not Applicable (Not Transported),Not Applicable (Not Transported),1,1
2016,4,Arizona,40337,1,1,0,0,1,1,0,7,GILA (7),NOT APPLICABLE,18,5,2016,4,Wednesday,11,11:00am-11:59am,20,This section IS ON the NHS,3,State Highway,SR-87,,1,Rural,3,Principal Arterial - Other,1,State Highway Agency,1161,1161,33.99771389,-111.363575,No Special Jurisdiction,24,Guardrail Face,0,Not a Collision with Motor Vehicle In-Transport,0,No,1,Non-Junction,1,Not an Intersection,None,4,On Roadside,1,Daylight,1,Clear,0,11,11:00am-11:59am,20,11,11:00am-11:59am,47,88,Not Applicable (Not Transported),Not Applicable (Not Transported),1,0