AccidentYear,STATE,STATENAME,ST_CASE,VE_TOTAL,VE_FORMS,PVH_INVL,PEDS,PERSONS,PERMVIT,PERNOTMVIT,COUNTY,COUNTYNAME,CITYNAME,DAY,MONTH,YEAR,DAY_WEEK,DAY_WEEKNAME,HOUR,HOURNAME,MINUTENAME,NHSNAME,ROUTE,ROUTENAME,TWAY_ID,TWAY_ID2,RUR_URB,RUR_URBNAME,FUNC_SYS,FUNC_SYSNAME,RD_OWNER,RD_OWNERNAME,MILEPT,MILEPTNAME,LATITUDENAME,LONGITUDNAME,SP_JURNAME,HARM_EV,HARM_EVNAME,MAN_COLL,MAN_COLLNAME,RELJCT1,RELJCT1NAME,RELJCT2,RELJCT2NAME,TYP_INT,TYP_INTNAME,WRK_ZONENAME,REL_ROAD,REL_ROADNAME,LGT_COND,LGT_CONDNAME,WEATHER,WEATHERNAME,SCH_BUS,NOT_HOUR,NOT_HOURNAME,NOT_MINNAME,ARR_HOUR,ARR_HOURNAME,ARR_MINNAME,HOSP_HR,HOSP_HRNAME,HOSP_MNNAME,FATALS,DRUNK_DR
2016,4,Arizona,40338,1,1,0,0,3,3,0,21,PINAL (21),NOT APPLICABLE,26,5,2016,5,Thursday,23,11:00pm-11:59pm,27,This section IS ON the NHS,1,Interstate,I-10,,1,Rural,1,Interstate,1,State Highway Agency,1707,1707,33.18346111,-111.89233611,Indian Reservation,1,Rollover/Overturn,0,Not a Collision with Motor Vehicle In-Transport,0,No,1,Non-Junction,1,Not an Intersection,None,3,On Median,2,Dark - Not Lighted,1,Clear,0,23,11:00pm-11:59pm,28,23,11:00pm-11:59pm,32,99,Unknown,Unknown EMS Hospital Arrival Time,1,0
2016,4,Arizona,40339,1,1,0,1,1,1,1,13,MARICOPA (13),PHOENIX,3,5,2016,3,Tuesday,15,3:00pm-3:59pm,46,This section IS NOT on the NHS,6,Local Street - Municipality,24TH ST,,2,Urban,3,Principal Arterial - Other,4,City or Municipal Highway Agency,0,None,33.50853889,-112.03034444,No Special Jurisdiction,8,Pedestrian,0,Not a Collision with Motor Vehicle In-Transport,0,No,1,Non-Junction,1,Not an Intersection,None,1,On Roadway,1,Daylight,1,Clear,0,15,3:00pm-3:59pm,47,15,3:00pm-3:59pm,51,88,Not Applicable (Not Transported),Not Applicable (Not Transported),1,0
2016,4,Arizona,40340,6,6,0,0,8,8,0,13,MARICOPA (13),PHOENIX,5,5,2016,5,Thursday,4,4:00am-4:59am,23,This section IS NOT on the NHS,6,Local Street - Municipality,THOMAS RD,59TH AVE,2,Urban,3,Principal Arterial - Other,4,City or Municipal Highway Agency,0,None,33.48050278,-112.18635833,No Special Jurisdiction,12,Motor Vehicle In-Transport,6,Angle,0,No,2,Intersection,2,Four-Way Intersection,None,1,On Roadway,3,Dark - Lighted,1,Clear,0,4,4:00am-4:59am,24,4,4:00am-4:59am,28,99,Unknown,Unknown EMS Hospital Arrival Time,1,0
2016,4,Arizona,40341,1,1,0,1,1,1,1,13,MARICOPA (13),PHOENIX,5,5,2016,5,Thursday,21,9:00pm-9:59pm,42,This section IS ON the NHS,6,Local Street - Municipality,INDIAN SCHOOL RD,,2,Urban,3,Principal Arterial - Other,4,City or Municipal Highway Agency,0,None,33.49497778,-112.08777778,No Special Jurisdiction,8,Pedestrian,0,Not a Collision with Motor Vehicle In-Transport,0,No,1,Non-Junction,1,Not an Intersection,None,1,On Roadway,3,Dark - Lighted,1,Clear,0,99,Unknown,,99,Unknown EMS Scene Arrival Hour,,99,Unknown,Unknown EMS Hospital Arrival Time,1,0
2016,4,Arizona,40342,1,1,0,1,1,1,1,13,MARICOPA (13),PHOENIX,9,5,2016,2,Monday,5,5:00am-5:59am,9,This section IS NOT on the NHS,6,Local Street - Municipality,MCDOWELL RD,,2,Urban,4,Minor Arterial,4,City or Municipal Highway Agency,0,None,33.46594722,-112.14291111,No Special Jurisdiction,8,Pedestrian,0,Not a Collision with Motor Vehicle In-Transport,0,No,1,Non-Junction,1,Not an Intersection,None,1,On Roadway,3,Dark - Lighted,1,Clear,0,5,5:00am-5:59am,11,5,5:00am-5:59am,15,5,5:00am-5:59am,30,1,0
2016,4,Arizona,40343,1,1,0,1,1,1,1,13,MARICOPA (13),PHOENIX,12,5,2016,5,Thursday,0,0:00am-0:59am,7,This section IS NOT on the NHS,6,Local Street - Municipality,19TH AVE,,2,Urban,3,Principal Arterial - Other,4,City or Municipal Highway Agency,0,None,33.39832222,-112.099275,No Special Jurisdiction,9,Pedalcyclist,0,Not a Collision with Motor Vehicle In-Transport,0,No,1,Non-Junction,1,Not an Intersection,None,1,On Roadway,3,Dark - Lighted,1,Clear,0,0,0:00am-0:59am,7,0,0:00am-0:59am,12,88,Not Applicable (Not Transported),Not Applicable (Not Transported),1,0
2016,4,Arizona,40344,1,1,0,1,1,1,1,13,MARICOPA (13),PHOENIX,14,5,2016,7,Saturday,2,2:00am-2:59am,16,This section IS NOT on the NHS,6,Local Street - Municipality,43RD AVE,,2,Urban,4,Minor Arterial,4,City or Municipal Highway Agency,0,None,33.49019444,-112.15162778,No Special Jurisdiction,8,Pedestrian,0,Not a Collision with Motor Vehicle In-Transport,0,No,1,Non-Junction,1,Not an Intersection,None,1,On Roadway,3,Dark - Lighted,1,Clear,0,2,2:00am-2:59am,18,2,2:00am-2:59am,20,2,2:00am-2:59am,36,1,0
2016,4,Arizona,40345,1,1,0,1,1,1,1,13,MARICOPA (13),PHOENIX,20,5,2016,6,Friday,3,3:00am-3:59am,10,This section IS NOT on the NHS,6,Local Street - Municipality,BROADWAY RD,,2,Urban,4,Minor Arterial,4,City or Municipal Highway Agency,0,None,33.40811389,-112.18954167,No Special Jurisdiction,8,Pedestrian,0,Not a Collision with Motor Vehicle In-Transport,0,No,1,Non-Junction,1,Not an Intersection,None,1,On Roadway,2,Dark - Not Lighted,1,Clear,0,3,3:00am-3:59am,14,3,3:00am-3:59am,22,3,3:00am-3:59am,56,1,0
2016,4,Arizona,40346,3,3,0,0,4,4,0,13,MARICOPA (13),PHOENIX,20,5,2016,6,Friday,12,12:00pm-12:59pm,42,This section IS ON the NHS,6,Local Street - Municipality,7TH ST,BETHANY HOME RD,2,Urban,3,Principal Arterial - Other,4,City or Municipal Highway Agency,0,None,33.52376111,-112.065,No Special Jurisdiction,12,Motor Vehicle In-Transport,6,Angle,0,No,2,Intersection,2,Four-Way Intersection,None,1,On Roadway,1,Daylight,1,Clear,0,12,12:00pm-12:59pm,42,12,12:00pm-12:59pm,52,13,1:00pm-1:59pm,10,1,0
2016,4,Arizona,40347,1,1,0,0,1,1,0,13,MARICOPA (13),PHOENIX,31,5,2016,3,Tuesday,1,1:00am-1:59am,33,This section IS NOT on the NHS,6,Local Street - Municipality,MCDOWELL RD,38TH DR,2,Urban,4,Minor Arterial,4,City or Municipal Highway Agency,0,None,33.46605556,-112.14119722,No Special Jurisdiction,40,Fire Hydrant,0,Not a Collision with Motor Vehicle In-Transport,0,No,3,Intersection-Related,3,T-Intersection,None,4,On Roadside,3,Dark - Lighted,1,Clear,0,1,1:00am-1:59am,38,1,1:00am-1:59am,41,88,Not Applicable (Not Transported),Not Applicable (Not Transported),1,0
2016,4,Arizona,40348,3,3,0,0,3,3,0,19,PIMA (19),NOT APPLICABLE,7,5,2016,7,Saturday,7,7:00am-7:59am,40,This section IS NOT on the NHS,4,County Road,CR-INA RD,FIRENZE DR,2,Urban,3,Principal Arterial - Other,2,County Highway Agency,0,None,32.33693056,-110.96959444,No Special Jurisdiction,33,Curb,0,Not a Collision with Motor Vehicle In-Transport,0,No,3,Intersection-Related,3,T-Intersection,None,3,On Median,1,Daylight,1,Clear,0,7,7:00am-7:59am,44,7,7:00am-7:59am,50,8,8:00am-8:59am,17,1,0
2016,4,Arizona,40349,1,1,0,0,1,1,0,13,MARICOPA (13),MESA,1,6,2016,4,Wednesday,19,7:00pm-7:59pm,4,This section IS NOT on the NHS,6,Local Street - Municipality,BROADWAY RD,,2,Urban,3,Principal Arterial - Other,4,City or Municipal Highway Agency,0,None,33.40763333,-111.86138056,No Special Jurisdiction,33,Curb,0,Not a Collision with Motor Vehicle In-Transport,0,No,1,Non-Junction,1,Not an Intersection,None,4,On Roadside,3,Dark - Lighted,1,Clear,0,19,7:00pm-7:59pm,4,19,7:00pm-7:59pm,11,19,7:00pm-7:59pm,27,1,0
2016,4,Arizona,40350,2,2,0,1,6,6,1,13,MARICOPA (13),PHOENIX,3,6,2016,6,Friday,13,1:00pm-1:59pm,52,This section IS ON the NHS,1,Interstate,I-17,,2,Urban,1,Interstate,1,State Highway Agency,2072,2072,33.55658611,-112.112825,No Special Jurisdiction,8,Pedestrian,0,Not a Collision with Motor Vehicle In-Transport,1,Yes,18,Through Roadway,1,Not an Intersection,None,1,On Roadway,1,Daylight,1,Clear,0,13,1:00pm-1:59pm,52,13,1:00pm-1:59pm,57,16,4:00pm-4:59pm,8,1,0
2016,4,Arizona,40351,1,1,0,1,2,2,1,13,MARICOPA (13),PHOENIX,4,6,2016,7,Saturday,1,1:00am-1:59am,5,This section IS NOT on the NHS,6,Local Street - Municipality,35TH AVE,,2,Urban,3,Principal Arterial - Other,4,City or Municipal Highway Agency,0,None,33.539975,-112.13432778,No Special Jurisdiction,8,Pedestrian,0,Not a Collision with Motor Vehicle In-Transport,0,No,1,Non-Junction,1,Not an Intersection,None,1,On Roadway,3,Dark - Lighted,1,Clear,0,1,1:00am-1:59am,6,1,1:00am-1:59am,13,1,1:00am-1:59am,28,1,0
2016,4,Arizona,40352,1,1,0,1,1,1,1,19,PIMA (19),NOT APPLICABLE,4,6,2016,7,Saturday,2,2:00am-2:59am,38,This section IS ON the NHS,1,Interstate,I-10,,1,Rural,1,Interstate,1,State Highway Agency,2955,2955,31.96775,-110.46694444,No Special Jurisdiction,8,Pedestrian,0,Not a Collision with Motor Vehicle In-Transport,0,No,1,Non-Junction,1,Not an Intersection,None,1,On Roadway,2,Dark - Not Lighted,1,Clear,0,2,2:00am-2:59am,38,2,2:00am-2:59am,50,88,Not Applicable (Not Transported),Not Applicable (Not Transported),1,0
2016,4,Arizona,40353,1,1,0,1,1,1,1,19,PIMA (19),TUCSON,4,6,2016,7,Saturday,20,8:00pm-8:59pm,22,This section IS NOT on the NHS,6,Local Street - Municipality,PRINCE RD,,2,Urban,4,Minor Arterial,4,City or Municipal Highway Agency,0,None,32.27224167,-110.94133611,No Special Jurisdiction,8,Pedestrian,0,Not a Collision with Motor Vehicle In-Transport,0,No,1,Non-Junction,1,Not an Intersection,None,1,On Roadway,2,Dark - Not Lighted,1,Clear,0,99,Unknown,,99,Unknown EMS Scene Arrival Hour,,99,Unknown,Unknown EMS Hospital Arrival Time,1,0
2016,4,Arizona,40354,2,2,0,0,6,6,0,13,MARICOPA (13),PHOENIX,5,6,2016,1,Sunday,11,11:00am-11:59am,27,This section IS NOT on the NHS,6,Local Street - Municipality,THOMAS RD,,2,Urban,3,Principal Arterial - Other,4,City or Municipal Highway Agency,0,None,33.48053611,-112.160375,No Special Jurisdiction,12,Motor Vehicle In-Transport,8,Sideswipe - Opposite Direction,0,No,1,Non-Junction,1,Not an Intersection,None,1,On Roadway,1,Daylight,1,Clear,0,11,11:00am-11:59am,30,11,11:00am-11:59am,35,11,11:00am-11:59am,46,1,1
2016,4,Arizona,40355,1,1,0,0,1,1,0,17,NAVAJO (17),NOT APPLICABLE,5,6,2016,1,Sunday,11,11:00am-11:59am,34,This section IS ON the NHS,1,Interstate,I-40,,1,Rural,1,Interstate,1,State Highway Agency,3024,3024,34.99785278,-109.91641944,No Special Jurisdiction,1,Rollover/Overturn,0,Not a Collision with Motor Vehicle In-Transport,0,No,1,Non-Junction,1,Not an Intersection,None,3,On Median,1,Daylight,1,Clear,0,11,11:00am-11:59am,40,11,11:00am-11:59am,50,88,Not Applicable (Not Transported),Not Applicable (Not Transported),1,0
2016,4,Arizona,40356,1,1,0,1,1,1,1,13,MARICOPA (13),GILBERT,7,6,2016,3,Tuesday,5,5:00am-5:59am,32,This section IS NOT on the NHS,5,Local Street - Township,HIGLEY RD,,2,Urban,4,Minor Arterial,3,Town or Township Highway Agency,0,None,33.25126111,-111.72070833,No Special Jurisdiction,9,Pedalcyclist,0,Not a Collision with Motor Vehicle In-Transport,0,No,1,Non-Junction,1,Not an Intersection,None,4,On Roadside,1,Daylight,1,Clear,0,5,5:00am-5:59am,33,5,5:00am-5:59am,39,88,Not Applicable (Not Transported),Not Applicable (Not Transported),1,0
2016,4,Arizona,40358,2,2,0,0,2,2,0,25,YAVAPAI (25),NOT APPLICABLE,7,6,2016,3,Tuesday,9,9:00am-9:59am,2,This section IS ON the NHS,1,Interstate,I-17,,1,Rural,1,Interstate,1,State Highway Agency,482,482,34.05472778,-112.14655556,No Special Jurisdiction,12,Motor Vehicle In-Transport,6,Angle,1,Yes,18,Through Roadway,1,Not an Intersection,None,1,On Roadway,1,Daylight,1,Clear,0,9,9:00am-9:59am,6,9,9:00am-9:59am,10,99,Unknown,Unknown EMS Hospital Arrival Time,1,0
2016,4,Arizona,40359,1,1,0,1,1,1,1,19,PIMA (19),TUCSON,7,6,2016,3,Tuesday,22,10:00pm-10:59pm,20,This section IS NOT on the NHS,6,Local Street - Municipality,6TH AVE,,2,Urban,3,Principal Arterial - Other,4,City or Municipal Highway Agency,0,None,32.1654,-110.96818056,No Special Jurisdiction,8,Pedestrian,0,Not a Collision with Motor Vehicle In-Transport,0,No,1,Non-Junction,1,Not an Intersection,None,1,On Roadway,3,Dark - Lighted,1,Clear,0,22,10:00pm-10:59pm,21,22,10:00pm-10:59pm,25,23,11:00pm-11:59pm,10,1,0
2016,4,Arizona,40360,1,1,0,1,1,1,1,19,PIMA (19),TUCSON,10,6,2016,6,Friday,14,2:00pm-2:59pm,6,This section IS NOT on the NHS,6,Local Street - Municipality,PRINCE RD,1ST AVE,2,Urban,3,Principal Arterial - Other,4,City or Municipal Highway Agency,0,None,32.27203333,-110.96108611,No Special Jurisdiction,9,Pedalcyclist,0,Not a Collision with Motor Vehicle In-Transport,0,No,2,Intersection,2,Four-Way Intersection,None,1,On Roadway,1,Daylight,10,Cloudy,0,14,2:00pm-2:59pm,7,14,2:00pm-2:59pm,16,88,Not Applicable (Not Transported),Not Applicable (Not Transported),1,0
2016,4,Arizona,40361,2,2,0,0,6,6,0,5,COCONINO (5),NOT APPLICABLE,10,6,2016,6,Friday,12,12:00pm-12:59pm,30,This section IS ON the NHS,2,U.S. Highway,US-160,,1,Rural,3,Principal Arterial - Other,1,State Highway Agency,15,15,36.08356111,-111.36798056,Indian Reservation,12,Motor Vehicle In-Transport,2,Front-to-Front,0,No,1,Non-Junction,1,Not an Intersection,None,1,On Roadway,1,Daylight,1,Clear,0,12,12:00pm-12:59pm,32,12,12:00pm-12:59pm,40,13,1:00pm-1:59pm,43,2,0
2016,4,Arizona,40362,2,2,0,0,2,2,0,25,YAVAPAI (25),NOT APPLICABLE,11,6,2016,7,Saturday,8,8:00am-8:59am,0,This section IS NOT on the NHS,3,State Highway,SR-169,,1,Rural,4,Minor Arterial,1,State Highway Agency,58,58,34.539175,-112.14767222,No Special Jurisdiction,12,Motor Vehicle In-Transport,2,Front-to-Front,0,No,1,Non-Junction,1,Not an Intersection,None,1,On Roadway,1,Daylight,1,Clear,0,8,8:00am-8:59am,0,8,8:00am-8:59am,11,99,Unknown,Unknown EMS Hospital Arrival Time,1,0
2016,4,Arizona,40363,3,3,0,0,4,4,0,25,YAVAPAI (25),NOT APPLICABLE,12,6,2016,1,Sunday,12,12:00pm-12:59pm,25,This section IS ON the NHS,2,U.S. Highway,US-93,,1,Rural,3,Principal Arterial - Other,1,State Highway Agency,1690,1690,34.29971389,-113.11793611,No Special Jurisdiction,12,Motor Vehicle In-Transport,2,Front-to-Front,0,No,1,Non-Junction,1,Not an Intersection,None,1,On Roadway,1,Daylight,1,Clear,0,12,12:00pm-12:59pm,45,13,1:00pm-1:59pm,7,99,Unknown,Unknown EMS Hospital Arrival Time,2,0
2016,4,Arizona,40364,2,2,0,0,4,4,0,17,NAVAJO (17),NOT APPLICABLE,13,6,2016,2,Monday,10,10:00am-10:59am,8,This section IS NOT on the NHS,2,U.S. Highway,US-163,,1,Rural,5,Major Collector,1,State Highway Agency,219,219,36.98069444,-110.18342778,Indian Reservation,12,Motor Vehicle In-Transport,6,Angle,0,No,1,Non-Junction,1,Not an Intersection,None,1,On Roadway,1,Daylight,1,Clear,0,10,10:00am-10:59am,13,10,10:00am-10:59am,34,11,11:00am-11:59am,55,2,0
2016,4,Arizona,40365,1,1,0,0,1,1,0,15,MOHAVE (15),NOT APPLICABLE,13,6,2016,2,Monday,17,5:00pm-5:59pm,0,This section IS NOT on the NHS,8,Other,NPS 1045,,1,Rural,7,Local,66,National Park Service,0,None,36.24136944,-113.2289,National Park Service,17,Boulder,0,Not a Collision with Motor Vehicle In-Transport,0,No,1,Non-Junction,1,Not an Intersection,None,4,On Roadside,1,Daylight,1,Clear,0,88,Not Applicable (Not Notified),,88,Not Applicable,,88,Not Applicable (Not Transported),Not Applicable (Not Transported),1,0
2016,4,Arizona,40366,1,1,0,1,2,2,1,19,PIMA (19),TUCSON,13,6,2016,2,Monday,20,8:00pm-8:59pm,24,This section IS NOT on the NHS,6,Local Street - Municipality,VALENCIA RD,,2,Urban,3,Principal Arterial - Other,4,City or Municipal Highway Agency,0,None,32.13388056,-110.99955,No Special Jurisdiction,8,Pedestrian,0,Not a Collision with Motor Vehicle In-Transport,0,No,1,Non-Junction,1,Not an Intersection,None,1,On Roadway,3,Dark - Lighted,1,Clear,0,20,8:00pm-8:59pm,24,20,8:00pm-8:59pm,26,20,8:00pm-8:59pm,53,1,0
2016,4,Arizona,40367,3,3,0,0,6,6,0,25,YAVAPAI (25),PRESCOTT VALLEY,14,6,2016,3,Tuesday,15,3:00pm-3:59pm,8,This section IS NOT on the NHS,5,Local Street - Township,GLASSFORD HILL RD,CENTRE CT,2,Urban,4,Minor Arterial,3,Town or Township Highway Agency,0,None,34.58646944,-112.34078056,No Special Jurisdiction,12,Motor Vehicle In-Transport,6,Angle,0,No,2,Intersection,3,T-Intersection,None,1,On Roadway,1,Daylight,1,Clear,0,99,Unknown,,99,Unknown EMS Scene Arrival Hour,,99,Unknown,Unknown EMS Hospital Arrival Time,1,0
2016,4,Arizona,40368,1,1,0,1,1,1,1,19,PIMA (19),TUCSON,14,6,2016,3,Tuesday,20,8:00pm-8:59pm,15,This section IS NOT on the NHS,4,County Road,CR-BENSON HWY,,2,Urban,5,Major Collector,2,County Highway Agency,0,None,32.153,-110.919075,No Special Jurisdiction,8,Pedestrian,0,Not a Collision with Motor Vehicle In-Transport,0,No,1,Non-Junction,1,Not an Intersection,None,1,On Roadway,2,Dark - Not Lighted,1,Clear,0,20,8:00pm-8:59pm,15,20,8:00pm-8:59pm,18,20,8:00pm-8:59pm,35,1,0
2016,4,Arizona,40369,2,2,0,0,2,2,0,19,PIMA (19),NOT APPLICABLE,14,6,2016,3,Tuesday,21,9:00pm-9:59pm,10,This section IS NOT on the NHS,4,County Road,CR-TRICO MARANA RD,CR-TRICO RD,1,Rural,5,Major Collector,2,County Highway Agency,0,None,32.45116389,-111.30427222,No Special Jurisdiction,12,Motor Vehicle In-Transport,6,Angle,0,No,2,Intersection,2,Four-Way Intersection,None,1,On Roadway,1,Daylight,1,Clear,0,21,9:00pm-9:59pm,10,21,9:00pm-9:59pm,15,88,Not Applicable (Not Transported),Not Applicable (Not Transported),1,0
2016,4,Arizona,40370,2,2,0,0,2,2,0,19,PIMA (19),TUCSON,15,6,2016,4,Wednesday,6,6:00am-6:59am,18,This section IS NOT on the NHS,6,Local Street - Municipality,SPEEDWAY BLVD,MAIN AVE,2,Urban,3,Principal Arterial - Other,4,City or Municipal Highway Agency,0,None,32.23591111,-110.97795278,No Special Jurisdiction,12,Motor Vehicle In-Transport,99,Unknown,0,No,2,Intersection,2,Four-Way Intersection,None,1,On Roadway,1,Daylight,1,Clear,0,6,6:00am-6:59am,18,6,6:00am-6:59am,22,6,6:00am-6:59am,41,1,0
2016,4,Arizona,40371,1,1,0,0,1,1,0,19,PIMA (19),NOT APPLICABLE,16,6,2016,5,Thursday,16,4:00pm-4:59pm,33,This section IS NOT on the NHS,4,County Road,CR- LA CHOLLA BLVD,,2,Urban,3,Principal Arterial - Other,2,County Highway Agency,0,None,32.37281389,-111.01268889,No Special Jurisdiction,33,Curb,0,Not a Collision with Motor Vehicle In-Transport,0,No,1,Non-Junction,1,Not an Intersection,None,4,On Roadside,1,Daylight,1,Clear,0,16,4:00pm-4:59pm,34,16,4:00pm-4:59pm,39,88,Not Applicable (Not Transported),Not Applicable (Not Transported),1,1
2016,4,Arizona,40372,1,1,0,1,1,1,1,19,PIMA (19),TUCSON,16,6,2016,5,Thursday,23,11:00pm-11:59pm,5,This section IS NOT on the NHS,6,Local Street - Municipality,GRANT RD,MOUNTAIN VIEW AVE,2,Urban,3,Principal Arterial - Other,4,City or Municipal Highway Agency,0,None,32.25057778,-110.89052222,No Special Jurisdiction,8,Pedestrian,0,Not a Collision with Motor Vehicle In-Transport,0,No,2,Intersection,2,Four-Way Intersection,None,1,On Roadway,3,Dark - Lighted,1,Clear,0,23,11:00pm-11:59pm,5,23,11:00pm-11:59pm,9,88,Not Applicable (Not Transported),Not Applicable (Not Transported),1,1
2016,4,Arizona,40373,4,4,0,0,8,8,0,12,LA PAZ (12),NOT APPLICABLE,17,6,2016,6,Friday,3,3:00am-3:59am,11,This section IS ON the NHS,1,Interstate,I-10,,1,Rural,1,Interstate,1,State Highway Agency,343,343,33.65498333,-113.95686111,No Special Jurisdiction,12,Motor Vehicle In-Transport,1,Front-to-Rear,0,No,1,Non-Junction,1,Not an Intersection,None,1,On Roadway,2,Dark - Not Lighted,1,Clear,0,3,3:00am-3:59am,13,3,3:00am-3:59am,26,5,5:00am-5:59am,41,2,0
2016,4,Arizona,40374,2,2,0,0,4,4,0,13,MARICOPA (13),NOT APPLICABLE,17,6,2016,6,Friday,21,9:00pm-9:59pm,31,This section IS ON the NHS,1,Interstate,I-10,,1,Rural,1,Interstate,1,State Highway Agency,946,946,33.49581667,-112.92931667,No Special Jurisdiction,12,Motor Vehicle In-Transport,2,Front-to-Front,0,No,1,Non-Junction,1,Not an Intersection,None,1,On Roadway,2,Dark - Not Lighted,1,Clear,0,21,9:00pm-9:59pm,31,21,9:00pm-9:59pm,35,22,10:00pm-10:59pm,56,3,1
2016,4,Arizona,40375,2,2,0,0,3,3,0,19,PIMA (19),TUCSON,18,6,2016,7,Saturday,8,8:00am-8:59am,25,This section IS NOT on the NHS,9,Unknown,AEROSPACE PKWY,,2,Urban,7,Local,99,Unknown,0,None,32.09025556,-110.95406389,No Special Jurisdiction,12,Motor Vehicle In-Transport,99,Unknown,0,No,1,Non-Junction,1,Not an Intersection,None,1,On Roadway,1,Daylight,1,Clear,0,8,8:00am-8:59am,25,8,8:00am-8:59am,35,99,Unknown,Unknown EMS Hospital Arrival Time,2,0
2016,4,Arizona,40376,1,1,0,0,2,2,0,5,COCONINO (5),NOT APPLICABLE,20,6,2016,2,Monday,20,8:00pm-8:59pm,24,This section IS NOT on the NHS,3,State Highway,SR-89A,,1,Rural,4,Minor Arterial,1,State Highway Agency,580,580,34.89887222,-111.73181944,No Special Jurisdiction,35,Embankment,0,Not a Collision with Motor Vehicle In-Transport,0,No,1,Non-Junction,1,Not an Intersection,None,4,On Roadside,2,Dark - Not Lighted,1,Clear,0,20,8:00pm-8:59pm,24,20,8:00pm-8:59pm,32,22,10:00pm-10:59pm,1,1,1
2016,4,Arizona,40377,1,1,0,0,4,4,0,13,MARICOPA (13),NOT APPLICABLE,24,6,2016,6,Friday,13,1:00pm-1:59pm,25,This section IS ON the NHS,1,Interstate,I-10,,1,Rural,1,Interstate,1,State Highway Agency,899,899,33.50994167,-113.00826111,No Special Jurisdiction,1,Rollover/Overturn,0,Not a Collision with Motor Vehicle In-Transport,0,No,1,Non-Junction,1,Not an Intersection,None,3,On Median,1,Daylight,1,Clear,0,13,1:00pm-1:59pm,25,13,1:00pm-1:59pm,47,14,2:00pm-2:59pm,30,2,0
2016,4,Arizona,40379,3,3,0,0,4,4,0,19,PIMA (19),TUCSON,26,6,2016,1,Sunday,20,8:00pm-8:59pm,41,This section IS NOT on the NHS,6,Local Street - Municipality,HARRISON RD,29TH ST,2,Urban,4,Minor Arterial,4,City or Municipal Highway Agency,0,None,32.19914167,-110.78980833,No Special Jurisdiction,12,Motor Vehicle In-Transport,1,Front-to-Rear,0,No,3,Intersection-Related,2,Four-Way Intersection,None,1,On Roadway,3,Dark - Lighted,10,Cloudy,0,20,8:00pm-8:59pm,41,20,8:00pm-8:59pm,41,20,8:00pm-8:59pm,58,1,0
2016,4,Arizona,40381,4,4,0,0,12,12,0,5,COCONINO (5),NOT APPLICABLE,27,6,2016,2,Monday,10,10:00am-10:59am,40,This section IS NOT on the NHS,3,State Highway,SR-98,,1,Rural,5,Major Collector,1,State Highway Agency,381,381,36.61229444,-111.07258611,Indian Reservation,1,Rollover/Overturn,0,Not a Collision with Motor Vehicle In-Transport,0,No,1,Non-Junction,1,Not an Intersection,None,1,On Roadway,1,Daylight,1,Clear,0,10,10:00am-10:59am,50,11,11:00am-11:59am,29,12,12:00pm-12:59pm,30,2,0
2016,4,Arizona,40382,1,1,0,0,1,1,0,19,PIMA (19),NOT APPLICABLE,5,7,2016,3,Tuesday,6,6:00am-6:59am,33,This section IS NOT on the NHS,4,County Road,CR-KINNEY RD,,1,Rural,5,Major Collector,2,County Highway Agency,0,None,32.24628333,-111.17873056,No Special Jurisdiction,35,Embankment,0,Not a Collision with Motor Vehicle In-Transport,0,No,1,Non-Junction,1,Not an Intersection,None,4,On Roadside,1,Daylight,1,Clear,0,6,6:00am-6:59am,35,6,6:00am-6:59am,49,7,7:00am-7:59am,35,1,1
2016,4,Arizona,40383,1,1,0,0,3,3,0,3,COCHISE (3),NOT APPLICABLE,28,6,2016,3,Tuesday,22,10:00pm-10:59pm,41,This section IS ON the NHS,1,Interstate,I-10,,1,Rural,1,Interstate,1,State Highway Agency,3024,3024,31.96318611,-110.35359722,No Special Jurisdiction,1,Rollover/Overturn,0,Not a Collision with Motor Vehicle In-Transport,1,Yes,18,Through Roadway,1,Not an Intersection,None,1,On Roadway,3,Dark - Lighted,10,Cloudy,0,22,10:00pm-10:59pm,42,22,10:00pm-10:59pm,50,99,Unknown,Unknown EMS Hospital Arrival Time,2,0
2016,4,Arizona,40384,2,2,0,0,2,2,0,13,MARICOPA (13),PHOENIX,29,6,2016,4,Wednesday,20,8:00pm-8:59pm,2,This section IS NOT on the NHS,6,Local Street - Municipality,35TH AVE,,2,Urban,3,Principal Arterial - Other,4,City or Municipal Highway Agency,0,None,33.65628889,-112.13446111,No Special Jurisdiction,12,Motor Vehicle In-Transport,6,Angle,0,No,8,Driveway Access Related,1,Not an Intersection,None,1,On Roadway,3,Dark - Lighted,1,Clear,0,99,Unknown,,99,Unknown EMS Scene Arrival Hour,,99,Unknown,Unknown EMS Hospital Arrival Time,1,0
2016,4,Arizona,40385,8,8,0,0,11,11,0,13,MARICOPA (13),PHOENIX,30,6,2016,5,Thursday,18,6:00pm-6:59pm,51,This section IS ON the NHS,3,State Highway,SR-51,,2,Urban,2,Principal Arterial - Other Freeways and Expressways,1,State Highway Agency,83,83,33.56592778,-112.03081944,No Special Jurisdiction,12,Motor Vehicle In-Transport,7,Sideswipe - Same Direction,0,No,1,Non-Junction,1,Not an Intersection,None,1,On Roadway,1,Daylight,10,Cloudy,0,18,6:00pm-6:59pm,52,19,7:00pm-7:59pm,4,88,Not Applicable (Not Transported),Not Applicable (Not Transported),1,0