AccidentYear,STATE,STATENAME,ST_CASE,VE_TOTAL,VE_FORMS,PVH_INVL,PEDS,PERSONS,PERMVIT,PERNOTMVIT,COUNTY,COUNTYNAME,CITYNAME,DAY,MONTH,YEAR,DAY_WEEK,DAY_WEEKNAME,HOUR,HOURNAME,MINUTENAME,NHSNAME,ROUTE,ROUTENAME,TWAY_ID,TWAY_ID2,RUR_URB,RUR_URBNAME,FUNC_SYS,FUNC_SYSNAME,RD_OWNER,RD_OWNERNAME,MILEPT,MILEPTNAME,LATITUDENAME,LONGITUDNAME,SP_JURNAME,HARM_EV,HARM_EVNAME,MAN_COLL,MAN_COLLNAME,RELJCT1,RELJCT1NAME,RELJCT2,RELJCT2NAME,TYP_INT,TYP_INTNAME,WRK_ZONENAME,REL_ROAD,REL_ROADNAME,LGT_COND,LGT_CONDNAME,WEATHER,WEATHERNAME,SCH_BUS,NOT_HOUR,NOT_HOURNAME,NOT_MINNAME,ARR_HOUR,ARR_HOURNAME,ARR_MINNAME,HOSP_HR,HOSP_HRNAME,HOSP_MNNAME,FATALS,DRUNK_DR
2016,4,Arizona,40435,1,1,0,0,5,5,0,13,MARICOPA (13),PHOENIX,10,7,2016,1,Sunday,3,3:00am-3:59am,0,This section IS ON the NHS,1,Interstate,I-10 RAMP,,2,Urban,1,Interstate,1,State Highway Agency,1430,1430,33.46134167,-112.11050556,No Special Jurisdiction,25,Concrete Traffic Barrier,0,Not a Collision with Motor Vehicle In-Transport,1,Yes,5,Entrance/Exit Ramp Related,1,Not an Intersection,None,4,On Roadside,3,Dark - Lighted,1,Clear,0,3,3:00am-3:59am,7,3,3:00am-3:59am,15,99,Unknown,Unknown EMS Hospital Arrival Time,1,0
2016,4,Arizona,40437,1,1,0,1,1,1,1,19,PIMA (19),TUCSON,11,7,2016,2,Monday,7,7:00am-7:59am,5,This section IS NOT on the NHS,6,Local Street - Municipality,FORT LOWELL RD,MOUNTAIN AVE,2,Urban,4,Minor Arterial,4,City or Municipal Highway Agency,0,None,32.26486944,-110.95238611,No Special Jurisdiction,9,Pedalcyclist,0,Not a Collision with Motor Vehicle In-Transport,0,No,2,Intersection,2,Four-Way Intersection,None,1,On Roadway,1,Daylight,1,Clear,0,99,Unknown,,99,Unknown EMS Scene Arrival Hour,,99,Unknown,Unknown EMS Hospital Arrival Time,1,0
2016,4,Arizona,40438,1,1,0,0,9,9,0,13,MARICOPA (13),BUCKEYE,11,7,2016,2,Monday,11,11:00am-11:59am,0,This section IS ON the NHS,1,Interstate,I-10,,2,Urban,1,Interstate,1,State Highway Agency,1159,1159,33.43894444,-112.57373333,No Special Jurisdiction,1,Rollover/Overturn,0,Not a Collision with Motor Vehicle In-Transport,0,No,1,Non-Junction,1,Not an Intersection,None,3,On Median,1,Daylight,1,Clear,0,11,11:00am-11:59am,2,11,11:00am-11:59am,7,12,12:00pm-12:59pm,0,2,0
2016,4,Arizona,40439,2,2,0,0,4,4,0,13,MARICOPA (13),GILBERT,11,7,2016,2,Monday,13,1:00pm-1:59pm,34,This section IS NOT on the NHS,5,Local Street - Township,RAY RD,RECKER RD,2,Urban,3,Principal Arterial - Other,3,Town or Township Highway Agency,0,None,33.32156389,-111.70402778,No Special Jurisdiction,12,Motor Vehicle In-Transport,6,Angle,0,No,2,Intersection,2,Four-Way Intersection,None,1,On Roadway,1,Daylight,1,Clear,0,13,1:00pm-1:59pm,35,13,1:00pm-1:59pm,55,14,2:00pm-2:59pm,9,1,0
2016,4,Arizona,40440,2,2,0,0,2,2,0,19,PIMA (19),TUCSON,11,7,2016,2,Monday,22,10:00pm-10:59pm,51,This section IS NOT on the NHS,6,Local Street - Municipality,SWAN RD,HOLMES ST,2,Urban,3,Principal Arterial - Other,4,City or Municipal Highway Agency,0,None,32.22711111,-110.89246667,No Special Jurisdiction,12,Motor Vehicle In-Transport,6,Angle,0,No,2,Intersection,3,T-Intersection,None,1,On Roadway,3,Dark - Lighted,1,Clear,0,23,11:00pm-11:59pm,0,23,11:00pm-11:59pm,4,23,11:00pm-11:59pm,19,1,1
2016,4,Arizona,40442,1,1,0,0,1,1,0,5,COCONINO (5),NOT APPLICABLE,12,7,2016,3,Tuesday,15,3:00pm-3:59pm,30,This section IS ON the NHS,1,Interstate,I-40,,1,Rural,1,Interstate,1,State Highway Agency,1878,1878,35.213975,-111.78033611,No Special Jurisdiction,1,Rollover/Overturn,0,Not a Collision with Motor Vehicle In-Transport,0,No,1,Non-Junction,1,Not an Intersection,None,3,On Median,1,Daylight,1,Clear,0,15,3:00pm-3:59pm,34,15,3:00pm-3:59pm,48,16,4:00pm-4:59pm,40,1,0
2016,4,Arizona,40443,1,1,0,0,1,1,0,5,COCONINO (5),FLAGSTAFF,12,7,2016,3,Tuesday,19,7:00pm-7:59pm,39,This section IS NOT on the NHS,6,Local Street - Municipality,LOCKETT RD,4TH ST,2,Urban,5,Major Collector,4,City or Municipal Highway Agency,0,None,35.21834722,-111.61329722,No Special Jurisdiction,33,Curb,0,Not a Collision with Motor Vehicle In-Transport,0,No,3,Intersection-Related,2,Four-Way Intersection,None,4,On Roadside,1,Daylight,1,Clear,0,19,7:00pm-7:59pm,40,19,7:00pm-7:59pm,45,88,Not Applicable (Not Transported),Not Applicable (Not Transported),1,0
2016,4,Arizona,40444,2,2,0,0,3,3,0,13,MARICOPA (13),GOODYEAR,14,7,2016,5,Thursday,18,6:00pm-6:59pm,31,This section IS NOT on the NHS,6,Local Street - Municipality,INDIAN SCHOOL RD,LITCHFIELD RD,2,Urban,3,Principal Arterial - Other,4,City or Municipal Highway Agency,0,None,33.48588611,-112.36246944,No Special Jurisdiction,12,Motor Vehicle In-Transport,6,Angle,0,No,2,Intersection,2,Four-Way Intersection,None,1,On Roadway,1,Daylight,1,Clear,0,18,6:00pm-6:59pm,32,18,6:00pm-6:59pm,33,18,6:00pm-6:59pm,47,1,0
2016,4,Arizona,40446,2,1,1,1,1,1,1,13,MARICOPA (13),NOT APPLICABLE,15,7,2016,6,Friday,14,2:00pm-2:59pm,1,This section IS ON the NHS,2,U.S. Highway,US-60,,1,Rural,3,Principal Arterial - Other,1,State Highway Agency,874,874,33.88299722,-112.65769444,No Special Jurisdiction,8,Pedestrian,0,Not a Collision with Motor Vehicle In-Transport,0,No,1,Non-Junction,1,Not an Intersection,None,2,On Shoulder,1,Daylight,1,Clear,0,14,2:00pm-2:59pm,1,14,2:00pm-2:59pm,13,88,Not Applicable (Not Transported),Not Applicable (Not Transported),1,0
2016,4,Arizona,40447,1,1,0,0,1,1,0,13,MARICOPA (13),PHOENIX,15,7,2016,6,Friday,23,11:00pm-11:59pm,57,This section IS ON the NHS,1,Interstate,I-17,,2,Urban,1,Interstate,1,State Highway Agency,180,180,33.631975,-112.116125,No Special Jurisdiction,39,Wall,0,Not a Collision with Motor Vehicle In-Transport,0,No,1,Non-Junction,1,Not an Intersection,None,4,On Roadside,3,Dark - Lighted,1,Clear,0,23,11:00pm-11:59pm,59,0,0:00am-0:59am,4,0,0:00am-0:59am,17,1,0
2016,4,Arizona,40448,1,1,0,0,1,1,0,13,MARICOPA (13),TEMPE,16,7,2016,7,Saturday,0,0:00am-0:59am,8,This section IS ON the NHS,7,Local Street - Frontage Road,SR-101 FRONTAGE RD,,2,Urban,2,Principal Arterial - Other Freeways and Expressways,1,State Highway Agency,396,396,33.34808056,-111.89434167,No Special Jurisdiction,33,Curb,0,Not a Collision with Motor Vehicle In-Transport,0,No,1,Non-Junction,1,Not an Intersection,None,4,On Roadside,3,Dark - Lighted,1,Clear,0,0,0:00am-0:59am,8,0,0:00am-0:59am,13,88,Not Applicable (Not Transported),Not Applicable (Not Transported),1,1
2016,4,Arizona,40449,2,2,0,0,2,2,0,21,PINAL (21),MARICOPA,18,7,2016,2,Monday,2,2:00am-2:59am,1,This section IS ON the NHS,3,State Highway,SR-347 JOHN WAYNE PKWY,HONEYCUTT RD,2,Urban,3,Principal Arterial - Other,1,State Highway Agency,127,127,33.05847778,-112.04805833,No Special Jurisdiction,12,Motor Vehicle In-Transport,1,Front-to-Rear,0,No,3,Intersection-Related,2,Four-Way Intersection,None,1,On Roadway,3,Dark - Lighted,1,Clear,0,2,2:00am-2:59am,1,2,2:00am-2:59am,7,2,2:00am-2:59am,40,1,1
2016,4,Arizona,40450,1,1,0,0,1,1,0,13,MARICOPA (13),TEMPE,20,7,2016,4,Wednesday,8,8:00am-8:59am,40,This section IS NOT on the NHS,6,Local Street - Municipality,RIO SALADO PKWY,,2,Urban,7,Local,98,Not Reported,0,None,33.43101667,-111.96474167,No Special Jurisdiction,1,Rollover/Overturn,0,Not a Collision with Motor Vehicle In-Transport,0,No,1,Non-Junction,1,Not an Intersection,None,1,On Roadway,1,Daylight,10,Cloudy,0,8,8:00am-8:59am,41,8,8:00am-8:59am,46,9,9:00am-9:59am,4,1,1
2016,4,Arizona,40451,1,1,0,0,5,5,0,21,PINAL (21),APACHE JUNCTION,21,7,2016,5,Thursday,16,4:00pm-4:59pm,25,This section IS ON the NHS,2,U.S. Highway,US-60,,2,Urban,2,Principal Arterial - Other Freeways and Expressways,1,State Highway Agency,1655,1655,33.38673611,-111.53070278,No Special Jurisdiction,38,Fence,0,Not a Collision with Motor Vehicle In-Transport,1,Yes,19,Other location within Interchange Area,1,Not an Intersection,None,4,On Roadside,1,Daylight,1,Clear,0,16,4:00pm-4:59pm,29,16,4:00pm-4:59pm,34,17,5:00pm-5:59pm,28,1,1
2016,4,Arizona,40453,2,2,0,0,2,2,0,7,GILA (7),NOT APPLICABLE,22,7,2016,6,Friday,11,11:00am-11:59am,55,This section IS NOT on the NHS,2,U.S. Highway,US-60,,1,Rural,4,Minor Arterial,1,State Highway Agency,2352,2352,33.57045833,-110.66335833,No Special Jurisdiction,12,Motor Vehicle In-Transport,2,Front-to-Front,0,No,1,Non-Junction,1,Not an Intersection,None,1,On Roadway,1,Daylight,10,Cloudy,0,11,11:00am-11:59am,55,12,12:00pm-12:59pm,20,13,1:00pm-1:59pm,56,1,0
2016,4,Arizona,40455,1,1,0,0,2,2,0,1,APACHE (1),NOT APPLICABLE,24,7,2016,1,Sunday,13,1:00pm-1:59pm,33,This section IS NOT on the NHS,4,County Road,CR-3140,,1,Rural,5,Major Collector,2,County Highway Agency,0,None,34.15284444,-109.74904722,No Special Jurisdiction,1,Rollover/Overturn,0,Not a Collision with Motor Vehicle In-Transport,0,No,1,Non-Junction,1,Not an Intersection,None,1,On Roadway,1,Daylight,10,Cloudy,0,13,1:00pm-1:59pm,32,13,1:00pm-1:59pm,42,99,Unknown,Unknown EMS Hospital Arrival Time,1,0
2016,4,Arizona,40460,2,2,0,0,5,5,0,13,MARICOPA (13),MESA,28,7,2016,5,Thursday,15,3:00pm-3:59pm,16,This section IS NOT on the NHS,6,Local Street - Municipality,MESA DR,,2,Urban,4,Minor Arterial,4,City or Municipal Highway Agency,0,None,33.43703056,-111.82265278,No Special Jurisdiction,12,Motor Vehicle In-Transport,2,Front-to-Front,0,No,1,Non-Junction,1,Not an Intersection,None,1,On Roadway,1,Daylight,10,Cloudy,0,15,3:00pm-3:59pm,16,15,3:00pm-3:59pm,18,16,4:00pm-4:59pm,0,1,0
2016,4,Arizona,40461,1,1,0,1,1,1,1,19,PIMA (19),TUCSON,30,7,2016,7,Saturday,20,8:00pm-8:59pm,26,This section IS NOT on the NHS,6,Local Street - Municipality,22ND ST,,2,Urban,3,Principal Arterial - Other,4,City or Municipal Highway Agency,0,None,32.20691667,-110.90631389,No Special Jurisdiction,8,Pedestrian,0,Not a Collision with Motor Vehicle In-Transport,0,No,1,Non-Junction,1,Not an Intersection,None,1,On Roadway,3,Dark - Lighted,2,Rain,0,20,8:00pm-8:59pm,26,20,8:00pm-8:59pm,30,20,8:00pm-8:59pm,38,1,0
2016,4,Arizona,40463,1,1,0,0,1,1,0,21,PINAL (21),COOLIDGE,5,7,2016,3,Tuesday,6,6:00am-6:59am,7,This section IS NOT on the NHS,6,Local Street - Municipality,CHRISTENSEN RD,,2,Urban,7,Local,4,City or Municipal Highway Agency,0,None,32.98082778,-111.50656389,No Special Jurisdiction,35,Embankment,0,Not a Collision with Motor Vehicle In-Transport,0,No,1,Non-Junction,1,Not an Intersection,None,4,On Roadside,1,Daylight,1,Clear,0,6,6:00am-6:59am,10,6,6:00am-6:59am,18,6,6:00am-6:59am,42,1,1
2016,4,Arizona,40466,2,2,0,0,5,5,0,13,MARICOPA (13),MESA,7,6,2016,3,Tuesday,19,7:00pm-7:59pm,56,This section IS NOT on the NHS,6,Local Street - Municipality,VAL VISTA DR,CAROL AVE,2,Urban,3,Principal Arterial - Other,4,City or Municipal Highway Agency,0,None,33.40573889,-111.75378333,No Special Jurisdiction,12,Motor Vehicle In-Transport,99,Unknown,0,No,2,Intersection,2,Four-Way Intersection,None,1,On Roadway,5,Dusk,1,Clear,0,19,7:00pm-7:59pm,56,19,7:00pm-7:59pm,58,20,8:00pm-8:59pm,27,1,1
2016,4,Arizona,40467,1,1,0,0,1,1,0,1,APACHE (1),NOT APPLICABLE,23,2,2016,3,Tuesday,0,0:00am-0:59am,25,This section IS NOT on the NHS,3,State Highway,SR-264,,1,Rural,4,Minor Arterial,1,State Highway Agency,1471,1471,35.66908056,-109.16520833,Indian Reservation,99,Unknown,99,Unknown,0,No,1,Non-Junction,1,Not an Intersection,None,99,Unknown,6,Dark - Unknown Lighting,98,Not Reported,0,99,Unknown,,99,Unknown EMS Scene Arrival Hour,,88,Not Applicable (Not Transported),Not Applicable (Not Transported),1,1
2016,4,Arizona,40468,1,1,0,0,2,2,0,21,PINAL (21),CASA GRANDE,13,3,2016,1,Sunday,20,8:00pm-8:59pm,40,This section IS NOT on the NHS,6,Local Street - Municipality,FLORENCE ST,,2,Urban,4,Minor Arterial,4,City or Municipal Highway Agency,0,None,32.86993611,-111.75737778,No Special Jurisdiction,5,Fell/Jumped from Vehicle,0,Not a Collision with Motor Vehicle In-Transport,0,No,1,Non-Junction,1,Not an Intersection,None,1,On Roadway,6,Dark - Unknown Lighting,99,Unknown,0,20,8:00pm-8:59pm,42,20,8:00pm-8:59pm,51,21,9:00pm-9:59pm,8,1,0
2016,4,Arizona,40469,1,1,0,1,1,1,1,13,MARICOPA (13),MESA,14,6,2016,3,Tuesday,21,9:00pm-9:59pm,0,This section IS NOT on the NHS,6,Local Street - Municipality,SOUTHERN AVE,,2,Urban,3,Principal Arterial - Other,4,City or Municipal Highway Agency,0,None,33.39333056,-111.83698056,No Special Jurisdiction,8,Pedestrian,0,Not a Collision with Motor Vehicle In-Transport,0,No,1,Non-Junction,1,Not an Intersection,None,11,Continuous Left - Turn Lane,3,Dark - Lighted,1,Clear,0,21,9:00pm-9:59pm,0,21,9:00pm-9:59pm,14,21,9:00pm-9:59pm,27,1,0
2016,4,Arizona,40470,2,2,0,0,5,5,0,13,MARICOPA (13),GLENDALE,25,6,2016,7,Saturday,20,8:00pm-8:59pm,7,This section IS NOT on the NHS,6,Local Street - Municipality,GLENDALE AVE,GLEN HARBOR BLVD,2,Urban,4,Minor Arterial,4,City or Municipal Highway Agency,0,None,33.53651389,-112.29426667,No Special Jurisdiction,12,Motor Vehicle In-Transport,6,Angle,0,No,2,Intersection,2,Four-Way Intersection,None,1,On Roadway,3,Dark - Lighted,1,Clear,0,20,8:00pm-8:59pm,8,20,8:00pm-8:59pm,14,20,8:00pm-8:59pm,39,1,0
2016,4,Arizona,40474,1,1,0,0,5,5,0,23,SANTA CRUZ (23),NOT APPLICABLE,6,7,2016,4,Wednesday,10,10:00am-10:59am,28,This section IS ON the NHS,1,Interstate,I-19,,1,Rural,1,Interstate,1,State Highway Agency,293,293,31.71502778,-111.06353611,No Special Jurisdiction,38,Fence,0,Not a Collision with Motor Vehicle In-Transport,0,No,1,Non-Junction,1,Not an Intersection,None,4,On Roadside,1,Daylight,1,Clear,0,10,10:00am-10:59am,28,10,10:00am-10:59am,43,11,11:00am-11:59am,58,1,0
2016,4,Arizona,40475,1,1,0,0,2,2,0,21,PINAL (21),NOT APPLICABLE,14,7,2016,5,Thursday,14,2:00pm-2:59pm,15,This section IS ON the NHS,1,Interstate,I-10,,2,Urban,1,Interstate,1,State Highway Agency,1893,1893,32.95801667,-111.71698333,No Special Jurisdiction,1,Rollover/Overturn,0,Not a Collision with Motor Vehicle In-Transport,0,No,1,Non-Junction,1,Not an Intersection,None,2,On Shoulder,1,Daylight,1,Clear,0,14,2:00pm-2:59pm,15,14,2:00pm-2:59pm,24,15,3:00pm-3:59pm,30,1,0
2016,4,Arizona,40476,1,1,0,0,7,7,0,3,COCHISE (3),NOT APPLICABLE,26,7,2016,3,Tuesday,3,3:00am-3:59am,22,This section IS ON the NHS,1,Interstate,I-10,,1,Rural,1,Interstate,1,State Highway Agency,3421,3421,32.28371667,-109.826725,No Special Jurisdiction,1,Rollover/Overturn,0,Not a Collision with Motor Vehicle In-Transport,0,No,1,Non-Junction,1,Not an Intersection,None,3,On Median,2,Dark - Not Lighted,1,Clear,0,3,3:00am-3:59am,22,3,3:00am-3:59am,26,4,4:00am-4:59am,10,3,0
2016,4,Arizona,40477,2,2,0,0,2,2,0,13,MARICOPA (13),GLENDALE,2,7,2016,7,Saturday,2,2:00am-2:59am,24,This section IS NOT on the NHS,6,Local Street - Municipality,CAMELBACK RD,45TH AVE,2,Urban,3,Principal Arterial - Other,4,City or Municipal Highway Agency,0,None,33.50944167,-112.15547222,No Special Jurisdiction,12,Motor Vehicle In-Transport,6,Angle,0,No,2,Intersection,2,Four-Way Intersection,None,1,On Roadway,3,Dark - Lighted,10,Cloudy,0,2,2:00am-2:59am,36,2,2:00am-2:59am,43,2,2:00am-2:59am,58,1,1
2016,4,Arizona,40478,1,1,0,1,1,1,1,25,YAVAPAI (25),NOT APPLICABLE,2,7,2016,7,Saturday,13,1:00pm-1:59pm,52,This section IS NOT on the NHS,5,Local Street - Township,5TH ST,SR-40B PARK AVE,1,Rural,7,Local,98,Not Reported,0,None,35.22384722,-112.48581667,No Special Jurisdiction,8,Pedestrian,0,Not a Collision with Motor Vehicle In-Transport,0,No,3,Intersection-Related,2,Four-Way Intersection,None,1,On Roadway,1,Daylight,10,Cloudy,0,13,1:00pm-1:59pm,52,13,1:00pm-1:59pm,54,88,Not Applicable (Not Transported),Not Applicable (Not Transported),1,0
2016,4,Arizona,40479,1,1,0,0,2,2,0,19,PIMA (19),NOT APPLICABLE,3,7,2016,1,Sunday,21,9:00pm-9:59pm,26,This section IS NOT on the NHS,3,State Highway,SR-86,,1,Rural,4,Minor Arterial,1,State Highway Agency,524,524,32.00024444,-111.98545556,Indian Reservation,1,Rollover/Overturn,0,Not a Collision with Motor Vehicle In-Transport,0,No,1,Non-Junction,1,Not an Intersection,None,4,On Roadside,2,Dark - Not Lighted,1,Clear,0,21,9:00pm-9:59pm,55,22,10:00pm-10:59pm,50,23,11:00pm-11:59pm,20,1,0
2016,4,Arizona,40480,1,1,0,0,1,1,0,13,MARICOPA (13),NOT APPLICABLE,3,7,2016,1,Sunday,2,2:00am-2:59am,6,This section IS NOT on the NHS,4,County Road,CR-MCDOWELL RD,,2,Urban,5,Major Collector,2,County Highway Agency,0,None,33.46479722,-112.49606944,No Special Jurisdiction,17,Boulder,0,Not a Collision with Motor Vehicle In-Transport,0,No,1,Non-Junction,1,Not an Intersection,None,6,Off Roadway-Location Unknown,2,Dark - Not Lighted,1,Clear,0,2,2:00am-2:59am,6,99,Unknown EMS Scene Arrival Hour,,88,Not Applicable (Not Transported),Not Applicable (Not Transported),1,1
2016,4,Arizona,40481,2,2,0,0,4,4,0,17,NAVAJO (17),NOT APPLICABLE,3,7,2016,1,Sunday,19,7:00pm-7:59pm,0,This section IS NOT on the NHS,8,Other,BIA 15,,2,Urban,5,Major Collector,62,Bureau of Indian Affairs,0,None,,,Indian Reservation,12,Motor Vehicle In-Transport,99,Unknown,0,No,99,Unknown,99,Unknown,None,99,Unknown,9,Unknown,99,Unknown,0,99,Unknown,,99,Unknown EMS Scene Arrival Hour,,99,Unknown,Unknown EMS Hospital Arrival Time,2,0
2016,4,Arizona,40482,1,1,0,0,1,1,0,27,YUMA (27),YUMA,4,7,2016,2,Monday,99,Unknown Hours,,Unknown if this section is on the NHS,9,Unknown,UNKNOWN RD,,9,Unknown,99,Unknown,99,Unknown,99999,Unknown,,,Unknown,99,Unknown,99,Unknown,9,Unknown,99,Unknown,99,Unknown,None,99,Unknown,9,Unknown,98,Not Reported,0,99,Unknown,,99,Unknown EMS Scene Arrival Hour,,99,Unknown,Unknown EMS Hospital Arrival Time,1,0
2016,4,Arizona,40483,1,1,0,0,1,1,0,13,MARICOPA (13),CHANDLER,14,7,2016,5,Thursday,1,1:00am-1:59am,22,This section IS NOT on the NHS,6,Local Street - Municipality,ALMA SCHOOL RD,,2,Urban,3,Principal Arterial - Other,4,City or Municipal Highway Agency,0,None,33.29699167,-111.85912222,No Special Jurisdiction,33,Curb,0,Not a Collision with Motor Vehicle In-Transport,0,No,1,Non-Junction,1,Not an Intersection,None,3,On Median,3,Dark - Lighted,1,Clear,0,1,1:00am-1:59am,22,1,1:00am-1:59am,26,88,Not Applicable (Not Transported),Not Applicable (Not Transported),1,1
2016,4,Arizona,40484,1,1,0,0,1,1,0,1,APACHE (1),NOT APPLICABLE,16,7,2016,7,Saturday,14,2:00pm-2:59pm,1,This section IS NOT on the NHS,2,U.S. Highway,US-191,,1,Rural,5,Major Collector,1,State Highway Agency,3548,3548,35.064075,-109.2824,Indian Reservation,1,Rollover/Overturn,0,Not a Collision with Motor Vehicle In-Transport,0,No,99,Unknown,99,Unknown,None,99,Unknown,1,Daylight,98,Not Reported,0,99,Unknown,,99,Unknown EMS Scene Arrival Hour,,88,Not Applicable (Not Transported),Not Applicable (Not Transported),1,0
2016,4,Arizona,40485,2,2,0,0,3,3,0,13,MARICOPA (13),NOT APPLICABLE,17,7,2016,1,Sunday,17,5:00pm-5:59pm,43,This section IS NOT on the NHS,4,County Road,CR-JACKRABBIT TRL,CR-YUMA RD,2,Urban,4,Minor Arterial,2,County Highway Agency,0,None,33.43572778,-112.47879167,No Special Jurisdiction,12,Motor Vehicle In-Transport,1,Front-to-Rear,0,No,3,Intersection-Related,2,Four-Way Intersection,None,1,On Roadway,1,Daylight,10,Cloudy,0,17,5:00pm-5:59pm,43,17,5:00pm-5:59pm,49,18,6:00pm-6:59pm,15,1,0
2016,4,Arizona,40486,1,1,0,1,1,1,1,13,MARICOPA (13),NOT APPLICABLE,1,8,2016,2,Monday,2,2:00am-2:59am,42,This section IS ON the NHS,1,Interstate,I-10,,1,Rural,1,Interstate,1,State Highway Agency,1051,1051,33.45646389,-112.75472222,No Special Jurisdiction,8,Pedestrian,0,Not a Collision with Motor Vehicle In-Transport,0,No,1,Non-Junction,1,Not an Intersection,None,1,On Roadway,2,Dark - Not Lighted,1,Clear,0,2,2:00am-2:59am,43,3,3:00am-3:59am,1,88,Not Applicable (Not Transported),Not Applicable (Not Transported),1,0
2016,4,Arizona,40488,2,2,0,0,17,17,0,17,NAVAJO (17),NOT APPLICABLE,1,8,2016,2,Monday,13,1:00pm-1:59pm,53,This section IS ON the NHS,2,U.S. Highway,US-160,SR-98,1,Rural,3,Principal Arterial - Other,1,State Highway Agency,501,501,36.46117222,-110.69211667,Indian Reservation,12,Motor Vehicle In-Transport,6,Angle,0,No,2,Intersection,3,T-Intersection,None,1,On Roadway,1,Daylight,1,Clear,0,13,1:00pm-1:59pm,53,14,2:00pm-2:59pm,8,99,Unknown,Unknown EMS Hospital Arrival Time,1,0
2016,4,Arizona,40489,1,1,0,1,1,1,1,13,MARICOPA (13),MESA,2,8,2016,3,Tuesday,21,9:00pm-9:59pm,42,This section IS NOT on the NHS,6,Local Street - Municipality,90TH ST,,2,Urban,7,Local,98,Not Reported,0,None,33.40933333,-111.63706389,No Special Jurisdiction,8,Pedestrian,0,Not a Collision with Motor Vehicle In-Transport,0,No,1,Non-Junction,1,Not an Intersection,None,1,On Roadway,3,Dark - Lighted,10,Cloudy,0,21,9:00pm-9:59pm,43,21,9:00pm-9:59pm,50,22,10:00pm-10:59pm,13,1,0
2016,4,Arizona,40490,2,2,0,0,3,3,0,13,MARICOPA (13),TEMPE,3,8,2016,4,Wednesday,10,10:00am-10:59am,38,This section IS NOT on the NHS,7,Local Street - Frontage Road,BASELINE RD,SR-101 FRONTAGE PRICE RD,2,Urban,3,Principal Arterial - Other,1,State Highway Agency,0,None,33.378525,-111.89365,No Special Jurisdiction,12,Motor Vehicle In-Transport,6,Angle,1,Yes,2,Intersection,2,Four-Way Intersection,None,1,On Roadway,1,Daylight,1,Clear,0,10,10:00am-10:59am,40,10,10:00am-10:59am,46,11,11:00am-11:59am,4,1,0
2016,4,Arizona,40491,3,3,0,0,5,5,0,1,APACHE (1),NOT APPLICABLE,3,8,2016,4,Wednesday,13,1:00pm-1:59pm,20,This section IS NOT on the NHS,2,U.S. Highway,US-191,,1,Rural,5,Major Collector,1,State Highway Agency,4587,4587,36.32973056,-109.62145833,Indian Reservation,12,Motor Vehicle In-Transport,6,Angle,0,No,1,Non-Junction,1,Not an Intersection,None,1,On Roadway,1,Daylight,10,Cloudy,0,13,1:00pm-1:59pm,42,13,1:00pm-1:59pm,47,16,4:00pm-4:59pm,42,2,1
2016,4,Arizona,40492,2,2,0,0,3,3,0,13,MARICOPA (13),PHOENIX,4,8,2016,5,Thursday,20,8:00pm-8:59pm,7,This section IS ON the NHS,6,Local Street - Municipality,51ST AVE,OSBORN RD,2,Urban,3,Principal Arterial - Other,4,City or Municipal Highway Agency,0,None,33.48747778,-112.16890833,No Special Jurisdiction,12,Motor Vehicle In-Transport,6,Angle,0,No,2,Intersection,2,Four-Way Intersection,None,1,On Roadway,3,Dark - Lighted,1,Clear,0,20,8:00pm-8:59pm,9,20,8:00pm-8:59pm,11,99,Unknown,Unknown EMS Hospital Arrival Time,1,0
2016,4,Arizona,40493,2,2,0,0,3,3,0,13,MARICOPA (13),PHOENIX,6,8,2016,7,Saturday,13,1:00pm-1:59pm,31,This section IS NOT on the NHS,6,Local Street - Municipality,MCDOWELL RD,,2,Urban,4,Minor Arterial,4,City or Municipal Highway Agency,0,None,33.46587222,-112.10570556,No Special Jurisdiction,12,Motor Vehicle In-Transport,6,Angle,0,No,1,Non-Junction,1,Not an Intersection,None,1,On Roadway,1,Daylight,1,Clear,0,13,1:00pm-1:59pm,33,13,1:00pm-1:59pm,37,13,1:00pm-1:59pm,52,1,0
2016,4,Arizona,40494,1,1,0,0,2,2,0,5,COCONINO (5),NOT APPLICABLE,7,8,2016,1,Sunday,17,5:00pm-5:59pm,6,This section IS ON the NHS,1,Interstate,I-17,,1,Rural,1,Interstate,1,State Highway Agency,1312,1312,34.98335278,-111.686125,No Special Jurisdiction,1,Rollover/Overturn,0,Not a Collision with Motor Vehicle In-Transport,1,Yes,19,Other location within Interchange Area,1,Not an Intersection,None,3,On Median,1,Daylight,2,Rain,0,17,5:00pm-5:59pm,17,17,5:00pm-5:59pm,19,99,Unknown,Unknown EMS Hospital Arrival Time,1,0
2016,4,Arizona,40495,1,1,0,0,4,4,0,12,LA PAZ (12),NOT APPLICABLE,7,8,2016,1,Sunday,17,5:00pm-5:59pm,42,This section IS ON the NHS,1,Interstate,I-10,,1,Rural,1,Interstate,1,State Highway Agency,467,467,33.627275,-113.74416389,No Special Jurisdiction,1,Rollover/Overturn,0,Not a Collision with Motor Vehicle In-Transport,0,No,1,Non-Junction,1,Not an Intersection,None,3,On Median,1,Daylight,1,Clear,0,17,5:00pm-5:59pm,42,18,6:00pm-6:59pm,8,99,Unknown,Unknown EMS Hospital Arrival Time,2,0
2016,4,Arizona,40496,2,2,0,0,2,2,0,13,MARICOPA (13),PHOENIX,9,8,2016,3,Tuesday,18,6:00pm-6:59pm,10,This section IS NOT on the NHS,6,Local Street - Municipality,GREENWAY PKWY,20TH ST,2,Urban,3,Principal Arterial - Other,4,City or Municipal Highway Agency,0,None,33.632875,-112.03944444,No Special Jurisdiction,12,Motor Vehicle In-Transport,6,Angle,0,No,2,Intersection,2,Four-Way Intersection,None,1,On Roadway,1,Daylight,1,Clear,0,18,6:00pm-6:59pm,11,18,6:00pm-6:59pm,15,18,6:00pm-6:59pm,41,1,0