AccidentYear,STATE,STATENAME,ST_CASE,VE_TOTAL,VE_FORMS,PVH_INVL,PEDS,PERSONS,PERMVIT,PERNOTMVIT,COUNTY,COUNTYNAME,CITYNAME,DAY,MONTH,YEAR,DAY_WEEK,DAY_WEEKNAME,HOUR,HOURNAME,MINUTENAME,NHSNAME,ROUTE,ROUTENAME,TWAY_ID,TWAY_ID2,RUR_URB,RUR_URBNAME,FUNC_SYS,FUNC_SYSNAME,RD_OWNER,RD_OWNERNAME,MILEPT,MILEPTNAME,LATITUDENAME,LONGITUDNAME,SP_JURNAME,HARM_EV,HARM_EVNAME,MAN_COLL,MAN_COLLNAME,RELJCT1,RELJCT1NAME,RELJCT2,RELJCT2NAME,TYP_INT,TYP_INTNAME,WRK_ZONENAME,REL_ROAD,REL_ROADNAME,LGT_COND,LGT_CONDNAME,WEATHER,WEATHERNAME,SCH_BUS,NOT_HOUR,NOT_HOURNAME,NOT_MINNAME,ARR_HOUR,ARR_HOURNAME,ARR_MINNAME,HOSP_HR,HOSP_HRNAME,HOSP_MNNAME,FATALS,DRUNK_DR
2016,4,Arizona,40498,1,1,0,1,2,2,1,17,NAVAJO (17),NOT APPLICABLE,11,8,2016,5,Thursday,0,0:00am-0:59am,45,This section IS NOT on the NHS,3,State Highway,SR-73,,2,Urban,4,Minor Arterial,1,State Highway Agency,337,337,33.90950556,-109.94344722,Indian Reservation,8,Pedestrian,0,Not a Collision with Motor Vehicle In-Transport,0,No,1,Non-Junction,1,Not an Intersection,None,1,On Roadway,2,Dark - Not Lighted,10,Cloudy,0,0,0:00am-0:59am,47,0,0:00am-0:59am,54,88,Not Applicable (Not Transported),Not Applicable (Not Transported),1,0
2016,4,Arizona,40499,2,2,0,0,2,2,0,13,MARICOPA (13),SCOTTSDALE,11,8,2016,5,Thursday,10,10:00am-10:59am,57,This section IS NOT on the NHS,6,Local Street - Municipality,WILLIAMS DR,SCOTTSDALE RD,2,Urban,7,Local,98,Not Reported,0,None,33.691525,-111.92498889,No Special Jurisdiction,33,Curb,0,Not a Collision with Motor Vehicle In-Transport,0,No,3,Intersection-Related,3,T-Intersection,None,4,On Roadside,1,Daylight,1,Clear,0,10,10:00am-10:59am,58,11,11:00am-11:59am,4,11,11:00am-11:59am,39,1,0
2016,4,Arizona,40500,3,3,0,0,5,5,0,19,PIMA (19),TUCSON,11,8,2016,5,Thursday,14,2:00pm-2:59pm,39,This section IS ON the NHS,3,State Highway,SR-210 AVIATION PKWY,,2,Urban,2,Principal Arterial - Other Freeways and Expressways,4,City or Municipal Highway Agency,30,30,32.19015278,-110.905225,No Special Jurisdiction,24,Guardrail Face,0,Not a Collision with Motor Vehicle In-Transport,1,Yes,19,Other location within Interchange Area,1,Not an Intersection,None,4,On Roadside,1,Daylight,1,Clear,0,14,2:00pm-2:59pm,40,14,2:00pm-2:59pm,48,99,Unknown,Unknown EMS Hospital Arrival Time,2,0
2016,4,Arizona,40501,1,1,0,1,1,1,1,19,PIMA (19),TUCSON,12,8,2016,6,Friday,17,5:00pm-5:59pm,55,This section IS NOT on the NHS,6,Local Street - Municipality,VALENCIA RD,NEXUS DR,2,Urban,3,Principal Arterial - Other,4,City or Municipal Highway Agency,0,None,32.11909167,-110.797,No Special Jurisdiction,9,Pedalcyclist,0,Not a Collision with Motor Vehicle In-Transport,0,No,3,Intersection-Related,3,T-Intersection,None,1,On Roadway,1,Daylight,1,Clear,0,17,5:00pm-5:59pm,55,17,5:00pm-5:59pm,59,18,6:00pm-6:59pm,53,1,1
2016,4,Arizona,40502,1,1,0,0,1,1,0,15,MOHAVE (15),NOT APPLICABLE,13,8,2016,7,Saturday,13,1:00pm-1:59pm,51,This section IS NOT on the NHS,3,State Highway,SR-66 ANDY DEVINE AVE,,2,Urban,4,Minor Arterial,1,State Highway Agency,35,35,35.25326667,-113.97638889,No Special Jurisdiction,38,Fence,0,Not a Collision with Motor Vehicle In-Transport,0,No,1,Non-Junction,1,Not an Intersection,None,4,On Roadside,1,Daylight,1,Clear,0,13,1:00pm-1:59pm,54,14,2:00pm-2:59pm,0,14,2:00pm-2:59pm,25,1,0
2016,4,Arizona,40505,1,1,0,0,1,1,0,13,MARICOPA (13),PHOENIX,15,8,2016,2,Monday,13,1:00pm-1:59pm,12,This section IS ON the NHS,3,State Highway,SR-101,,2,Urban,2,Principal Arterial - Other Freeways and Expressways,1,State Highway Agency,328,328,33.65933889,-111.93033889,No Special Jurisdiction,1,Rollover/Overturn,0,Not a Collision with Motor Vehicle In-Transport,1,Yes,18,Through Roadway,1,Not an Intersection,None,1,On Roadway,1,Daylight,1,Clear,0,13,1:00pm-1:59pm,13,13,1:00pm-1:59pm,30,88,Not Applicable (Not Transported),Not Applicable (Not Transported),1,0
2016,4,Arizona,40506,3,3,0,0,3,3,0,12,LA PAZ (12),NOT APPLICABLE,15,8,2016,2,Monday,14,2:00pm-2:59pm,35,This section IS ON the NHS,1,Interstate,I-10,,1,Rural,1,Interstate,1,State Highway Agency,436,436,33.63519167,-113.79806389,No Special Jurisdiction,12,Motor Vehicle In-Transport,1,Front-to-Rear,0,No,1,Non-Junction,1,Not an Intersection,None,1,On Roadway,1,Daylight,7,"Blowing Sand, Soil, Dirt",0,14,2:00pm-2:59pm,40,15,3:00pm-3:59pm,32,88,Not Applicable (Not Transported),Not Applicable (Not Transported),1,0
2016,4,Arizona,40507,1,1,0,0,2,2,0,5,COCONINO (5),NOT APPLICABLE,21,8,2016,1,Sunday,4,4:00am-4:59am,0,This section IS NOT on the NHS,2,U.S. Highway,US-180,,1,Rural,5,Major Collector,1,State Highway Agency,354,354,35.56585278,-111.91425556,No Special Jurisdiction,1,Rollover/Overturn,0,Not a Collision with Motor Vehicle In-Transport,0,No,1,Non-Junction,1,Not an Intersection,None,1,On Roadway,2,Dark - Not Lighted,10,Cloudy,0,4,4:00am-4:59am,12,4,4:00am-4:59am,50,99,Unknown,Unknown EMS Hospital Arrival Time,1,0
2016,4,Arizona,40510,3,3,0,0,3,3,0,13,MARICOPA (13),MESA,23,8,2016,3,Tuesday,11,11:00am-11:59am,14,This section IS ON the NHS,3,State Highway,SR-87 COUNTRY CLUB DR,SOUTHERN AVE,2,Urban,3,Principal Arterial - Other,4,City or Municipal Highway Agency,1727,1727,33.39323889,-111.83998611,No Special Jurisdiction,12,Motor Vehicle In-Transport,6,Angle,0,No,2,Intersection,2,Four-Way Intersection,None,1,On Roadway,1,Daylight,10,Cloudy,0,11,11:00am-11:59am,14,11,11:00am-11:59am,14,88,Not Applicable (Not Transported),Not Applicable (Not Transported),1,0
2016,4,Arizona,40512,2,2,0,0,2,2,0,25,YAVAPAI (25),PRESCOTT VALLEY,24,8,2016,4,Wednesday,21,9:00pm-9:59pm,40,This section IS ON the NHS,3,State Highway,SR-89SA FAIN RD,,2,Urban,2,Principal Arterial - Other Freeways and Expressways,1,State Highway Agency,11,11,34.63623333,-112.29981111,No Special Jurisdiction,12,Motor Vehicle In-Transport,1,Front-to-Rear,0,No,1,Non-Junction,1,Not an Intersection,None,1,On Roadway,2,Dark - Not Lighted,1,Clear,0,99,Unknown,,99,Unknown EMS Scene Arrival Hour,,99,Unknown,Unknown EMS Hospital Arrival Time,1,0
2016,4,Arizona,40514,1,1,0,0,1,1,0,12,LA PAZ (12),NOT APPLICABLE,26,8,2016,6,Friday,23,11:00pm-11:59pm,12,This section IS ON the NHS,1,Interstate,I-10,,1,Rural,1,Interstate,1,State Highway Agency,563,563,33.6029,-113.58036389,No Special Jurisdiction,73,Object That Had Fallen From Motor Vehicle In-Transport,0,Not a Collision with Motor Vehicle In-Transport,0,No,1,Non-Junction,1,Not an Intersection,None,1,On Roadway,2,Dark - Not Lighted,1,Clear,0,23,11:00pm-11:59pm,13,23,11:00pm-11:59pm,32,88,Not Applicable (Not Transported),Not Applicable (Not Transported),1,0
2016,4,Arizona,40515,2,2,0,0,3,3,0,13,MARICOPA (13),MESA,27,8,2016,7,Saturday,17,5:00pm-5:59pm,32,This section IS NOT on the NHS,6,Local Street - Municipality,MCKELLIPS RD,GILBERT RD,2,Urban,3,Principal Arterial - Other,4,City or Municipal Highway Agency,0,None,33.45161111,-111.78804722,No Special Jurisdiction,12,Motor Vehicle In-Transport,1,Front-to-Rear,0,No,3,Intersection-Related,2,Four-Way Intersection,None,1,On Roadway,1,Daylight,1,Clear,0,17,5:00pm-5:59pm,32,17,5:00pm-5:59pm,38,18,6:00pm-6:59pm,11,2,2
2016,4,Arizona,40516,3,3,0,0,3,3,0,13,MARICOPA (13),MESA,29,8,2016,2,Monday,7,7:00am-7:59am,17,This section IS ON the NHS,3,State Highway,SR-202,,2,Urban,2,Principal Arterial - Other Freeways and Expressways,1,State Highway Agency,194,194,33.48061944,-111.74749167,No Special Jurisdiction,12,Motor Vehicle In-Transport,1,Front-to-Rear,1,Yes,18,Through Roadway,1,Not an Intersection,None,1,On Roadway,1,Daylight,1,Clear,0,7,7:00am-7:59am,21,7,7:00am-7:59am,27,8,8:00am-8:59am,15,1,0
2016,4,Arizona,40517,2,2,0,0,2,2,0,5,COCONINO (5),NOT APPLICABLE,30,8,2016,3,Tuesday,13,1:00pm-1:59pm,40,This section IS ON the NHS,1,Interstate,I-40,,1,Rural,1,Interstate,1,State Highway Agency,2218,2218,35.14705,-111.23316667,No Special Jurisdiction,12,Motor Vehicle In-Transport,6,Angle,0,No,1,Non-Junction,1,Not an Intersection,None,1,On Roadway,1,Daylight,1,Clear,0,13,1:00pm-1:59pm,40,13,1:00pm-1:59pm,50,88,Not Applicable (Not Transported),Not Applicable (Not Transported),1,0
2016,4,Arizona,40518,1,1,0,1,1,1,1,13,MARICOPA (13),PHOENIX,3,7,2016,1,Sunday,20,8:00pm-8:59pm,12,This section IS NOT on the NHS,6,Local Street - Municipality,NORTHERN AVE,24TH AVE,2,Urban,4,Minor Arterial,4,City or Municipal Highway Agency,0,None,33.55317778,-112.11001111,No Special Jurisdiction,8,Pedestrian,0,Not a Collision with Motor Vehicle In-Transport,0,No,2,Intersection,3,T-Intersection,None,1,On Roadway,3,Dark - Lighted,1,Clear,0,99,Unknown,,99,Unknown EMS Scene Arrival Hour,,99,Unknown,Unknown EMS Hospital Arrival Time,1,0
2016,4,Arizona,40519,2,2,0,0,2,2,0,13,MARICOPA (13),PHOENIX,7,7,2016,5,Thursday,1,1:00am-1:59am,5,This section IS ON the NHS,6,Local Street - Municipality,INDIAN SCHOOL RD,45TH AVE,2,Urban,3,Principal Arterial - Other,4,City or Municipal Highway Agency,0,None,33.49496111,-112.15591667,No Special Jurisdiction,12,Motor Vehicle In-Transport,6,Angle,0,No,2,Intersection,2,Four-Way Intersection,None,1,On Roadway,3,Dark - Lighted,1,Clear,0,1,1:00am-1:59am,8,1,1:00am-1:59am,13,1,1:00am-1:59am,31,1,1
2016,4,Arizona,40520,2,2,0,0,2,2,0,13,MARICOPA (13),PHOENIX,13,7,2016,4,Wednesday,12,12:00pm-12:59pm,39,This section IS NOT on the NHS,2,U.S. Highway,US-60X GRAND AVE,,2,Urban,3,Principal Arterial - Other,1,State Highway Agency,99999,Unknown,33.47682778,-112.11269722,No Special Jurisdiction,12,Motor Vehicle In-Transport,1,Front-to-Rear,0,No,1,Non-Junction,1,Not an Intersection,None,1,On Roadway,1,Daylight,1,Clear,0,99,Unknown,,99,Unknown EMS Scene Arrival Hour,,88,Not Applicable (Not Transported),Not Applicable (Not Transported),1,0
2016,4,Arizona,40521,2,2,0,0,3,3,0,13,MARICOPA (13),PHOENIX,15,7,2016,6,Friday,20,8:00pm-8:59pm,51,This section IS NOT on the NHS,6,Local Street - Municipality,MCDOWELL RD,,2,Urban,4,Minor Arterial,4,City or Municipal Highway Agency,0,None,33.46595278,-112.12137778,No Special Jurisdiction,12,Motor Vehicle In-Transport,7,Sideswipe - Same Direction,0,No,1,Non-Junction,1,Not an Intersection,None,1,On Roadway,3,Dark - Lighted,1,Clear,0,20,8:00pm-8:59pm,53,20,8:00pm-8:59pm,55,99,Unknown,Unknown EMS Hospital Arrival Time,1,1
2016,4,Arizona,40522,1,1,0,0,7,7,0,13,MARICOPA (13),NOT APPLICABLE,6,8,2016,7,Saturday,17,5:00pm-5:59pm,3,This section IS ON the NHS,3,State Highway,SR-87,,1,Rural,3,Principal Arterial - Other,1,State Highway Agency,791,791,33.58283611,-111.61810833,No Special Jurisdiction,1,Rollover/Overturn,0,Not a Collision with Motor Vehicle In-Transport,0,No,1,Non-Junction,1,Not an Intersection,None,1,On Roadway,1,Daylight,1,Clear,0,17,5:00pm-5:59pm,9,17,5:00pm-5:59pm,20,99,Unknown,Unknown EMS Hospital Arrival Time,1,0
2016,4,Arizona,40523,1,1,0,0,1,1,0,5,COCONINO (5),FLAGSTAFF,11,8,2016,5,Thursday,5,5:00am-5:59am,58,This section IS ON the NHS,1,Interstate,I-17,,2,Urban,1,Interstate,1,State Highway Agency,1452,1452,35.16799722,-111.66717222,No Special Jurisdiction,30,Utility Pole/Light Support,0,Not a Collision with Motor Vehicle In-Transport,1,Yes,19,Other location within Interchange Area,1,Not an Intersection,None,3,On Median,4,Dawn,1,Clear,0,5,5:00am-5:59am,58,6,6:00am-6:59am,5,88,Not Applicable (Not Transported),Not Applicable (Not Transported),1,0
2016,4,Arizona,40524,1,1,0,0,1,1,0,13,MARICOPA (13),TEMPE,17,8,2016,4,Wednesday,15,3:00pm-3:59pm,22,This section IS ON the NHS,1,Interstate,I-10 RAMP,,2,Urban,1,Interstate,1,State Highway Agency,1533,1533,33.41164444,-111.9741,No Special Jurisdiction,1,Rollover/Overturn,0,Not a Collision with Motor Vehicle In-Transport,1,Yes,5,Entrance/Exit Ramp Related,1,Not an Intersection,None,4,On Roadside,1,Daylight,1,Clear,0,15,3:00pm-3:59pm,22,15,3:00pm-3:59pm,22,15,3:00pm-3:59pm,33,1,1
2016,4,Arizona,40525,1,1,0,0,1,1,0,13,MARICOPA (13),PHOENIX,19,8,2016,6,Friday,4,4:00am-4:59am,11,This section IS NOT on the NHS,6,Local Street - Municipality,PEORIA AVE,,2,Urban,3,Principal Arterial - Other,4,City or Municipal Highway Agency,0,None,33.58201944,-112.13618611,No Special Jurisdiction,19,Building,0,Not a Collision with Motor Vehicle In-Transport,0,No,1,Non-Junction,1,Not an Intersection,None,4,On Roadside,3,Dark - Lighted,1,Clear,0,4,4:00am-4:59am,13,4,4:00am-4:59am,23,4,4:00am-4:59am,38,1,1
2016,4,Arizona,40526,2,2,0,0,3,3,0,5,COCONINO (5),NOT APPLICABLE,20,8,2016,7,Saturday,10,10:00am-10:59am,48,This section IS ON the NHS,1,Interstate,I-17,,1,Rural,1,Interstate,1,State Highway Agency,1331,1331,35.000625,-111.68615,No Special Jurisdiction,12,Motor Vehicle In-Transport,2,Front-to-Front,0,No,1,Non-Junction,1,Not an Intersection,None,1,On Roadway,1,Daylight,10,Cloudy,0,10,10:00am-10:59am,49,10,10:00am-10:59am,55,11,11:00am-11:59am,43,1,0
2016,4,Arizona,40527,1,1,0,1,1,1,1,13,MARICOPA (13),TOLLESON,27,8,2016,7,Saturday,6,6:00am-6:59am,15,This section IS NOT on the NHS,6,Local Street - Municipality,99TH AVE,,2,Urban,3,Principal Arterial - Other,4,City or Municipal Highway Agency,0,None,33.44385,-112.27242222,No Special Jurisdiction,8,Pedestrian,0,Not a Collision with Motor Vehicle In-Transport,0,No,1,Non-Junction,1,Not an Intersection,None,1,On Roadway,2,Dark - Not Lighted,10,Cloudy,0,6,6:00am-6:59am,15,6,6:00am-6:59am,15,88,Not Applicable (Not Transported),Not Applicable (Not Transported),1,0
2016,4,Arizona,40528,2,2,0,0,3,3,0,17,NAVAJO (17),NOT APPLICABLE,30,8,2016,3,Tuesday,8,8:00am-8:59am,55,This section IS NOT on the NHS,8,Other,BIA 64,,1,Rural,5,Major Collector,62,Bureau of Indian Affairs,0,None,,,Indian Reservation,12,Motor Vehicle In-Transport,99,Unknown,0,No,1,Non-Junction,1,Not an Intersection,None,1,On Roadway,1,Daylight,1,Clear,0,8,8:00am-8:59am,56,9,9:00am-9:59am,3,88,Not Applicable (Not Transported),Not Applicable (Not Transported),1,0
2016,4,Arizona,40529,1,1,0,0,1,1,0,25,YAVAPAI (25),NOT APPLICABLE,4,8,2016,5,Thursday,11,11:00am-11:59am,29,This section IS ON the NHS,1,Interstate,I-40,,1,Rural,1,Interstate,1,State Highway Agency,1070,1070,35.28452222,-113.12297222,No Special Jurisdiction,1,Rollover/Overturn,0,Not a Collision with Motor Vehicle In-Transport,0,No,1,Non-Junction,1,Not an Intersection,None,3,On Median,1,Daylight,10,Cloudy,0,11,11:00am-11:59am,33,12,12:00pm-12:59pm,8,88,Not Applicable (Not Transported),Not Applicable (Not Transported),1,1
2016,4,Arizona,40530,7,7,0,0,8,8,0,13,MARICOPA (13),NOT APPLICABLE,7,8,2016,1,Sunday,20,8:00pm-8:59pm,16,This section IS ON the NHS,3,State Highway,SR-347 QUEEN CREEK RD,,1,Rural,3,Principal Arterial - Other,1,State Highway Agency,275,275,33.25208333,-111.96363333,Indian Reservation,12,Motor Vehicle In-Transport,8,Sideswipe - Opposite Direction,0,No,1,Non-Junction,1,Not an Intersection,None,1,On Roadway,2,Dark - Not Lighted,1,Clear,0,20,8:00pm-8:59pm,14,20,8:00pm-8:59pm,20,99,Unknown,Unknown EMS Hospital Arrival Time,1,0
2016,4,Arizona,40531,1,1,0,1,2,2,1,13,MARICOPA (13),PHOENIX,21,8,2016,1,Sunday,21,9:00pm-9:59pm,21,This section IS ON the NHS,6,Local Street - Municipality,INDIAN SCHOOL RD,9TH ST,2,Urban,3,Principal Arterial - Other,4,City or Municipal Highway Agency,0,None,33.49470556,-112.06284722,No Special Jurisdiction,15,Non-Motorist on Personal Conveyance,0,Not a Collision with Motor Vehicle In-Transport,0,No,2,Intersection,2,Four-Way Intersection,None,1,On Roadway,3,Dark - Lighted,1,Clear,0,99,Unknown,,99,Unknown EMS Scene Arrival Hour,,99,Unknown,Unknown EMS Hospital Arrival Time,1,0
2016,4,Arizona,40532,1,1,0,0,2,2,0,21,PINAL (21),NOT APPLICABLE,23,8,2016,3,Tuesday,5,5:00am-5:59am,14,This section IS ON the NHS,1,Interstate,I-10,,1,Rural,1,Interstate,1,State Highway Agency,2323,2323,32.50686667,-111.26934444,No Special Jurisdiction,52,Guardrail End,0,Not a Collision with Motor Vehicle In-Transport,1,Yes,19,Other location within Interchange Area,1,Not an Intersection,None,4,On Roadside,4,Dawn,1,Clear,0,5,5:00am-5:59am,15,5,5:00am-5:59am,29,6,6:00am-6:59am,23,1,0
2016,4,Arizona,40533,1,1,0,1,2,2,1,7,GILA (7),NOT APPLICABLE,31,8,2016,4,Wednesday,19,7:00pm-7:59pm,40,This section IS NOT on the NHS,3,State Highway,SR-73,,2,Urban,5,Major Collector,1,State Highway Agency,227,227,33.79127222,-110.03162778,Indian Reservation,8,Pedestrian,0,Not a Collision with Motor Vehicle In-Transport,0,No,1,Non-Junction,1,Not an Intersection,None,1,On Roadway,2,Dark - Not Lighted,1,Clear,0,19,7:00pm-7:59pm,40,19,7:00pm-7:59pm,44,20,8:00pm-8:59pm,9,1,0
2016,4,Arizona,40534,1,1,0,0,2,2,0,1,APACHE (1),NOT APPLICABLE,21,1,2016,5,Thursday,20,8:00pm-8:59pm,18,This section IS NOT on the NHS,8,Other,BIA 7,,1,Rural,5,Major Collector,62,Bureau of Indian Affairs,0,None,35.75955,-109.06401389,Indian Reservation,1,Rollover/Overturn,0,Not a Collision with Motor Vehicle In-Transport,0,No,99,Unknown,99,Unknown,None,99,Unknown,6,Dark - Unknown Lighting,98,Not Reported,0,99,Unknown,,99,Unknown EMS Scene Arrival Hour,,99,Unknown,Unknown EMS Hospital Arrival Time,1,0
2016,4,Arizona,40535,2,2,0,0,2,2,0,21,PINAL (21),APACHE JUNCTION,2,6,2016,5,Thursday,13,1:00pm-1:59pm,0,This section IS NOT on the NHS,3,State Highway,SR-88 IDAHO RD,APACHE TRL,2,Urban,3,Principal Arterial - Other,1,State Highway Agency,23,23,33.41898889,-111.54617222,No Special Jurisdiction,12,Motor Vehicle In-Transport,99,Unknown,0,No,2,Intersection,2,Four-Way Intersection,None,1,On Roadway,1,Daylight,1,Clear,0,13,1:00pm-1:59pm,0,99,Unknown EMS Scene Arrival Hour,,99,Unknown,Unknown EMS Hospital Arrival Time,1,0
2016,4,Arizona,40536,1,1,0,0,2,2,0,5,COCONINO (5),NOT APPLICABLE,25,6,2016,7,Saturday,99,Unknown Hours,,This section IS NOT on the NHS,8,Other,UNKNOWN RD,,1,Rural,7,Local,62,Bureau of Indian Affairs,0,None,,,Indian Reservation,99,Unknown,0,Not a Collision with Motor Vehicle In-Transport,0,No,99,Unknown,99,Unknown,None,99,Unknown,9,Unknown,98,Not Reported,0,16,4:00pm-4:59pm,29,16,4:00pm-4:59pm,40,18,6:00pm-6:59pm,14,1,0
2016,4,Arizona,40538,1,1,0,0,1,1,0,5,COCONINO (5),NOT APPLICABLE,1,7,2016,6,Friday,0,0:00am-0:59am,40,This section IS NOT on the NHS,3,State Highway,SR-89T BIA 20,,1,Rural,7,Local,62,Bureau of Indian Affairs,267,267,36.65584444,-111.43784167,Indian Reservation,1,Rollover/Overturn,0,Not a Collision with Motor Vehicle In-Transport,0,No,1,Non-Junction,1,Not an Intersection,None,5,Outside Trafficway,6,Dark - Unknown Lighting,10,Cloudy,0,99,Unknown,,99,Unknown EMS Scene Arrival Hour,,88,Not Applicable (Not Transported),Not Applicable (Not Transported),1,0
2016,4,Arizona,40539,1,1,0,0,4,4,0,5,COCONINO (5),NOT APPLICABLE,2,7,2016,7,Saturday,14,2:00pm-2:59pm,0,This section IS NOT on the NHS,8,Other,FOREST SERVICE RD 218A,,1,Rural,7,Local,98,Not Reported,0,None,34.44590278,-111.39188056,No Special Jurisdiction,5,Fell/Jumped from Vehicle,0,Not a Collision with Motor Vehicle In-Transport,0,No,1,Non-Junction,1,Not an Intersection,None,1,On Roadway,1,Daylight,1,Clear,0,14,2:00pm-2:59pm,11,14,2:00pm-2:59pm,40,15,3:00pm-3:59pm,36,1,1
2016,4,Arizona,40540,1,1,0,0,1,1,0,21,PINAL (21),NOT APPLICABLE,7,7,2016,5,Thursday,2,2:00am-2:59am,13,This section IS ON the NHS,1,Interstate,I-10,,1,Rural,1,Interstate,1,State Highway Agency,2119,2119,32.71805556,-111.50727222,No Special Jurisdiction,1,Rollover/Overturn,0,Not a Collision with Motor Vehicle In-Transport,0,No,1,Non-Junction,1,Not an Intersection,None,3,On Median,2,Dark - Not Lighted,1,Clear,0,2,2:00am-2:59am,15,2,2:00am-2:59am,26,88,Not Applicable (Not Transported),Not Applicable (Not Transported),1,0
2016,4,Arizona,40541,1,1,0,0,4,4,0,5,COCONINO (5),NOT APPLICABLE,9,7,2016,7,Saturday,20,8:00pm-8:59pm,27,This section IS ON the NHS,1,Interstate,I-17,,1,Rural,1,Interstate,1,State Highway Agency,1202,1202,34.84861389,-111.60499444,No Special Jurisdiction,31,"Post, Pole or Other Supports",0,Not a Collision with Motor Vehicle In-Transport,0,No,1,Non-Junction,1,Not an Intersection,None,3,On Median,2,Dark - Not Lighted,1,Clear,0,20,8:00pm-8:59pm,28,20,8:00pm-8:59pm,45,21,9:00pm-9:59pm,52,1,1
2016,4,Arizona,40542,7,7,0,0,12,12,0,13,MARICOPA (13),MESA,14,7,2016,5,Thursday,23,11:00pm-11:59pm,54,This section IS ON the NHS,2,U.S. Highway,US-60,,2,Urban,2,Principal Arterial - Other Freeways and Expressways,1,State Highway Agency,1487,1487,33.38598056,-111.83088056,No Special Jurisdiction,12,Motor Vehicle In-Transport,7,Sideswipe - Same Direction,0,No,1,Non-Junction,1,Not an Intersection,None,1,On Roadway,3,Dark - Lighted,1,Clear,0,23,11:00pm-11:59pm,56,0,0:00am-0:59am,1,88,Not Applicable (Not Transported),Not Applicable (Not Transported),1,1
2016,4,Arizona,40543,1,1,0,1,1,1,1,13,MARICOPA (13),PHOENIX,18,7,2016,2,Monday,20,8:00pm-8:59pm,8,This section IS NOT on the NHS,6,Local Street - Municipality,43RD AVE,,2,Urban,4,Minor Arterial,4,City or Municipal Highway Agency,0,None,33.43719722,-112.15183889,No Special Jurisdiction,8,Pedestrian,0,Not a Collision with Motor Vehicle In-Transport,0,No,1,Non-Junction,1,Not an Intersection,None,1,On Roadway,3,Dark - Lighted,1,Clear,0,20,8:00pm-8:59pm,8,20,8:00pm-8:59pm,13,88,Not Applicable (Not Transported),Not Applicable (Not Transported),1,0
2016,4,Arizona,40544,2,2,0,0,2,2,0,13,MARICOPA (13),PHOENIX,21,7,2016,5,Thursday,6,6:00am-6:59am,33,This section IS ON the NHS,3,State Highway,SR-202 PECOS RD,40TH ST,2,Urban,2,Principal Arterial - Other Freeways and Expressways,1,State Highway Agency,567,567,33.291575,-111.99681944,No Special Jurisdiction,12,Motor Vehicle In-Transport,1,Front-to-Rear,0,No,3,Intersection-Related,2,Four-Way Intersection,None,1,On Roadway,1,Daylight,1,Clear,0,6,6:00am-6:59am,36,6,6:00am-6:59am,39,6,6:00am-6:59am,56,1,1
2016,4,Arizona,40545,1,1,0,0,3,3,0,5,COCONINO (5),NOT APPLICABLE,22,7,2016,6,Friday,6,6:00am-6:59am,46,This section IS ON the NHS,1,Interstate,I-40,,1,Rural,1,Interstate,1,State Highway Agency,1881,1881,35.21188333,-111.77485556,No Special Jurisdiction,35,Embankment,0,Not a Collision with Motor Vehicle In-Transport,0,No,1,Non-Junction,1,Not an Intersection,None,3,On Median,1,Daylight,1,Clear,0,6,6:00am-6:59am,46,7,7:00am-7:59am,26,7,7:00am-7:59am,50,1,0
2016,4,Arizona,40546,2,2,0,1,3,3,1,13,MARICOPA (13),PHOENIX,22,7,2016,6,Friday,20,8:00pm-8:59pm,3,This section IS NOT on the NHS,6,Local Street - Municipality,43RD AVE,,2,Urban,3,Principal Arterial - Other,4,City or Municipal Highway Agency,0,None,33.48992778,-112.151725,No Special Jurisdiction,8,Pedestrian,0,Not a Collision with Motor Vehicle In-Transport,0,No,1,Non-Junction,1,Not an Intersection,None,1,On Roadway,3,Dark - Lighted,1,Clear,0,20,8:00pm-8:59pm,5,20,8:00pm-8:59pm,7,20,8:00pm-8:59pm,27,1,0
2016,4,Arizona,40547,7,5,2,0,5,5,0,13,MARICOPA (13),PHOENIX,26,7,2016,3,Tuesday,10,10:00am-10:59am,50,This section IS NOT on the NHS,6,Local Street - Municipality,GREENWAY PKWY,,2,Urban,3,Principal Arterial - Other,4,City or Municipal Highway Agency,0,None,33.63270278,-112.08448889,No Special Jurisdiction,12,Motor Vehicle In-Transport,1,Front-to-Rear,0,No,1,Non-Junction,1,Not an Intersection,None,1,On Roadway,1,Daylight,1,Clear,0,10,10:00am-10:59am,52,10,10:00am-10:59am,54,11,11:00am-11:59am,12,1,0
2016,4,Arizona,40548,1,1,0,0,1,1,0,5,COCONINO (5),NOT APPLICABLE,26,7,2016,3,Tuesday,16,4:00pm-4:59pm,37,This section IS NOT on the NHS,8,Other,FOREST ROAD 99,,1,Rural,7,Local,98,Not Reported,0,None,34.41997778,-110.77523889,No Special Jurisdiction,17,Boulder,0,Not a Collision with Motor Vehicle In-Transport,0,No,1,Non-Junction,1,Not an Intersection,None,4,On Roadside,1,Daylight,2,Rain,0,16,4:00pm-4:59pm,37,16,4:00pm-4:59pm,53,18,6:00pm-6:59pm,35,1,0
2016,4,Arizona,40549,4,2,2,0,2,2,0,13,MARICOPA (13),PHOENIX,28,7,2016,5,Thursday,22,10:00pm-10:59pm,8,This section IS NOT on the NHS,6,Local Street - Municipality,35TH AVE,ACOMA DR,2,Urban,3,Principal Arterial - Other,4,City or Municipal Highway Agency,0,None,33.61758611,-112.13377778,No Special Jurisdiction,12,Motor Vehicle In-Transport,6,Angle,0,No,2,Intersection,2,Four-Way Intersection,None,1,On Roadway,3,Dark - Lighted,1,Clear,0,22,10:00pm-10:59pm,10,22,10:00pm-10:59pm,13,22,10:00pm-10:59pm,30,1,0