AccidentYear,STATE,STATENAME,ST_CASE,VE_TOTAL,VE_FORMS,PVH_INVL,PEDS,PERSONS,PERMVIT,PERNOTMVIT,COUNTY,COUNTYNAME,CITYNAME,DAY,MONTH,YEAR,DAY_WEEK,DAY_WEEKNAME,HOUR,HOURNAME,MINUTENAME,NHSNAME,ROUTE,ROUTENAME,TWAY_ID,TWAY_ID2,RUR_URB,RUR_URBNAME,FUNC_SYS,FUNC_SYSNAME,RD_OWNER,RD_OWNERNAME,MILEPT,MILEPTNAME,LATITUDENAME,LONGITUDNAME,SP_JURNAME,HARM_EV,HARM_EVNAME,MAN_COLL,MAN_COLLNAME,RELJCT1,RELJCT1NAME,RELJCT2,RELJCT2NAME,TYP_INT,TYP_INTNAME,WRK_ZONENAME,REL_ROAD,REL_ROADNAME,LGT_COND,LGT_CONDNAME,WEATHER,WEATHERNAME,SCH_BUS,NOT_HOUR,NOT_HOURNAME,NOT_MINNAME,ARR_HOUR,ARR_HOURNAME,ARR_MINNAME,HOSP_HR,HOSP_HRNAME,HOSP_MNNAME,FATALS,DRUNK_DR
2016,4,Arizona,40597,1,1,0,3,1,1,3,13,MARICOPA (13),PHOENIX,26,9,2016,2,Monday,23,11:00pm-11:59pm,43,This section IS ON the NHS,1,Interstate,I-17,,2,Urban,1,Interstate,1,State Highway Agency,15,15,33.42804167,-112.05595556,No Special Jurisdiction,8,Pedestrian,0,Not a Collision with Motor Vehicle In-Transport,0,No,1,Non-Junction,1,Not an Intersection,None,2,On Shoulder,3,Dark - Lighted,1,Clear,0,23,11:00pm-11:59pm,43,23,11:00pm-11:59pm,47,0,0:00am-0:59am,13,1,1
2016,4,Arizona,40598,3,3,0,0,4,4,0,3,COCHISE (3),NOT APPLICABLE,29,9,2016,5,Thursday,19,7:00pm-7:59pm,0,This section IS ON the NHS,1,Interstate,I-10,,1,Rural,1,Interstate,1,State Highway Agency,3079,3079,31.96546111,-110.26595278,No Special Jurisdiction,12,Motor Vehicle In-Transport,6,Angle,0,No,1,Non-Junction,1,Not an Intersection,None,1,On Roadway,3,Dark - Lighted,2,Rain,0,19,7:00pm-7:59pm,1,19,7:00pm-7:59pm,10,19,7:00pm-7:59pm,20,1,0
2016,4,Arizona,40599,2,2,0,0,2,2,0,13,MARICOPA (13),MESA,3,8,2016,4,Wednesday,11,11:00am-11:59am,3,This section IS ON the NHS,3,State Highway,SR-202,,2,Urban,2,Principal Arterial - Other Freeways and Expressways,1,State Highway Agency,289,289,33.40803056,-111.64019444,No Special Jurisdiction,12,Motor Vehicle In-Transport,1,Front-to-Rear,1,Yes,18,Through Roadway,1,Not an Intersection,None,1,On Roadway,1,Daylight,1,Clear,0,11,11:00am-11:59am,3,11,11:00am-11:59am,14,11,11:00am-11:59am,53,1,0
2016,4,Arizona,40600,2,2,0,0,3,3,0,13,MARICOPA (13),CHANDLER,3,8,2016,4,Wednesday,13,1:00pm-1:59pm,23,This section IS NOT on the NHS,6,Local Street - Municipality,RAY RD,CONCORD AVE,2,Urban,3,Principal Arterial - Other,4,City or Municipal Highway Agency,0,None,33.32066944,-111.81836667,No Special Jurisdiction,12,Motor Vehicle In-Transport,6,Angle,0,No,2,Intersection,2,Four-Way Intersection,None,1,On Roadway,1,Daylight,10,Cloudy,0,13,1:00pm-1:59pm,24,13,1:00pm-1:59pm,26,13,1:00pm-1:59pm,51,1,0
2016,4,Arizona,40601,2,2,0,0,2,2,0,13,MARICOPA (13),PHOENIX,11,8,2016,5,Thursday,16,4:00pm-4:59pm,54,This section IS NOT on the NHS,6,Local Street - Municipality,JEFFERSON ST,9TH ST,2,Urban,4,Minor Arterial,4,City or Municipal Highway Agency,0,None,33.44722222,-112.06206944,No Special Jurisdiction,12,Motor Vehicle In-Transport,6,Angle,0,No,2,Intersection,2,Four-Way Intersection,None,1,On Roadway,1,Daylight,1,Clear,0,99,Unknown,,99,Unknown EMS Scene Arrival Hour,,99,Unknown,Unknown EMS Hospital Arrival Time,1,0
2016,4,Arizona,40602,2,2,0,0,3,3,0,13,MARICOPA (13),BUCKEYE,31,8,2016,4,Wednesday,12,12:00pm-12:59pm,5,This section IS NOT on the NHS,5,Local Street - Township,APACHE RD,BROADWAY RD,2,Urban,4,Minor Arterial,3,Town or Township Highway Agency,0,None,33.40654167,-112.57374444,No Special Jurisdiction,12,Motor Vehicle In-Transport,6,Angle,0,No,2,Intersection,2,Four-Way Intersection,None,1,On Roadway,1,Daylight,1,Clear,0,12,12:00pm-12:59pm,5,12,12:00pm-12:59pm,13,99,Unknown,Unknown EMS Hospital Arrival Time,1,0
2016,4,Arizona,40603,1,1,0,1,1,1,1,13,MARICOPA (13),PHOENIX,3,8,2016,4,Wednesday,20,8:00pm-8:59pm,9,This section IS NOT on the NHS,6,Local Street - Municipality,CENTRAL AVE,ORANGE DR,2,Urban,3,Principal Arterial - Other,4,City or Municipal Highway Agency,0,None,33.51199722,-112.07373333,No Special Jurisdiction,8,Pedestrian,0,Not a Collision with Motor Vehicle In-Transport,0,No,2,Intersection,3,T-Intersection,None,1,On Roadway,3,Dark - Lighted,1,Clear,0,20,8:00pm-8:59pm,9,20,8:00pm-8:59pm,12,99,Unknown,Unknown EMS Hospital Arrival Time,1,0
2016,4,Arizona,40604,2,1,1,0,1,1,0,13,MARICOPA (13),PHOENIX,8,8,2016,2,Monday,11,11:00am-11:59am,0,This section IS ON the NHS,6,Local Street - Municipality,INDIAN SCHOOL RD,,2,Urban,3,Principal Arterial - Other,4,City or Municipal Highway Agency,0,None,33.49503056,-112.02111667,No Special Jurisdiction,43,Other Fixed Object,0,Not a Collision with Motor Vehicle In-Transport,0,No,1,Non-Junction,1,Not an Intersection,None,4,On Roadside,1,Daylight,1,Clear,0,11,11:00am-11:59am,1,11,11:00am-11:59am,3,11,11:00am-11:59am,19,1,0
2016,4,Arizona,40605,3,3,0,0,8,8,0,13,MARICOPA (13),PHOENIX,9,8,2016,3,Tuesday,7,7:00am-7:59am,49,This section IS ON the NHS,6,Local Street - Municipality,51ST AVE,,2,Urban,3,Principal Arterial - Other,4,City or Municipal Highway Agency,0,None,33.47731389,-112.16900556,No Special Jurisdiction,12,Motor Vehicle In-Transport,6,Angle,0,No,1,Non-Junction,1,Not an Intersection,None,1,On Roadway,1,Daylight,1,Clear,0,7,7:00am-7:59am,50,7,7:00am-7:59am,55,8,8:00am-8:59am,16,1,0
2016,4,Arizona,40608,1,1,0,1,1,1,1,13,MARICOPA (13),PHOENIX,12,8,2016,6,Friday,18,6:00pm-6:59pm,30,This section IS NOT on the NHS,6,Local Street - Municipality,12TH ST,NORTHERN AVE,2,Urban,5,Major Collector,4,City or Municipal Highway Agency,0,None,33.55316389,-112.05653611,No Special Jurisdiction,8,Pedestrian,0,Not a Collision with Motor Vehicle In-Transport,0,No,3,Intersection-Related,2,Four-Way Intersection,None,1,On Roadway,1,Daylight,1,Clear,0,18,6:00pm-6:59pm,32,18,6:00pm-6:59pm,35,18,6:00pm-6:59pm,48,1,0
2016,4,Arizona,40609,1,1,0,1,1,1,1,13,MARICOPA (13),PHOENIX,12,8,2016,6,Friday,22,10:00pm-10:59pm,16,This section IS NOT on the NHS,6,Local Street - Municipality,CAMELBACK RD,,2,Urban,3,Principal Arterial - Other,4,City or Municipal Highway Agency,0,None,33.50940278,-112.08363333,No Special Jurisdiction,8,Pedestrian,0,Not a Collision with Motor Vehicle In-Transport,0,No,1,Non-Junction,1,Not an Intersection,None,1,On Roadway,3,Dark - Lighted,1,Clear,0,99,Unknown,,99,Unknown EMS Scene Arrival Hour,,99,Unknown,Unknown EMS Hospital Arrival Time,1,0
2016,4,Arizona,40610,1,1,0,0,3,3,0,5,COCONINO (5),NOT APPLICABLE,16,8,2016,3,Tuesday,8,8:00am-8:59am,50,This section IS NOT on the NHS,3,State Highway,SR-67,,1,Rural,5,Major Collector,1,State Highway Agency,99999,Unknown,,,National Park Service,99,Unknown,99,Unknown,0,No,99,Unknown,99,Unknown,None,99,Unknown,1,Daylight,98,Not Reported,0,99,Unknown,,99,Unknown EMS Scene Arrival Hour,,99,Unknown,Unknown EMS Hospital Arrival Time,2,0
2016,4,Arizona,40611,1,1,0,1,1,1,1,13,MARICOPA (13),PHOENIX,17,8,2016,4,Wednesday,19,7:00pm-7:59pm,42,This section IS ON the NHS,6,Local Street - Municipality,44TH ST,,2,Urban,3,Principal Arterial - Other,4,City or Municipal Highway Agency,0,None,33.46654444,-111.987025,No Special Jurisdiction,8,Pedestrian,0,Not a Collision with Motor Vehicle In-Transport,0,No,1,Non-Junction,1,Not an Intersection,None,1,On Roadway,3,Dark - Lighted,1,Clear,0,19,7:00pm-7:59pm,44,19,7:00pm-7:59pm,47,88,Not Applicable (Not Transported),Not Applicable (Not Transported),1,0
2016,4,Arizona,40612,2,2,0,0,2,2,0,13,MARICOPA (13),GLENDALE,19,8,2016,6,Friday,4,4:00am-4:59am,10,This section IS ON the NHS,2,U.S. Highway,US-60 GRAND AVE,,2,Urban,3,Principal Arterial - Other,1,State Highway Agency,1249,1249,33.52789722,-112.17315,No Special Jurisdiction,12,Motor Vehicle In-Transport,1,Front-to-Rear,0,No,1,Non-Junction,1,Not an Intersection,None,1,On Roadway,3,Dark - Lighted,1,Clear,0,4,4:00am-4:59am,10,4,4:00am-4:59am,17,4,4:00am-4:59am,35,1,0
2016,4,Arizona,40613,2,2,0,0,2,2,0,13,MARICOPA (13),NOT APPLICABLE,27,8,2016,7,Saturday,15,3:00pm-3:59pm,54,This section IS NOT on the NHS,5,Local Street - Township,27TH AVE,SABER RD,2,Urban,7,Local,98,Not Reported,0,None,33.84035278,-112.11748611,No Special Jurisdiction,12,Motor Vehicle In-Transport,1,Front-to-Rear,0,No,2,Intersection,2,Four-Way Intersection,None,1,On Roadway,1,Daylight,1,Clear,0,16,4:00pm-4:59pm,8,16,4:00pm-4:59pm,18,16,4:00pm-4:59pm,43,1,1
2016,4,Arizona,40614,1,1,0,1,1,1,1,13,MARICOPA (13),PHOENIX,27,8,2016,7,Saturday,19,7:00pm-7:59pm,31,This section IS NOT on the NHS,6,Local Street - Municipality,43RD AVE,,2,Urban,4,Minor Arterial,4,City or Municipal Highway Agency,0,None,33.52529722,-112.1515,No Special Jurisdiction,9,Pedalcyclist,0,Not a Collision with Motor Vehicle In-Transport,0,No,1,Non-Junction,1,Not an Intersection,None,1,On Roadway,3,Dark - Lighted,10,Cloudy,0,19,7:00pm-7:59pm,33,19,7:00pm-7:59pm,38,20,8:00pm-8:59pm,3,1,1
2016,4,Arizona,40615,1,1,0,1,1,1,1,1,APACHE (1),NOT APPLICABLE,28,8,2016,1,Sunday,2,2:00am-2:59am,33,This section IS NOT on the NHS,2,U.S. Highway,US-191,,1,Rural,5,Major Collector,1,State Highway Agency,4223,4223,35.84017778,-109.60186667,Indian Reservation,8,Pedestrian,0,Not a Collision with Motor Vehicle In-Transport,0,No,1,Non-Junction,1,Not an Intersection,None,1,On Roadway,6,Dark - Unknown Lighting,98,Not Reported,0,3,3:00am-3:59am,0,3,3:00am-3:59am,25,88,Not Applicable (Not Transported),Not Applicable (Not Transported),1,0
2016,4,Arizona,40616,2,2,0,0,2,2,0,13,MARICOPA (13),PHOENIX,30,8,2016,3,Tuesday,0,0:00am-0:59am,27,This section IS ON the NHS,6,Local Street - Municipality,BELL RD,32ND ST,2,Urban,3,Principal Arterial - Other,4,City or Municipal Highway Agency,0,None,33.64051389,-112.01350556,No Special Jurisdiction,12,Motor Vehicle In-Transport,6,Angle,0,No,2,Intersection,2,Four-Way Intersection,None,1,On Roadway,3,Dark - Lighted,1,Clear,0,0,0:00am-0:59am,28,0,0:00am-0:59am,29,0,0:00am-0:59am,48,1,1
2016,4,Arizona,40617,2,2,0,1,3,3,1,13,MARICOPA (13),PHOENIX,30,8,2016,3,Tuesday,13,1:00pm-1:59pm,32,This section IS NOT on the NHS,6,Local Street - Municipality,35TH AVE,ROOSEVELT ST,2,Urban,3,Principal Arterial - Other,4,City or Municipal Highway Agency,0,None,33.45864444,-112.13446389,No Special Jurisdiction,12,Motor Vehicle In-Transport,6,Angle,0,No,2,Intersection,2,Four-Way Intersection,None,1,On Roadway,1,Daylight,1,Clear,0,99,Unknown,,99,Unknown EMS Scene Arrival Hour,,99,Unknown,Unknown EMS Hospital Arrival Time,1,0
2016,4,Arizona,40618,2,2,0,0,2,2,0,13,MARICOPA (13),PHOENIX,31,8,2016,4,Wednesday,20,8:00pm-8:59pm,24,This section IS NOT on the NHS,6,Local Street - Municipality,BETHANY HOME RD,,2,Urban,4,Minor Arterial,4,City or Municipal Highway Agency,0,None,33.52382222,-112.07114722,No Special Jurisdiction,12,Motor Vehicle In-Transport,1,Front-to-Rear,0,No,1,Non-Junction,1,Not an Intersection,None,1,On Roadway,3,Dark - Lighted,1,Clear,0,20,8:00pm-8:59pm,24,20,8:00pm-8:59pm,25,20,8:00pm-8:59pm,45,1,1
2016,4,Arizona,40619,1,1,0,0,1,1,0,21,PINAL (21),NOT APPLICABLE,1,9,2016,5,Thursday,21,9:00pm-9:59pm,38,This section IS ON the NHS,1,Interstate,I-8,,1,Rural,1,Interstate,1,State Highway Agency,1761,1761,32.832425,-111.73022778,No Special Jurisdiction,1,Rollover/Overturn,0,Not a Collision with Motor Vehicle In-Transport,0,No,1,Non-Junction,1,Not an Intersection,None,2,On Shoulder,2,Dark - Not Lighted,1,Clear,0,21,9:00pm-9:59pm,40,21,9:00pm-9:59pm,55,88,Not Applicable (Not Transported),Not Applicable (Not Transported),1,1
2016,4,Arizona,40620,1,1,0,1,1,1,1,13,MARICOPA (13),PHOENIX,13,8,2016,7,Saturday,1,1:00am-1:59am,39,This section IS ON the NHS,6,Local Street - Municipality,BELL RD,,2,Urban,3,Principal Arterial - Other,4,City or Municipal Highway Agency,0,None,33.640325,-112.07749722,No Special Jurisdiction,8,Pedestrian,0,Not a Collision with Motor Vehicle In-Transport,0,No,1,Non-Junction,1,Not an Intersection,None,1,On Roadway,3,Dark - Lighted,1,Clear,0,99,Unknown,,99,Unknown EMS Scene Arrival Hour,,99,Unknown,Unknown EMS Hospital Arrival Time,1,0
2016,4,Arizona,40621,1,1,0,1,1,1,1,13,MARICOPA (13),PHOENIX,14,9,2016,4,Wednesday,22,10:00pm-10:59pm,38,This section IS NOT on the NHS,6,Local Street - Municipality,MCDOWELL RD,55TH AVE,2,Urban,4,Minor Arterial,4,City or Municipal Highway Agency,0,None,33.46596944,-112.17835556,No Special Jurisdiction,8,Pedestrian,0,Not a Collision with Motor Vehicle In-Transport,0,No,3,Intersection-Related,3,T-Intersection,None,1,On Roadway,3,Dark - Lighted,1,Clear,0,22,10:00pm-10:59pm,39,22,10:00pm-10:59pm,43,23,11:00pm-11:59pm,1,1,1
2016,4,Arizona,40622,1,1,0,0,2,2,0,27,YUMA (27),NOT APPLICABLE,30,9,2016,6,Friday,19,7:00pm-7:59pm,30,This section IS ON the NHS,1,Interstate,I-8,,1,Rural,1,Interstate,1,State Highway Agency,668,668,32.78875556,-113.56221111,No Special Jurisdiction,1,Rollover/Overturn,0,Not a Collision with Motor Vehicle In-Transport,0,No,1,Non-Junction,1,Not an Intersection,None,1,On Roadway,2,Dark - Not Lighted,1,Clear,0,19,7:00pm-7:59pm,30,20,8:00pm-8:59pm,5,99,Unknown,Unknown EMS Hospital Arrival Time,1,0
2016,4,Arizona,40623,1,1,0,0,5,5,0,1,APACHE (1),NOT APPLICABLE,27,8,2016,7,Saturday,13,1:00pm-1:59pm,31,This section IS NOT on the NHS,8,Other,BIA 7,,1,Rural,4,Minor Arterial,62,Bureau of Indian Affairs,0,None,36.15131111,-109.54645833,Indian Reservation,32,Culvert,0,Not a Collision with Motor Vehicle In-Transport,0,No,1,Non-Junction,1,Not an Intersection,None,5,Outside Trafficway,1,Daylight,2,Rain,0,13,1:00pm-1:59pm,32,13,1:00pm-1:59pm,38,13,1:00pm-1:59pm,54,3,1
2016,4,Arizona,40624,3,3,0,0,4,4,0,13,MARICOPA (13),TEMPE,9,9,2016,6,Friday,11,11:00am-11:59am,25,This section IS ON the NHS,6,Local Street - Municipality,RURAL RD,SOUTHERN AVE,2,Urban,3,Principal Arterial - Other,4,City or Municipal Highway Agency,0,None,33.39294722,-111.92634444,No Special Jurisdiction,12,Motor Vehicle In-Transport,6,Angle,0,No,2,Intersection,2,Four-Way Intersection,None,1,On Roadway,1,Daylight,1,Clear,0,11,11:00am-11:59am,25,11,11:00am-11:59am,31,12,12:00pm-12:59pm,17,1,0
2016,4,Arizona,40625,1,1,0,0,2,2,0,25,YAVAPAI (25),NOT APPLICABLE,17,9,2016,7,Saturday,1,1:00am-1:59am,56,This section IS ON the NHS,3,State Highway,SR-89AS FAIN RD,,2,Urban,2,Principal Arterial - Other Freeways and Expressways,1,State Highway Agency,40,40,34.60626944,-112.27233333,No Special Jurisdiction,1,Rollover/Overturn,0,Not a Collision with Motor Vehicle In-Transport,0,No,1,Non-Junction,1,Not an Intersection,None,3,On Median,2,Dark - Not Lighted,1,Clear,0,1,1:00am-1:59am,56,1,1:00am-1:59am,58,3,3:00am-3:59am,17,1,0
2016,4,Arizona,40626,1,1,0,0,2,2,0,17,NAVAJO (17),NOT APPLICABLE,5,9,2016,2,Monday,10,10:00am-10:59am,36,This section IS NOT on the NHS,5,Local Street - Township,WOODLAND COURT,,1,Rural,7,Local,98,Not Reported,0,None,34.39374167,-110.53666389,No Special Jurisdiction,1,Rollover/Overturn,0,Not a Collision with Motor Vehicle In-Transport,0,No,1,Non-Junction,1,Not an Intersection,None,1,On Roadway,1,Daylight,1,Clear,0,10,10:00am-10:59am,37,10,10:00am-10:59am,44,88,Not Applicable (Not Transported),Not Applicable (Not Transported),1,0
2016,4,Arizona,40627,1,1,0,0,1,1,0,17,NAVAJO (17),SHOW LOW,9,9,2016,6,Friday,18,6:00pm-6:59pm,46,This section IS NOT on the NHS,6,Local Street - Municipality,PINE WAY,,2,Urban,7,Local,98,Not Reported,0,None,34.20620556,-110.01819444,No Special Jurisdiction,5,Fell/Jumped from Vehicle,0,Not a Collision with Motor Vehicle In-Transport,0,No,4,Driveway Access,1,Not an Intersection,None,1,On Roadway,6,Dark - Unknown Lighting,98,Not Reported,0,99,Unknown,,99,Unknown EMS Scene Arrival Hour,,88,Not Applicable (Not Transported),Not Applicable (Not Transported),1,0
2016,4,Arizona,40628,1,1,0,1,1,1,1,13,MARICOPA (13),AVONDALE,9,9,2016,6,Friday,19,7:00pm-7:59pm,38,This section IS NOT on the NHS,6,Local Street - Municipality,RILEY DR,DYSART RD,2,Urban,7,Local,98,Not Reported,0,None,33.43898333,-112.34103056,No Special Jurisdiction,8,Pedestrian,0,Not a Collision with Motor Vehicle In-Transport,0,No,3,Intersection-Related,2,Four-Way Intersection,None,1,On Roadway,3,Dark - Lighted,1,Clear,0,99,Unknown,,99,Unknown EMS Scene Arrival Hour,,99,Unknown,Unknown EMS Hospital Arrival Time,1,0
2016,4,Arizona,40629,1,1,0,0,2,2,0,13,MARICOPA (13),GILA BEND,11,9,2016,1,Sunday,1,1:00am-1:59am,39,This section IS NOT on the NHS,6,Local Street - Municipality,HARRINGTON AVE,INDIAN RD,1,Rural,7,Local,98,Not Reported,0,None,32.95654722,-112.73063056,No Special Jurisdiction,41,Shrubbery,0,Not a Collision with Motor Vehicle In-Transport,0,No,3,Intersection-Related,3,T-Intersection,None,5,Outside Trafficway,2,Dark - Not Lighted,1,Clear,0,1,1:00am-1:59am,38,1,1:00am-1:59am,46,3,3:00am-3:59am,10,1,0
2016,4,Arizona,40630,1,1,0,0,2,2,0,12,LA PAZ (12),NOT APPLICABLE,12,9,2016,2,Monday,99,Unknown Hours,,Unknown if this section is on the NHS,9,Unknown,UNKNOWN RD,,9,Unknown,99,Unknown,99,Unknown,99999,Unknown,,,Indian Reservation,3,Immersion or Partial Immersion,0,Not a Collision with Motor Vehicle In-Transport,0,No,99,Unknown,99,Unknown,None,99,Unknown,9,Unknown,98,Not Reported,0,99,Unknown,,99,Unknown EMS Scene Arrival Hour,,99,Unknown,Unknown EMS Hospital Arrival Time,1,0
2016,4,Arizona,40631,1,1,0,1,3,3,1,13,MARICOPA (13),TOLLESON,17,9,2016,7,Saturday,19,7:00pm-7:59pm,41,This section IS NOT on the NHS,4,County Road,CR-MC 85 BUCKEYE RD,103RD AVE,2,Urban,3,Principal Arterial - Other,2,County Highway Agency,0,None,33.43558333,-112.28130278,No Special Jurisdiction,8,Pedestrian,0,Not a Collision with Motor Vehicle In-Transport,0,No,3,Intersection-Related,3,T-Intersection,None,1,On Roadway,2,Dark - Not Lighted,1,Clear,0,19,7:00pm-7:59pm,41,19,7:00pm-7:59pm,44,88,Not Applicable (Not Transported),Not Applicable (Not Transported),1,0
2016,4,Arizona,40632,1,1,0,0,2,2,0,1,APACHE (1),NOT APPLICABLE,18,9,2016,1,Sunday,7,7:00am-7:59am,6,This section IS NOT on the NHS,8,Other,BIA 7,,1,Rural,5,Major Collector,62,Bureau of Indian Affairs,0,None,,,Indian Reservation,1,Rollover/Overturn,0,Not a Collision with Motor Vehicle In-Transport,0,No,99,Unknown,99,Unknown,None,99,Unknown,1,Daylight,98,Not Reported,0,99,Unknown,,99,Unknown EMS Scene Arrival Hour,,99,Unknown,Unknown EMS Hospital Arrival Time,1,0
2016,4,Arizona,40633,1,1,0,0,4,4,0,5,COCONINO (5),NOT APPLICABLE,18,9,2016,1,Sunday,17,5:00pm-5:59pm,0,This section IS NOT on the NHS,8,Other,BIA 6710,,1,Rural,7,Local,62,Bureau of Indian Affairs,0,None,35.94299167,-111.10272778,Indian Reservation,1,Rollover/Overturn,0,Not a Collision with Motor Vehicle In-Transport,0,No,1,Non-Junction,1,Not an Intersection,None,1,On Roadway,6,Dark - Unknown Lighting,99,Unknown,0,99,Unknown,,99,Unknown EMS Scene Arrival Hour,,99,Unknown,Unknown EMS Hospital Arrival Time,1,0
2016,4,Arizona,40634,2,2,0,0,3,3,0,13,MARICOPA (13),PEORIA,18,9,2016,1,Sunday,17,5:00pm-5:59pm,38,This section IS NOT on the NHS,6,Local Street - Municipality,THUNDERBIRD RD,83RD AVE,2,Urban,3,Principal Arterial - Other,4,City or Municipal Highway Agency,0,None,33.61003889,-112.23756111,No Special Jurisdiction,12,Motor Vehicle In-Transport,6,Angle,0,No,2,Intersection,2,Four-Way Intersection,None,1,On Roadway,1,Daylight,1,Clear,0,17,5:00pm-5:59pm,37,99,Unknown EMS Scene Arrival Hour,,99,Unknown,Unknown EMS Hospital Arrival Time,1,0
2016,4,Arizona,40635,2,2,0,0,2,2,0,13,MARICOPA (13),WICKENBURG,19,9,2016,2,Monday,5,5:00am-5:59am,55,This section IS ON the NHS,2,U.S. Highway,US-93,,1,Rural,3,Principal Arterial - Other,1,State Highway Agency,2002,2002,33.99105278,-112.74761389,No Special Jurisdiction,12,Motor Vehicle In-Transport,2,Front-to-Front,0,No,1,Non-Junction,1,Not an Intersection,None,1,On Roadway,1,Daylight,1,Clear,0,6,6:00am-6:59am,8,6,6:00am-6:59am,11,99,Unknown,Unknown EMS Hospital Arrival Time,1,1
2016,4,Arizona,40636,2,2,0,0,5,5,0,13,MARICOPA (13),GLENDALE,24,9,2016,7,Saturday,17,5:00pm-5:59pm,5,This section IS ON the NHS,2,U.S. Highway,US-60 GRAND AVE,NORTHERN AVE,2,Urban,3,Principal Arterial - Other,1,State Highway Agency,1225,1225,33.552375,-112.20220833,No Special Jurisdiction,12,Motor Vehicle In-Transport,7,Sideswipe - Same Direction,0,No,3,Intersection-Related,2,Four-Way Intersection,None,1,On Roadway,1,Daylight,1,Clear,0,17,5:00pm-5:59pm,6,17,5:00pm-5:59pm,11,17,5:00pm-5:59pm,39,1,0
2016,4,Arizona,40637,1,1,0,0,2,2,0,1,APACHE (1),NOT APPLICABLE,22,1,2016,6,Friday,17,5:00pm-5:59pm,46,This section IS NOT on the NHS,9,Unknown,DIRT RD,,1,Rural,7,Local,99,Unknown,0,None,,,Indian Reservation,1,Rollover/Overturn,0,Not a Collision with Motor Vehicle In-Transport,0,No,1,Non-Junction,1,Not an Intersection,None,1,On Roadway,1,Daylight,98,Not Reported,0,99,Unknown,,99,Unknown EMS Scene Arrival Hour,,99,Unknown,Unknown EMS Hospital Arrival Time,1,0
2016,4,Arizona,40638,2,2,0,0,3,3,0,13,MARICOPA (13),PHOENIX,2,9,2016,6,Friday,1,1:00am-1:59am,0,This section IS ON the NHS,3,State Highway,SR-202,,2,Urban,2,Principal Arterial - Other Freeways and Expressways,1,State Highway Agency,15,15,33.46183889,-112.01748056,No Special Jurisdiction,12,Motor Vehicle In-Transport,6,Angle,1,Yes,18,Through Roadway,1,Not an Intersection,Construction,1,On Roadway,3,Dark - Lighted,1,Clear,0,1,1:00am-1:59am,1,1,1:00am-1:59am,6,99,Unknown,Unknown EMS Hospital Arrival Time,1,0
2016,4,Arizona,40639,2,2,0,0,4,4,0,13,MARICOPA (13),PHOENIX,3,9,2016,7,Saturday,0,0:00am-0:59am,32,This section IS NOT on the NHS,6,Local Street - Municipality,BROADWAY RD,103RD AVE,2,Urban,4,Minor Arterial,4,City or Municipal Highway Agency,0,None,33.40643056,-112.28073889,No Special Jurisdiction,12,Motor Vehicle In-Transport,6,Angle,0,No,2,Intersection,2,Four-Way Intersection,None,1,On Roadway,3,Dark - Lighted,1,Clear,0,0,0:00am-0:59am,33,0,0:00am-0:59am,37,88,Not Applicable (Not Transported),Not Applicable (Not Transported),1,0
2016,4,Arizona,40641,1,1,0,1,1,1,1,13,MARICOPA (13),PHOENIX,15,9,2016,5,Thursday,22,10:00pm-10:59pm,35,This section IS NOT on the NHS,6,Local Street - Municipality,MCDOWELL RD,48TH ST,2,Urban,3,Principal Arterial - Other,4,City or Municipal Highway Agency,0,None,33.46556111,-111.97858056,No Special Jurisdiction,8,Pedestrian,0,Not a Collision with Motor Vehicle In-Transport,0,No,2,Intersection,2,Four-Way Intersection,None,1,On Roadway,3,Dark - Lighted,1,Clear,0,22,10:00pm-10:59pm,38,22,10:00pm-10:59pm,42,22,10:00pm-10:59pm,53,1,0
2016,4,Arizona,40642,1,1,0,0,2,2,0,13,MARICOPA (13),PHOENIX,17,9,2016,7,Saturday,18,6:00pm-6:59pm,21,This section IS NOT on the NHS,6,Local Street - Municipality,27TH AVE,,2,Urban,4,Minor Arterial,4,City or Municipal Highway Agency,0,None,33.39575833,-112.11638611,No Special Jurisdiction,1,Rollover/Overturn,0,Not a Collision with Motor Vehicle In-Transport,0,No,1,Non-Junction,1,Not an Intersection,None,1,On Roadway,5,Dusk,1,Clear,0,18,6:00pm-6:59pm,24,18,6:00pm-6:59pm,24,18,6:00pm-6:59pm,48,1,0
2016,4,Arizona,40643,1,1,0,1,2,2,1,13,MARICOPA (13),PHOENIX,22,9,2016,5,Thursday,20,8:00pm-8:59pm,56,This section IS ON the NHS,6,Local Street - Municipality,7TH ST,,2,Urban,3,Principal Arterial - Other,4,City or Municipal Highway Agency,0,None,33.64367222,-112.06555556,No Special Jurisdiction,8,Pedestrian,0,Not a Collision with Motor Vehicle In-Transport,0,No,1,Non-Junction,1,Not an Intersection,None,1,On Roadway,3,Dark - Lighted,1,Clear,0,20,8:00pm-8:59pm,56,99,Unknown EMS Scene Arrival Hour,,99,Unknown,Unknown EMS Hospital Arrival Time,1,0
2016,4,Arizona,40644,1,1,0,1,3,3,1,13,MARICOPA (13),PHOENIX,22,9,2016,5,Thursday,20,8:00pm-8:59pm,28,This section IS NOT on the NHS,6,Local Street - Municipality,GLENDALE AVE,,2,Urban,3,Principal Arterial - Other,4,City or Municipal Highway Agency,0,None,33.53861389,-112.09817778,No Special Jurisdiction,8,Pedestrian,0,Not a Collision with Motor Vehicle In-Transport,0,No,1,Non-Junction,1,Not an Intersection,None,1,On Roadway,3,Dark - Lighted,1,Clear,0,20,8:00pm-8:59pm,29,20,8:00pm-8:59pm,30,20,8:00pm-8:59pm,48,1,0