AccidentYear,STATE,STATENAME,ST_CASE,VE_TOTAL,VE_FORMS,PVH_INVL,PEDS,PERSONS,PERMVIT,PERNOTMVIT,COUNTY,COUNTYNAME,CITYNAME,DAY,MONTH,YEAR,DAY_WEEK,DAY_WEEKNAME,HOUR,HOURNAME,MINUTENAME,NHSNAME,ROUTE,ROUTENAME,TWAY_ID,TWAY_ID2,RUR_URB,RUR_URBNAME,FUNC_SYS,FUNC_SYSNAME,RD_OWNER,RD_OWNERNAME,MILEPT,MILEPTNAME,LATITUDENAME,LONGITUDNAME,SP_JURNAME,HARM_EV,HARM_EVNAME,MAN_COLL,MAN_COLLNAME,RELJCT1,RELJCT1NAME,RELJCT2,RELJCT2NAME,TYP_INT,TYP_INTNAME,WRK_ZONENAME,REL_ROAD,REL_ROADNAME,LGT_COND,LGT_CONDNAME,WEATHER,WEATHERNAME,SCH_BUS,NOT_HOUR,NOT_HOURNAME,NOT_MINNAME,ARR_HOUR,ARR_HOURNAME,ARR_MINNAME,HOSP_HR,HOSP_HRNAME,HOSP_MNNAME,FATALS,DRUNK_DR
2016,4,Arizona,40645,1,1,0,1,1,1,1,13,MARICOPA (13),PHOENIX,23,9,2016,6,Friday,5,5:00am-5:59am,49,This section IS ON the NHS,3,State Highway,SR-202 RAMP,24TH ST,2,Urban,2,Principal Arterial - Other Freeways and Expressways,1,State Highway Agency,10,10,33.4621,-112.03015556,No Special Jurisdiction,9,Pedalcyclist,0,Not a Collision with Motor Vehicle In-Transport,1,Yes,3,Intersection-Related,2,Four-Way Intersection,None,1,On Roadway,3,Dark - Lighted,1,Clear,0,5,5:00am-5:59am,50,5,5:00am-5:59am,54,6,6:00am-6:59am,10,1,0
2016,4,Arizona,40646,1,1,0,1,1,1,1,13,MARICOPA (13),PHOENIX,23,9,2016,6,Friday,11,11:00am-11:59am,10,This section IS NOT on the NHS,6,Local Street - Municipality,VAN BUREN ST,37TH AVE,2,Urban,4,Minor Arterial,4,City or Municipal Highway Agency,0,None,33.45141389,-112.13881389,No Special Jurisdiction,9,Pedalcyclist,0,Not a Collision with Motor Vehicle In-Transport,0,No,3,Intersection-Related,2,Four-Way Intersection,None,1,On Roadway,1,Daylight,1,Clear,0,11,11:00am-11:59am,12,11,11:00am-11:59am,17,88,Not Applicable (Not Transported),Not Applicable (Not Transported),1,0
2016,4,Arizona,40648,2,2,0,0,2,2,0,13,MARICOPA (13),PHOENIX,23,9,2016,6,Friday,23,11:00pm-11:59pm,7,This section IS ON the NHS,6,Local Street - Municipality,THUNDERBIRD RD,,2,Urban,3,Principal Arterial - Other,4,City or Municipal Highway Agency,0,None,33.60488611,-112.05426111,No Special Jurisdiction,33,Curb,0,Not a Collision with Motor Vehicle In-Transport,0,No,1,Non-Junction,1,Not an Intersection,None,4,On Roadside,3,Dark - Lighted,1,Clear,0,99,Unknown,,99,Unknown EMS Scene Arrival Hour,,99,Unknown,Unknown EMS Hospital Arrival Time,1,0
2016,4,Arizona,40649,2,2,0,0,2,2,0,13,MARICOPA (13),PHOENIX,25,9,2016,1,Sunday,21,9:00pm-9:59pm,40,This section IS NOT on the NHS,6,Local Street - Municipality,27TH AVE,,2,Urban,4,Minor Arterial,4,City or Municipal Highway Agency,0,None,33.54749722,-112.11698889,No Special Jurisdiction,12,Motor Vehicle In-Transport,2,Front-to-Front,0,No,1,Non-Junction,1,Not an Intersection,None,1,On Roadway,3,Dark - Lighted,1,Clear,0,21,9:00pm-9:59pm,40,21,9:00pm-9:59pm,42,22,10:00pm-10:59pm,29,1,0
2016,4,Arizona,40650,2,2,0,1,2,2,1,13,MARICOPA (13),PHOENIX,26,9,2016,2,Monday,15,3:00pm-3:59pm,44,This section IS ON the NHS,6,Local Street - Municipality,BELL RD,35TH AVE,2,Urban,3,Principal Arterial - Other,4,City or Municipal Highway Agency,0,None,33.63951667,-112.13435278,No Special Jurisdiction,12,Motor Vehicle In-Transport,6,Angle,0,No,2,Intersection,2,Four-Way Intersection,None,1,On Roadway,1,Daylight,10,Cloudy,0,15,3:00pm-3:59pm,44,15,3:00pm-3:59pm,49,88,Not Applicable (Not Transported),Not Applicable (Not Transported),1,1
2016,4,Arizona,40651,3,3,0,0,4,4,0,13,MARICOPA (13),PHOENIX,27,9,2016,3,Tuesday,7,7:00am-7:59am,18,This section IS NOT on the NHS,6,Local Street - Municipality,19TH AVE,,2,Urban,3,Principal Arterial - Other,4,City or Municipal Highway Agency,0,None,33.61974722,-112.09965556,No Special Jurisdiction,12,Motor Vehicle In-Transport,1,Front-to-Rear,0,No,1,Non-Junction,1,Not an Intersection,None,1,On Roadway,1,Daylight,1,Clear,0,7,7:00am-7:59am,8,7,7:00am-7:59am,14,7,7:00am-7:59am,35,1,0
2016,4,Arizona,40652,1,1,0,1,2,2,1,13,MARICOPA (13),GLENDALE,28,9,2016,4,Wednesday,5,5:00am-5:59am,55,This section IS NOT on the NHS,6,Local Street - Municipality,CAMELBACK RD,69TH AVE,2,Urban,3,Principal Arterial - Other,4,City or Municipal Highway Agency,0,None,33.50918333,-112.20783056,No Special Jurisdiction,8,Pedestrian,0,Not a Collision with Motor Vehicle In-Transport,0,No,1,Non-Junction,1,Not an Intersection,None,1,On Roadway,4,Dawn,10,Cloudy,0,5,5:00am-5:59am,55,6,6:00am-6:59am,1,88,Not Applicable (Not Transported),Not Applicable (Not Transported),1,0
2016,4,Arizona,40653,2,2,0,0,2,2,0,13,MARICOPA (13),SCOTTSDALE,30,9,2016,6,Friday,17,5:00pm-5:59pm,57,This section IS NOT on the NHS,6,Local Street - Municipality,CACTUS RD,94TH ST,2,Urban,4,Minor Arterial,4,City or Municipal Highway Agency,0,None,33.59704167,-111.87833611,No Special Jurisdiction,12,Motor Vehicle In-Transport,99,Unknown,0,No,2,Intersection,2,Four-Way Intersection,None,1,On Roadway,1,Daylight,1,Clear,0,17,5:00pm-5:59pm,57,18,6:00pm-6:59pm,1,18,6:00pm-6:59pm,32,1,0
2016,4,Arizona,40654,1,1,0,1,2,2,1,13,MARICOPA (13),PHOENIX,30,9,2016,6,Friday,19,7:00pm-7:59pm,12,This section IS ON the NHS,6,Local Street - Municipality,TATUM BLVD,,2,Urban,3,Principal Arterial - Other,4,City or Municipal Highway Agency,0,None,33.61704722,-111.97798611,No Special Jurisdiction,8,Pedestrian,0,Not a Collision with Motor Vehicle In-Transport,0,No,1,Non-Junction,1,Not an Intersection,None,1,On Roadway,3,Dark - Lighted,1,Clear,0,19,7:00pm-7:59pm,14,19,7:00pm-7:59pm,18,19,7:00pm-7:59pm,37,1,0
2016,4,Arizona,40656,2,2,0,0,3,3,0,13,MARICOPA (13),PHOENIX,30,9,2016,6,Friday,19,7:00pm-7:59pm,33,This section IS NOT on the NHS,6,Local Street - Municipality,UNION HILLS DR,23RD AVE,2,Urban,4,Minor Arterial,4,City or Municipal Highway Agency,0,None,33.65476667,-112.10840278,No Special Jurisdiction,1,Rollover/Overturn,0,Not a Collision with Motor Vehicle In-Transport,0,No,2,Intersection,3,T-Intersection,None,1,On Roadway,3,Dark - Lighted,1,Clear,0,99,Unknown,,99,Unknown EMS Scene Arrival Hour,,99,Unknown,Unknown EMS Hospital Arrival Time,1,1
2016,4,Arizona,40657,2,2,0,0,2,2,0,19,PIMA (19),TUCSON,1,10,2016,7,Saturday,23,11:00pm-11:59pm,11,This section IS NOT on the NHS,6,Local Street - Municipality,PIMA ST,SAHUARA AVE,2,Urban,4,Minor Arterial,4,City or Municipal Highway Agency,0,None,32.24336111,-110.86668889,No Special Jurisdiction,12,Motor Vehicle In-Transport,6,Angle,0,No,2,Intersection,2,Four-Way Intersection,None,1,On Roadway,3,Dark - Lighted,1,Clear,0,23,11:00pm-11:59pm,11,23,11:00pm-11:59pm,16,23,11:00pm-11:59pm,32,1,0
2016,4,Arizona,40659,1,1,0,0,1,1,0,7,GILA (7),NOT APPLICABLE,4,10,2016,3,Tuesday,11,11:00am-11:59am,39,This section IS NOT on the NHS,3,State Highway,SR-188,,1,Rural,5,Major Collector,1,State Highway Agency,298,298,33.675875,-111.16055,No Special Jurisdiction,25,Concrete Traffic Barrier,0,Not a Collision with Motor Vehicle In-Transport,0,No,1,Non-Junction,1,Not an Intersection,None,4,On Roadside,1,Daylight,1,Clear,0,11,11:00am-11:59am,30,11,11:00am-11:59am,41,88,Not Applicable (Not Transported),Not Applicable (Not Transported),1,0
2016,4,Arizona,40660,2,2,0,0,4,4,0,19,PIMA (19),NOT APPLICABLE,4,10,2016,3,Tuesday,17,5:00pm-5:59pm,30,This section IS NOT on the NHS,4,County Road,CR-INA RD,,2,Urban,3,Principal Arterial - Other,2,County Highway Agency,0,None,32.33755556,-111.03824722,No Special Jurisdiction,12,Motor Vehicle In-Transport,1,Front-to-Rear,0,No,1,Non-Junction,1,Not an Intersection,None,1,On Roadway,1,Daylight,1,Clear,0,17,5:00pm-5:59pm,31,17,5:00pm-5:59pm,58,18,6:00pm-6:59pm,20,1,0
2016,4,Arizona,40661,1,1,0,1,1,1,1,13,MARICOPA (13),PHOENIX,4,10,2016,3,Tuesday,17,5:00pm-5:59pm,36,This section IS NOT on the NHS,6,Local Street - Municipality,VAN BUREN ST,,2,Urban,4,Minor Arterial,4,City or Municipal Highway Agency,0,None,33.45141944,-112.13546389,No Special Jurisdiction,8,Pedestrian,0,Not a Collision with Motor Vehicle In-Transport,0,No,1,Non-Junction,1,Not an Intersection,None,1,On Roadway,5,Dusk,1,Clear,0,17,5:00pm-5:59pm,37,17,5:00pm-5:59pm,40,88,Not Applicable (Not Transported),Not Applicable (Not Transported),1,0
2016,4,Arizona,40662,2,2,0,0,5,5,0,7,GILA (7),NOT APPLICABLE,5,10,2016,4,Wednesday,15,3:00pm-3:59pm,10,This section IS NOT on the NHS,3,State Highway,SR-87,,1,Rural,4,Minor Arterial,1,State Highway Agency,1378,1378,34.27873056,-111.323925,No Special Jurisdiction,24,Guardrail Face,0,Not a Collision with Motor Vehicle In-Transport,0,No,1,Non-Junction,1,Not an Intersection,None,4,On Roadside,1,Daylight,1,Clear,0,15,3:00pm-3:59pm,10,15,3:00pm-3:59pm,15,16,4:00pm-4:59pm,31,1,0
2016,4,Arizona,40663,2,2,0,0,5,5,0,19,PIMA (19),TUCSON,7,10,2016,6,Friday,20,8:00pm-8:59pm,51,This section IS NOT on the NHS,6,Local Street - Municipality,GRANT RD,PLUMER AVE,2,Urban,3,Principal Arterial - Other,4,City or Municipal Highway Agency,0,None,32.25032222,-110.93970833,No Special Jurisdiction,12,Motor Vehicle In-Transport,2,Front-to-Front,0,No,3,Intersection-Related,3,T-Intersection,None,1,On Roadway,3,Dark - Lighted,1,Clear,0,20,8:00pm-8:59pm,51,20,8:00pm-8:59pm,54,20,8:00pm-8:59pm,56,1,0
2016,4,Arizona,40664,1,1,0,0,1,1,0,13,MARICOPA (13),MESA,8,10,2016,7,Saturday,8,8:00am-8:59am,2,This section IS ON the NHS,2,U.S. Highway,US-60 OFF RAMP,,2,Urban,2,Principal Arterial - Other Freeways and Expressways,1,State Highway Agency,1537,1537,33.38586667,-111.74017778,No Special Jurisdiction,1,Rollover/Overturn,0,Not a Collision with Motor Vehicle In-Transport,1,Yes,5,Entrance/Exit Ramp Related,1,Not an Intersection,None,4,On Roadside,1,Daylight,1,Clear,0,8,8:00am-8:59am,3,8,8:00am-8:59am,12,88,Not Applicable (Not Transported),Not Applicable (Not Transported),1,0
2016,4,Arizona,40665,1,1,0,0,4,4,0,25,YAVAPAI (25),NOT APPLICABLE,8,10,2016,7,Saturday,11,11:00am-11:59am,25,This section IS NOT on the NHS,8,Other,FOREST SERVICE RD 9268R,,1,Rural,7,Local,98,Not Reported,0,None,34.29414444,-112.28175278,No Special Jurisdiction,17,Boulder,0,Not a Collision with Motor Vehicle In-Transport,0,No,1,Non-Junction,1,Not an Intersection,None,1,On Roadway,1,Daylight,1,Clear,0,99,Unknown,,99,Unknown EMS Scene Arrival Hour,,99,Unknown,Unknown EMS Hospital Arrival Time,1,0
2016,4,Arizona,40666,2,2,0,0,4,4,0,13,MARICOPA (13),PEORIA,9,10,2016,1,Sunday,19,7:00pm-7:59pm,23,This section IS ON the NHS,6,Local Street - Municipality,NORTHERN AVE,75TH AVE,2,Urban,3,Principal Arterial - Other,4,City or Municipal Highway Agency,0,None,33.55235,-112.22035556,No Special Jurisdiction,12,Motor Vehicle In-Transport,6,Angle,0,No,2,Intersection,2,Four-Way Intersection,None,1,On Roadway,3,Dark - Lighted,1,Clear,0,99,Unknown,,99,Unknown EMS Scene Arrival Hour,,99,Unknown,Unknown EMS Hospital Arrival Time,1,0
2016,4,Arizona,40667,1,1,0,0,1,1,0,5,COCONINO (5),NOT APPLICABLE,11,10,2016,3,Tuesday,8,8:00am-8:59am,24,This section IS NOT on the NHS,3,State Highway,SR-87,,1,Rural,5,Major Collector,1,State Highway Agency,1844,1844,34.62673611,-111.14160833,No Special Jurisdiction,42,Tree (Standing Only),0,Not a Collision with Motor Vehicle In-Transport,0,No,1,Non-Junction,1,Not an Intersection,None,4,On Roadside,1,Daylight,1,Clear,0,8,8:00am-8:59am,24,8,8:00am-8:59am,30,88,Not Applicable (Not Transported),Not Applicable (Not Transported),1,0
2016,4,Arizona,40668,1,1,0,0,1,1,0,13,MARICOPA (13),PHOENIX,11,10,2016,3,Tuesday,15,3:00pm-3:59pm,35,This section IS NOT on the NHS,6,Local Street - Municipality,CHANDLER BLVD,,2,Urban,4,Minor Arterial,4,City or Municipal Highway Agency,0,None,33.30881389,-112.06076944,No Special Jurisdiction,33,Curb,0,Not a Collision with Motor Vehicle In-Transport,0,No,1,Non-Junction,1,Not an Intersection,None,4,On Roadside,1,Daylight,1,Clear,0,15,3:00pm-3:59pm,36,15,3:00pm-3:59pm,40,16,4:00pm-4:59pm,4,1,0
2016,4,Arizona,40669,1,1,0,0,3,3,0,19,PIMA (19),NOT APPLICABLE,12,10,2016,4,Wednesday,19,7:00pm-7:59pm,40,This section IS NOT on the NHS,3,State Highway,SR-286,,1,Rural,5,Major Collector,1,State Highway Agency,136,136,31.66611944,-111.48791944,No Special Jurisdiction,1,Rollover/Overturn,0,Not a Collision with Motor Vehicle In-Transport,0,No,1,Non-Junction,1,Not an Intersection,None,4,On Roadside,2,Dark - Not Lighted,1,Clear,0,20,8:00pm-8:59pm,0,20,8:00pm-8:59pm,51,21,9:00pm-9:59pm,24,2,0
2016,4,Arizona,40670,1,1,0,0,2,2,0,25,YAVAPAI (25),NOT APPLICABLE,13,10,2016,5,Thursday,15,3:00pm-3:59pm,9,This section IS NOT on the NHS,3,State Highway,SR-71,,1,Rural,5,Major Collector,1,State Highway Agency,104,104,34.06019444,-113.04613056,No Special Jurisdiction,32,Culvert,0,Not a Collision with Motor Vehicle In-Transport,0,No,1,Non-Junction,1,Not an Intersection,None,4,On Roadside,1,Daylight,1,Clear,0,15,3:00pm-3:59pm,38,16,4:00pm-4:59pm,10,16,4:00pm-4:59pm,49,1,0
2016,4,Arizona,40671,2,2,0,0,3,3,0,19,PIMA (19),NOT APPLICABLE,16,10,2016,1,Sunday,16,4:00pm-4:59pm,47,This section IS NOT on the NHS,4,County Road,CR-CAMINO VERDE,,2,Urban,5,Major Collector,2,County Highway Agency,0,None,32.14983333,-111.10605,No Special Jurisdiction,12,Motor Vehicle In-Transport,2,Front-to-Front,0,No,1,Non-Junction,1,Not an Intersection,None,1,On Roadway,1,Daylight,1,Clear,0,16,4:00pm-4:59pm,55,17,5:00pm-5:59pm,9,19,7:00pm-7:59pm,32,1,0
2016,4,Arizona,40672,1,1,0,1,1,1,1,19,PIMA (19),TUCSON,18,10,2016,3,Tuesday,21,9:00pm-9:59pm,30,This section IS ON the NHS,3,State Highway,SR-77 ORACLE RD,,2,Urban,3,Principal Arterial - Other,1,State Highway Agency,23,23,32.2728,-110.97806111,No Special Jurisdiction,8,Pedestrian,0,Not a Collision with Motor Vehicle In-Transport,0,No,1,Non-Junction,1,Not an Intersection,None,1,On Roadway,3,Dark - Lighted,1,Clear,0,21,9:00pm-9:59pm,22,21,9:00pm-9:59pm,23,21,9:00pm-9:59pm,31,1,0
2016,4,Arizona,40673,3,3,0,0,3,3,0,5,COCONINO (5),NOT APPLICABLE,19,10,2016,4,Wednesday,3,3:00am-3:59am,30,This section IS ON the NHS,1,Interstate,I-40,,1,Rural,1,Interstate,1,State Highway Agency,1723,1723,35.26111944,-112.03627778,No Special Jurisdiction,12,Motor Vehicle In-Transport,1,Front-to-Rear,0,No,1,Non-Junction,1,Not an Intersection,None,1,On Roadway,2,Dark - Not Lighted,5,"Fog, Smog, Smoke",0,3,3:00am-3:59am,30,99,Unknown EMS Scene Arrival Hour,,99,Unknown,Unknown EMS Hospital Arrival Time,1,0
2016,4,Arizona,40674,3,3,0,0,4,4,0,13,MARICOPA (13),PHOENIX,20,10,2016,5,Thursday,14,2:00pm-2:59pm,31,This section IS ON the NHS,6,Local Street - Municipality,7TH ST,CORONADO RD,2,Urban,3,Principal Arterial - Other,4,City or Municipal Highway Agency,0,None,33.46749722,-112.06516111,No Special Jurisdiction,12,Motor Vehicle In-Transport,6,Angle,0,No,2,Intersection,3,T-Intersection,None,1,On Roadway,1,Daylight,1,Clear,0,14,2:00pm-2:59pm,34,14,2:00pm-2:59pm,34,14,2:00pm-2:59pm,49,1,0
2016,4,Arizona,40675,1,1,0,0,4,4,0,1,APACHE (1),NOT APPLICABLE,22,10,2016,7,Saturday,5,5:00am-5:59am,4,This section IS NOT on the NHS,2,U.S. Highway,US-191,,1,Rural,5,Major Collector,1,State Highway Agency,4511,4511,36.22337222,-109.6023,Indian Reservation,1,Rollover/Overturn,0,Not a Collision with Motor Vehicle In-Transport,0,No,1,Non-Junction,1,Not an Intersection,None,4,On Roadside,2,Dark - Not Lighted,1,Clear,0,5,5:00am-5:59am,4,5,5:00am-5:59am,20,99,Unknown,Unknown EMS Hospital Arrival Time,1,1
2016,4,Arizona,40677,1,1,0,0,1,1,0,13,MARICOPA (13),SCOTTSDALE,23,10,2016,1,Sunday,1,1:00am-1:59am,30,This section IS ON the NHS,6,Local Street - Municipality,SCOTTSDALE RD,4TH ST,2,Urban,3,Principal Arterial - Other,4,City or Municipal Highway Agency,0,None,33.48958889,-111.926175,No Special Jurisdiction,1,Rollover/Overturn,0,Not a Collision with Motor Vehicle In-Transport,0,No,3,Intersection-Related,3,T-Intersection,None,1,On Roadway,3,Dark - Lighted,1,Clear,0,1,1:00am-1:59am,31,1,1:00am-1:59am,34,1,1:00am-1:59am,56,1,1
2016,4,Arizona,40678,1,1,0,0,1,1,0,5,COCONINO (5),NOT APPLICABLE,23,10,2016,1,Sunday,13,1:00pm-1:59pm,5,This section IS ON the NHS,1,Interstate,I-17,,1,Rural,1,Interstate,1,State Highway Agency,1376,1376,35.06452222,-111.68506944,No Special Jurisdiction,31,"Post, Pole or Other Supports",0,Not a Collision with Motor Vehicle In-Transport,0,No,1,Non-Junction,1,Not an Intersection,None,3,On Median,1,Daylight,1,Clear,0,13,1:00pm-1:59pm,5,13,1:00pm-1:59pm,15,13,1:00pm-1:59pm,45,1,0
2016,4,Arizona,40679,1,1,0,0,1,1,0,19,PIMA (19),ORO VALLEY,23,10,2016,1,Sunday,22,10:00pm-10:59pm,37,This section IS NOT on the NHS,5,Local Street - Township,PUSCH VIEW LN,,2,Urban,7,Local,98,Not Reported,0,None,32.39782222,-110.96686389,No Special Jurisdiction,23,Bridge Rail (Includes parapet),0,Not a Collision with Motor Vehicle In-Transport,0,No,1,Non-Junction,1,Not an Intersection,None,4,On Roadside,2,Dark - Not Lighted,1,Clear,0,22,10:00pm-10:59pm,39,22,10:00pm-10:59pm,44,23,11:00pm-11:59pm,19,1,1
2016,4,Arizona,40680,1,1,0,0,1,1,0,13,MARICOPA (13),GOODYEAR,25,10,2016,3,Tuesday,4,4:00am-4:59am,57,This section IS NOT on the NHS,3,State Highway,SR-238,,1,Rural,5,Major Collector,1,State Highway Agency,83,83,33.06170833,-112.24690556,No Special Jurisdiction,35,Embankment,0,Not a Collision with Motor Vehicle In-Transport,0,No,1,Non-Junction,1,Not an Intersection,None,4,On Roadside,2,Dark - Not Lighted,1,Clear,0,4,4:00am-4:59am,33,4,4:00am-4:59am,58,5,5:00am-5:59am,50,1,0
2016,4,Arizona,40681,3,3,0,0,3,3,0,5,COCONINO (5),FLAGSTAFF,26,10,2016,4,Wednesday,6,6:00am-6:59am,28,This section IS ON the NHS,3,State Highway,SR-40 B,COUNTRY CLUB DR,2,Urban,3,Principal Arterial - Other,4,City or Municipal Highway Agency,1474,1474,35.22092778,-111.58833333,No Special Jurisdiction,12,Motor Vehicle In-Transport,9,Rear-to-Side,0,No,3,Intersection-Related,3,T-Intersection,None,1,On Roadway,1,Daylight,1,Clear,0,6,6:00am-6:59am,28,6,6:00am-6:59am,34,88,Not Applicable (Not Transported),Not Applicable (Not Transported),1,0
2016,4,Arizona,40682,2,2,0,0,4,4,0,19,PIMA (19),TUCSON,30,10,2016,1,Sunday,0,0:00am-0:59am,23,This section IS NOT on the NHS,6,Local Street - Municipality,SWAN RD,,2,Urban,3,Principal Arterial - Other,4,City or Municipal Highway Agency,0,None,32.25923889,-110.89252778,No Special Jurisdiction,12,Motor Vehicle In-Transport,2,Front-to-Front,0,No,1,Non-Junction,1,Not an Intersection,None,1,On Roadway,3,Dark - Lighted,1,Clear,0,0,0:00am-0:59am,23,0,0:00am-0:59am,28,99,Unknown,Unknown EMS Hospital Arrival Time,1,1
2016,4,Arizona,40683,4,4,0,0,12,12,0,13,MARICOPA (13),PHOENIX,2,10,2016,1,Sunday,10,10:00am-10:59am,35,This section IS NOT on the NHS,6,Local Street - Municipality,40TH ST,BROADWAY RD,2,Urban,4,Minor Arterial,4,City or Municipal Highway Agency,0,None,33.407325,-111.99540278,No Special Jurisdiction,12,Motor Vehicle In-Transport,6,Angle,0,No,2,Intersection,2,Four-Way Intersection,None,1,On Roadway,1,Daylight,2,Rain,0,10,10:00am-10:59am,36,10,10:00am-10:59am,38,10,10:00am-10:59am,55,1,1
2016,4,Arizona,40684,2,2,0,0,2,2,0,21,PINAL (21),NOT APPLICABLE,6,10,2016,5,Thursday,19,7:00pm-7:59pm,43,This section IS NOT on the NHS,4,County Road,CR-AMARILLO VALLEY RD,,1,Rural,7,Local,4,City or Municipal Highway Agency,0,None,32.91738056,-112.08320833,No Special Jurisdiction,12,Motor Vehicle In-Transport,1,Front-to-Rear,0,No,1,Non-Junction,1,Not an Intersection,None,1,On Roadway,2,Dark - Not Lighted,1,Clear,0,19,7:00pm-7:59pm,45,20,8:00pm-8:59pm,7,88,Not Applicable (Not Transported),Not Applicable (Not Transported),1,1
2016,4,Arizona,40685,1,1,0,0,1,1,0,19,PIMA (19),MARANA,3,10,2016,2,Monday,8,8:00am-8:59am,28,This section IS ON the NHS,1,Interstate,I-10,,2,Urban,1,Interstate,1,State Highway Agency,2412,2412,32.42031389,-111.15765556,No Special Jurisdiction,1,Rollover/Overturn,0,Not a Collision with Motor Vehicle In-Transport,0,No,1,Non-Junction,1,Not an Intersection,None,3,On Median,1,Daylight,1,Clear,0,8,8:00am-8:59am,28,8,8:00am-8:59am,28,8,8:00am-8:59am,54,1,0
2016,4,Arizona,40686,1,1,0,0,1,1,0,13,MARICOPA (13),NOT APPLICABLE,23,10,2016,1,Sunday,11,11:00am-11:59am,30,This section IS ON the NHS,1,Interstate,I-17,,1,Rural,1,Interstate,1,State Highway Agency,383,383,33.91963611,-112.14498889,No Special Jurisdiction,1,Rollover/Overturn,0,Not a Collision with Motor Vehicle In-Transport,0,No,1,Non-Junction,1,Not an Intersection,None,1,On Roadway,1,Daylight,1,Clear,0,11,11:00am-11:59am,33,11,11:00am-11:59am,50,12,12:00pm-12:59pm,55,1,1
2016,4,Arizona,40687,1,1,0,0,1,1,0,3,COCHISE (3),NOT APPLICABLE,24,10,2016,2,Monday,5,5:00am-5:59am,49,This section IS NOT on the NHS,3,State Highway,SR-80,,2,Urban,5,Major Collector,1,State Highway Agency,738,738,31.36806944,-109.53524167,No Special Jurisdiction,42,Tree (Standing Only),0,Not a Collision with Motor Vehicle In-Transport,0,No,1,Non-Junction,1,Not an Intersection,None,4,On Roadside,2,Dark - Not Lighted,1,Clear,0,5,5:00am-5:59am,51,6,6:00am-6:59am,1,6,6:00am-6:59am,51,1,1
2016,4,Arizona,40688,2,2,0,0,2,2,0,13,MARICOPA (13),MESA,3,10,2016,2,Monday,14,2:00pm-2:59pm,45,This section IS NOT on the NHS,6,Local Street - Municipality,BROADWAY RD,ALPINE AVE,2,Urban,3,Principal Arterial - Other,4,City or Municipal Highway Agency,0,None,33.40811389,-111.77803056,No Special Jurisdiction,12,Motor Vehicle In-Transport,7,Sideswipe - Same Direction,0,No,3,Intersection-Related,3,T-Intersection,None,1,On Roadway,1,Daylight,1,Clear,0,14,2:00pm-2:59pm,47,14,2:00pm-2:59pm,53,15,3:00pm-3:59pm,22,1,0
2016,4,Arizona,40689,2,2,0,0,2,2,0,13,MARICOPA (13),MESA,13,10,2016,5,Thursday,5,5:00am-5:59am,50,This section IS NOT on the NHS,6,Local Street - Municipality,GREENFIELD RD,MCKELLIPS RD,2,Urban,3,Principal Arterial - Other,4,City or Municipal Highway Agency,0,None,33.451825,-111.736025,No Special Jurisdiction,5,Fell/Jumped from Vehicle,0,Not a Collision with Motor Vehicle In-Transport,0,No,2,Intersection,2,Four-Way Intersection,None,1,On Roadway,3,Dark - Lighted,1,Clear,0,5,5:00am-5:59am,52,5,5:00am-5:59am,55,6,6:00am-6:59am,21,1,0
2016,4,Arizona,40690,1,1,0,1,1,1,1,13,MARICOPA (13),MESA,11,7,2016,2,Monday,21,9:00pm-9:59pm,24,This section IS NOT on the NHS,6,Local Street - Municipality,SOUTHERN AVE,,2,Urban,3,Principal Arterial - Other,4,City or Municipal Highway Agency,0,None,33.39340833,-111.80291389,No Special Jurisdiction,8,Pedestrian,0,Not a Collision with Motor Vehicle In-Transport,0,No,1,Non-Junction,1,Not an Intersection,None,11,Continuous Left - Turn Lane,2,Dark - Not Lighted,1,Clear,0,21,9:00pm-9:59pm,24,21,9:00pm-9:59pm,29,22,10:00pm-10:59pm,0,1,0
2016,4,Arizona,40691,1,1,0,0,1,1,0,13,MARICOPA (13),MESA,15,8,2016,2,Monday,10,10:00am-10:59am,49,This section IS NOT on the NHS,6,Local Street - Municipality,UNIVERSITY DR,MILLER ST,2,Urban,3,Principal Arterial - Other,4,City or Municipal Highway Agency,0,None,33.42243889,-111.80890278,No Special Jurisdiction,33,Curb,0,Not a Collision with Motor Vehicle In-Transport,0,No,3,Intersection-Related,3,T-Intersection,None,4,On Roadside,1,Daylight,1,Clear,0,99,Unknown,,99,Unknown EMS Scene Arrival Hour,,99,Unknown,Unknown EMS Hospital Arrival Time,1,0
2016,4,Arizona,40692,2,2,0,0,3,3,0,21,PINAL (21),NOT APPLICABLE,16,8,2016,3,Tuesday,8,8:00am-8:59am,29,This section IS NOT on the NHS,4,County Road,CR-HUNT HWY,,2,Urban,4,Minor Arterial,2,County Highway Agency,0,None,33.15963333,-111.56155278,No Special Jurisdiction,12,Motor Vehicle In-Transport,6,Angle,0,No,8,Driveway Access Related,1,Not an Intersection,None,1,On Roadway,1,Daylight,1,Clear,0,8,8:00am-8:59am,35,8,8:00am-8:59am,56,9,9:00am-9:59am,28,1,0
2016,4,Arizona,40693,2,2,0,0,2,2,0,19,PIMA (19),NOT APPLICABLE,3,10,2016,2,Monday,8,8:00am-8:59am,50,This section IS ON the NHS,3,State Highway,SR-77,CASAS ADOBES DR,2,Urban,3,Principal Arterial - Other,1,State Highway Agency,61,61,32.32731389,-110.97578333,No Special Jurisdiction,12,Motor Vehicle In-Transport,6,Angle,0,No,2,Intersection,2,Four-Way Intersection,None,1,On Roadway,1,Daylight,1,Clear,0,8,8:00am-8:59am,50,8,8:00am-8:59am,55,9,9:00am-9:59am,3,1,0