AccidentYear,STATE,STATENAME,ST_CASE,VE_TOTAL,VE_FORMS,PVH_INVL,PEDS,PERSONS,PERMVIT,PERNOTMVIT,COUNTY,COUNTYNAME,CITYNAME,DAY,MONTH,YEAR,DAY_WEEK,DAY_WEEKNAME,HOUR,HOURNAME,MINUTENAME,NHSNAME,ROUTE,ROUTENAME,TWAY_ID,TWAY_ID2,RUR_URB,RUR_URBNAME,FUNC_SYS,FUNC_SYSNAME,RD_OWNER,RD_OWNERNAME,MILEPT,MILEPTNAME,LATITUDENAME,LONGITUDNAME,SP_JURNAME,HARM_EV,HARM_EVNAME,MAN_COLL,MAN_COLLNAME,RELJCT1,RELJCT1NAME,RELJCT2,RELJCT2NAME,TYP_INT,TYP_INTNAME,WRK_ZONENAME,REL_ROAD,REL_ROADNAME,LGT_COND,LGT_CONDNAME,WEATHER,WEATHERNAME,SCH_BUS,NOT_HOUR,NOT_HOURNAME,NOT_MINNAME,ARR_HOUR,ARR_HOURNAME,ARR_MINNAME,HOSP_HR,HOSP_HRNAME,HOSP_MNNAME,FATALS,DRUNK_DR
2016,4,Arizona,40742,2,2,0,0,8,8,0,13,MARICOPA (13),PEORIA,26,11,2016,7,Saturday,17,5:00pm-5:59pm,57,This section IS NOT on the NHS,6,Local Street - Municipality,DEER VALLEY RD,87TH AVE,2,Urban,4,Minor Arterial,4,City or Municipal Highway Agency,0,None,33.68166944,-112.24644444,No Special Jurisdiction,12,Motor Vehicle In-Transport,6,Angle,0,No,2,Intersection,2,Four-Way Intersection,None,1,On Roadway,3,Dark - Lighted,1,Clear,0,17,5:00pm-5:59pm,56,18,6:00pm-6:59pm,3,99,Unknown,Unknown EMS Hospital Arrival Time,1,0
2016,4,Arizona,40743,1,1,0,0,2,2,0,25,YAVAPAI (25),NOT APPLICABLE,30,11,2016,4,Wednesday,6,6:00am-6:59am,24,This section IS NOT on the NHS,3,State Highway,SR-260,,1,Rural,5,Major Collector,1,State Highway Agency,243,243,34.50696944,-111.73117222,No Special Jurisdiction,1,Rollover/Overturn,0,Not a Collision with Motor Vehicle In-Transport,0,No,1,Non-Junction,1,Not an Intersection,None,4,On Roadside,2,Dark - Not Lighted,1,Clear,0,6,6:00am-6:59am,24,6,6:00am-6:59am,45,99,Unknown,Unknown EMS Hospital Arrival Time,1,0
2016,4,Arizona,40744,7,7,0,0,8,8,0,19,PIMA (19),TUCSON,18,10,2016,3,Tuesday,8,8:00am-8:59am,1,This section IS ON the NHS,1,Interstate,I-10,,2,Urban,1,Interstate,1,State Highway Agency,2532,2532,32.2883,-111.02421389,No Special Jurisdiction,12,Motor Vehicle In-Transport,1,Front-to-Rear,0,No,1,Non-Junction,1,Not an Intersection,None,1,On Roadway,1,Daylight,1,Clear,0,8,8:00am-8:59am,2,8,8:00am-8:59am,6,8,8:00am-8:59am,30,3,1
2016,4,Arizona,40745,4,4,0,0,6,6,0,13,MARICOPA (13),PHOENIX,21,10,2016,6,Friday,13,1:00pm-1:59pm,33,This section IS NOT on the NHS,6,Local Street - Municipality,BETHANY HOME RD,I-17 FRONTAGE RD,2,Urban,4,Minor Arterial,1,State Highway Agency,0,None,33.52410556,-112.11296667,No Special Jurisdiction,12,Motor Vehicle In-Transport,2,Front-to-Front,1,Yes,3,Intersection-Related,7,"Five Point, or More",None,1,On Roadway,1,Daylight,1,Clear,0,99,Unknown,,99,Unknown EMS Scene Arrival Hour,,99,Unknown,Unknown EMS Hospital Arrival Time,1,0
2016,4,Arizona,40746,1,1,0,0,1,1,0,21,PINAL (21),NOT APPLICABLE,24,10,2016,2,Monday,12,12:00pm-12:59pm,51,This section IS NOT on the NHS,3,State Highway,SR-84,,1,Rural,4,Minor Arterial,1,State Highway Agency,1,1,32.83601389,-112.13188889,No Special Jurisdiction,1,Rollover/Overturn,0,Not a Collision with Motor Vehicle In-Transport,0,No,1,Non-Junction,1,Not an Intersection,None,5,Outside Trafficway,1,Daylight,1,Clear,0,12,12:00pm-12:59pm,55,13,1:00pm-1:59pm,11,88,Not Applicable (Not Transported),Not Applicable (Not Transported),1,0
2016,4,Arizona,40747,2,2,0,0,3,3,0,21,PINAL (21),NOT APPLICABLE,27,10,2016,5,Thursday,18,6:00pm-6:59pm,47,This section IS ON the NHS,1,Interstate,I-10,,1,Rural,1,Interstate,1,State Highway Agency,1796,1796,33.07511667,-111.809275,Indian Reservation,12,Motor Vehicle In-Transport,2,Front-to-Front,0,No,1,Non-Junction,1,Not an Intersection,None,1,On Roadway,2,Dark - Not Lighted,1,Clear,0,18,6:00pm-6:59pm,47,18,6:00pm-6:59pm,59,99,Unknown,Unknown EMS Hospital Arrival Time,1,0
2016,4,Arizona,40748,2,2,0,0,3,3,0,13,MARICOPA (13),NOT APPLICABLE,3,10,2016,2,Monday,7,7:00am-7:59am,10,This section IS NOT on the NHS,4,County Road,CR-BROADWAY RD,71ST AVE,2,Urban,4,Minor Arterial,2,County Highway Agency,0,None,33.40851111,-112.21277222,No Special Jurisdiction,12,Motor Vehicle In-Transport,6,Angle,0,No,2,Intersection,2,Four-Way Intersection,None,1,On Roadway,1,Daylight,1,Clear,1,7,7:00am-7:59am,10,7,7:00am-7:59am,15,99,Unknown,Unknown EMS Hospital Arrival Time,1,0
2016,4,Arizona,40749,1,1,0,1,1,1,1,13,MARICOPA (13),PHOENIX,9,10,2016,1,Sunday,20,8:00pm-8:59pm,10,This section IS NOT on the NHS,6,Local Street - Municipality,16TH ST,,2,Urban,4,Minor Arterial,4,City or Municipal Highway Agency,0,None,33.46076667,-112.04766389,No Special Jurisdiction,8,Pedestrian,0,Not a Collision with Motor Vehicle In-Transport,0,No,1,Non-Junction,1,Not an Intersection,None,1,On Roadway,3,Dark - Lighted,1,Clear,0,20,8:00pm-8:59pm,11,20,8:00pm-8:59pm,15,20,8:00pm-8:59pm,26,1,0
2016,4,Arizona,40750,2,2,0,0,3,3,0,13,MARICOPA (13),PHOENIX,10,10,2016,2,Monday,4,4:00am-4:59am,8,This section IS NOT on the NHS,6,Local Street - Municipality,CENTRAL AVE,,2,Urban,4,Minor Arterial,4,City or Municipal Highway Agency,0,None,33.56101111,-112.07391944,No Special Jurisdiction,12,Motor Vehicle In-Transport,7,Sideswipe - Same Direction,0,No,1,Non-Junction,1,Not an Intersection,None,1,On Roadway,3,Dark - Lighted,1,Clear,0,4,4:00am-4:59am,8,4,4:00am-4:59am,13,4,4:00am-4:59am,23,3,2
2016,4,Arizona,40751,1,1,0,0,2,2,0,13,MARICOPA (13),PHOENIX,15,10,2016,7,Saturday,2,2:00am-2:59am,24,This section IS NOT on the NHS,6,Local Street - Municipality,WASHINGTON ST,,2,Urban,3,Principal Arterial - Other,4,City or Municipal Highway Agency,0,None,33.44831667,-112.02495278,No Special Jurisdiction,1,Rollover/Overturn,0,Not a Collision with Motor Vehicle In-Transport,0,No,1,Non-Junction,1,Not an Intersection,None,1,On Roadway,3,Dark - Lighted,1,Clear,0,2,2:00am-2:59am,26,2,2:00am-2:59am,34,2,2:00am-2:59am,39,1,0
2016,4,Arizona,40752,1,1,0,1,1,1,1,13,MARICOPA (13),PHOENIX,15,10,2016,7,Saturday,18,6:00pm-6:59pm,43,This section IS NOT on the NHS,6,Local Street - Municipality,CAMELBACK RD,,2,Urban,3,Principal Arterial - Other,4,City or Municipal Highway Agency,0,None,33.50945833,-112.14522778,No Special Jurisdiction,8,Pedestrian,0,Not a Collision with Motor Vehicle In-Transport,0,No,1,Non-Junction,1,Not an Intersection,None,11,Continuous Left - Turn Lane,5,Dusk,1,Clear,0,18,6:00pm-6:59pm,43,18,6:00pm-6:59pm,45,88,Not Applicable (Not Transported),Not Applicable (Not Transported),1,0
2016,4,Arizona,40753,1,1,0,1,2,2,1,13,MARICOPA (13),PHOENIX,15,10,2016,7,Saturday,21,9:00pm-9:59pm,17,This section IS ON the NHS,6,Local Street - Municipality,INDIAN SCHOOL RD,27TH AVE,2,Urban,3,Principal Arterial - Other,4,City or Municipal Highway Agency,0,None,33.49496944,-112.11681389,No Special Jurisdiction,8,Pedestrian,0,Not a Collision with Motor Vehicle In-Transport,0,No,3,Intersection-Related,2,Four-Way Intersection,None,1,On Roadway,3,Dark - Lighted,1,Clear,0,99,Unknown,,99,Unknown EMS Scene Arrival Hour,,99,Unknown,Unknown EMS Hospital Arrival Time,1,0
2016,4,Arizona,40754,2,2,0,1,4,4,1,13,MARICOPA (13),PHOENIX,20,10,2016,5,Thursday,19,7:00pm-7:59pm,59,This section IS NOT on the NHS,6,Local Street - Municipality,BETHANY HOME RD,,2,Urban,4,Minor Arterial,4,City or Municipal Highway Agency,0,None,33.52392222,-112.13835278,No Special Jurisdiction,8,Pedestrian,0,Not a Collision with Motor Vehicle In-Transport,0,No,1,Non-Junction,1,Not an Intersection,None,1,On Roadway,3,Dark - Lighted,1,Clear,0,99,Unknown,,99,Unknown EMS Scene Arrival Hour,,99,Unknown,Unknown EMS Hospital Arrival Time,1,0
2016,4,Arizona,40755,2,2,0,0,2,2,0,13,MARICOPA (13),PHOENIX,20,10,2016,5,Thursday,21,9:00pm-9:59pm,37,This section IS NOT on the NHS,6,Local Street - Municipality,28TH ST,HARTFORD AVE,2,Urban,7,Local,98,Not Reported,0,None,33.64275556,-112.02218333,No Special Jurisdiction,1,Rollover/Overturn,0,Not a Collision with Motor Vehicle In-Transport,0,No,3,Intersection-Related,2,Four-Way Intersection,None,1,On Roadway,3,Dark - Lighted,1,Clear,0,21,9:00pm-9:59pm,41,21,9:00pm-9:59pm,47,22,10:00pm-10:59pm,3,1,1
2016,4,Arizona,40756,3,3,0,0,4,4,0,13,MARICOPA (13),PHOENIX,22,10,2016,7,Saturday,1,1:00am-1:59am,13,This section IS NOT on the NHS,6,Local Street - Municipality,CACTUS RD,28TH DR,2,Urban,4,Minor Arterial,4,City or Municipal Highway Agency,0,None,33.59633611,-112.12006389,No Special Jurisdiction,12,Motor Vehicle In-Transport,6,Angle,0,No,2,Intersection,2,Four-Way Intersection,None,1,On Roadway,3,Dark - Lighted,1,Clear,0,1,1:00am-1:59am,14,1,1:00am-1:59am,17,1,1:00am-1:59am,36,1,1
2016,4,Arizona,40757,1,1,0,1,1,1,1,13,MARICOPA (13),PHOENIX,22,10,2016,7,Saturday,20,8:00pm-8:59pm,31,This section IS ON the NHS,6,Local Street - Municipality,7TH ST,,2,Urban,3,Principal Arterial - Other,4,City or Municipal Highway Agency,0,None,33.66583333,-112.06564722,No Special Jurisdiction,8,Pedestrian,0,Not a Collision with Motor Vehicle In-Transport,0,No,1,Non-Junction,1,Not an Intersection,None,1,On Roadway,3,Dark - Lighted,1,Clear,0,20,8:00pm-8:59pm,31,20,8:00pm-8:59pm,36,88,Not Applicable (Not Transported),Not Applicable (Not Transported),1,0
2016,4,Arizona,40761,2,2,0,0,2,2,0,13,MARICOPA (13),PHOENIX,26,10,2016,4,Wednesday,6,6:00am-6:59am,26,This section IS NOT on the NHS,6,Local Street - Municipality,43RD AVE,,2,Urban,4,Minor Arterial,4,City or Municipal Highway Agency,0,None,33.47047778,-112.1517,No Special Jurisdiction,12,Motor Vehicle In-Transport,99,Unknown,0,No,1,Non-Junction,1,Not an Intersection,None,1,On Roadway,1,Daylight,1,Clear,0,99,Unknown,,99,Unknown EMS Scene Arrival Hour,,99,Unknown,Unknown EMS Hospital Arrival Time,1,1
2016,4,Arizona,40762,2,2,0,0,2,2,0,13,MARICOPA (13),CHANDLER,26,10,2016,4,Wednesday,7,7:00am-7:59am,48,This section IS NOT on the NHS,6,Local Street - Municipality,GILBERT RD,,2,Urban,3,Principal Arterial - Other,4,City or Municipal Highway Agency,0,None,33.24663056,-111.78972222,No Special Jurisdiction,12,Motor Vehicle In-Transport,6,Angle,0,No,8,Driveway Access Related,1,Not an Intersection,None,1,On Roadway,1,Daylight,1,Clear,0,7,7:00am-7:59am,51,7,7:00am-7:59am,58,8,8:00am-8:59am,14,1,0
2016,4,Arizona,40763,3,3,0,0,3,3,0,13,MARICOPA (13),PHOENIX,27,10,2016,5,Thursday,16,4:00pm-4:59pm,4,This section IS ON the NHS,2,U.S. Highway,US-60 GRAND AVE,,2,Urban,3,Principal Arterial - Other,1,State Highway Agency,1267,1267,33.5099,-112.151175,No Special Jurisdiction,12,Motor Vehicle In-Transport,7,Sideswipe - Same Direction,1,Yes,18,Through Roadway,1,Not an Intersection,None,1,On Roadway,1,Daylight,1,Clear,0,16,4:00pm-4:59pm,5,16,4:00pm-4:59pm,8,88,Not Applicable (Not Transported),Not Applicable (Not Transported),1,0
2016,4,Arizona,40764,2,2,0,0,2,2,0,13,MARICOPA (13),PHOENIX,27,10,2016,5,Thursday,7,7:00am-7:59am,17,This section IS NOT on the NHS,6,Local Street - Municipality,GLENDALE AVE,18TH ST,2,Urban,3,Principal Arterial - Other,4,City or Municipal Highway Agency,0,None,33.53822778,-112.04321667,No Special Jurisdiction,12,Motor Vehicle In-Transport,6,Angle,0,No,2,Intersection,3,T-Intersection,None,1,On Roadway,1,Daylight,1,Clear,0,99,Unknown,,99,Unknown EMS Scene Arrival Hour,,99,Unknown,Unknown EMS Hospital Arrival Time,1,0
2016,4,Arizona,40765,1,1,0,1,1,1,1,13,MARICOPA (13),PHOENIX,27,10,2016,5,Thursday,21,9:00pm-9:59pm,8,This section IS NOT on the NHS,6,Local Street - Municipality,35TH AVE,,2,Urban,3,Principal Arterial - Other,4,City or Municipal Highway Agency,0,None,33.497075,-112.13423056,No Special Jurisdiction,8,Pedestrian,0,Not a Collision with Motor Vehicle In-Transport,0,No,1,Non-Junction,1,Not an Intersection,None,1,On Roadway,3,Dark - Lighted,1,Clear,0,21,9:00pm-9:59pm,10,21,9:00pm-9:59pm,14,21,9:00pm-9:59pm,28,1,1
2016,4,Arizona,40766,4,4,0,0,4,4,0,13,MARICOPA (13),SCOTTSDALE,21,11,2016,2,Monday,13,1:00pm-1:59pm,34,This section IS ON the NHS,3,State Highway,SR-101,,2,Urban,2,Principal Arterial - Other Freeways and Expressways,1,State Highway Agency,381,381,33.60452778,-111.89161944,No Special Jurisdiction,12,Motor Vehicle In-Transport,1,Front-to-Rear,0,No,1,Non-Junction,1,Not an Intersection,None,1,On Roadway,1,Daylight,2,Rain,0,13,1:00pm-1:59pm,37,13,1:00pm-1:59pm,49,14,2:00pm-2:59pm,9,1,0
2016,4,Arizona,40767,2,2,0,0,5,5,0,9,GRAHAM (9),NOT APPLICABLE,3,11,2016,5,Thursday,23,11:00pm-11:59pm,31,This section IS NOT on the NHS,2,U.S. Highway,US-70,,1,Rural,4,Minor Arterial,1,State Highway Agency,480,480,33.08660278,-110.05630278,No Special Jurisdiction,12,Motor Vehicle In-Transport,2,Front-to-Front,0,No,1,Non-Junction,1,Not an Intersection,None,1,On Roadway,2,Dark - Not Lighted,2,Rain,0,23,11:00pm-11:59pm,31,23,11:00pm-11:59pm,37,99,Unknown,Unknown EMS Hospital Arrival Time,2,2
2016,4,Arizona,40768,1,1,0,0,1,1,0,13,MARICOPA (13),MESA,7,11,2016,2,Monday,4,4:00am-4:59am,44,This section IS ON the NHS,3,State Highway,SR-202,,2,Urban,2,Principal Arterial - Other Freeways and Expressways,1,State Highway Agency,249,249,33.45160833,-111.67039722,No Special Jurisdiction,21,Bridge Pier or Support,0,Not a Collision with Motor Vehicle In-Transport,1,Yes,19,Other location within Interchange Area,1,Not an Intersection,None,4,On Roadside,3,Dark - Lighted,1,Clear,0,4,4:00am-4:59am,45,4,4:00am-4:59am,51,5,5:00am-5:59am,24,1,0
2016,4,Arizona,40769,1,1,0,0,3,3,0,19,PIMA (19),GREEN VALLEY,18,11,2016,6,Friday,16,4:00pm-4:59pm,54,This section IS ON the NHS,1,Interstate,I-19,,2,Urban,1,Interstate,1,State Highway Agency,350,350,31.79021944,-111.021575,No Special Jurisdiction,1,Rollover/Overturn,0,Not a Collision with Motor Vehicle In-Transport,1,Yes,19,Other location within Interchange Area,1,Not an Intersection,None,4,On Roadside,1,Daylight,1,Clear,0,16,4:00pm-4:59pm,56,17,5:00pm-5:59pm,8,99,Unknown,Unknown EMS Hospital Arrival Time,2,0
2016,4,Arizona,40770,1,1,0,1,2,2,1,13,MARICOPA (13),MESA,18,11,2016,6,Friday,20,8:00pm-8:59pm,0,This section IS NOT on the NHS,6,Local Street - Municipality,UNIVERSITY DR,DOBSON RD,2,Urban,3,Principal Arterial - Other,4,City or Municipal Highway Agency,0,None,33.42221389,-111.87350278,No Special Jurisdiction,8,Pedestrian,0,Not a Collision with Motor Vehicle In-Transport,0,No,3,Intersection-Related,2,Four-Way Intersection,None,1,On Roadway,3,Dark - Lighted,1,Clear,0,20,8:00pm-8:59pm,0,20,8:00pm-8:59pm,4,20,8:00pm-8:59pm,30,1,0
2016,4,Arizona,40771,1,1,0,0,2,2,0,5,COCONINO (5),NOT APPLICABLE,25,11,2016,6,Friday,6,6:00am-6:59am,40,This section IS NOT on the NHS,8,Other,NF-328 KAIBAB ROWE WELL RD,,1,Rural,7,Local,98,Not Reported,0,None,36.01583333,-112.20197222,No Special Jurisdiction,35,Embankment,0,Not a Collision with Motor Vehicle In-Transport,0,No,1,Non-Junction,1,Not an Intersection,None,4,On Roadside,2,Dark - Not Lighted,1,Clear,0,6,6:00am-6:59am,40,7,7:00am-7:59am,30,88,Not Applicable (Not Transported),Not Applicable (Not Transported),1,0
2016,4,Arizona,40772,2,2,0,0,3,3,0,13,MARICOPA (13),PEORIA,16,8,2016,3,Tuesday,18,6:00pm-6:59pm,59,This section IS NOT on the NHS,6,Local Street - Municipality,HAPPY VALLEY RD,83RD AVE,2,Urban,7,Local,4,City or Municipal Highway Agency,0,None,33.70928889,-112.23603333,No Special Jurisdiction,12,Motor Vehicle In-Transport,6,Angle,0,No,2,Intersection,2,Four-Way Intersection,None,1,On Roadway,5,Dusk,10,Cloudy,0,18,6:00pm-6:59pm,59,19,7:00pm-7:59pm,1,19,7:00pm-7:59pm,47,1,1
2016,4,Arizona,40773,1,1,0,1,1,1,1,13,MARICOPA (13),NOT APPLICABLE,12,11,2016,7,Saturday,2,2:00am-2:59am,51,This section IS NOT on the NHS,3,State Highway,SR-19B NOGALES HWY,,2,Urban,4,Minor Arterial,2,County Highway Agency,564,564,32.11846667,-110.96073333,No Special Jurisdiction,8,Pedestrian,0,Not a Collision with Motor Vehicle In-Transport,0,No,1,Non-Junction,1,Not an Intersection,None,1,On Roadway,2,Dark - Not Lighted,1,Clear,0,2,2:00am-2:59am,51,2,2:00am-2:59am,59,88,Not Applicable (Not Transported),Not Applicable (Not Transported),1,0
2016,4,Arizona,40774,3,3,0,0,6,6,0,25,YAVAPAI (25),NOT APPLICABLE,23,11,2016,4,Wednesday,15,3:00pm-3:59pm,53,This section IS NOT on the NHS,4,County Road,CR-CORNVILLE RD,,1,Rural,5,Major Collector,2,County Highway Agency,0,None,34.72462222,-111.95301944,No Special Jurisdiction,12,Motor Vehicle In-Transport,2,Front-to-Front,0,No,1,Non-Junction,1,Not an Intersection,None,1,On Roadway,1,Daylight,1,Clear,0,15,3:00pm-3:59pm,54,16,4:00pm-4:59pm,7,16,4:00pm-4:59pm,46,1,1
2016,4,Arizona,40775,2,2,0,0,2,2,0,19,PIMA (19),MARANA,3,11,2016,5,Thursday,18,6:00pm-6:59pm,28,This section IS NOT on the NHS,6,Local Street - Municipality,INA RD,,2,Urban,3,Principal Arterial - Other,4,City or Municipal Highway Agency,0,None,32.33761111,-111.04942778,No Special Jurisdiction,12,Motor Vehicle In-Transport,99,Unknown,0,No,8,Driveway Access Related,1,Not an Intersection,None,1,On Roadway,2,Dark - Not Lighted,10,Cloudy,0,18,6:00pm-6:59pm,28,18,6:00pm-6:59pm,31,19,7:00pm-7:59pm,12,1,0
2016,4,Arizona,40776,1,1,0,0,1,1,0,13,MARICOPA (13),CHANDLER,26,11,2016,7,Saturday,1,1:00am-1:59am,8,This section IS NOT on the NHS,6,Local Street - Municipality,VAL VISTA DR,,2,Urban,4,Minor Arterial,4,City or Municipal Highway Agency,0,None,33.22291111,-111.75543611,No Special Jurisdiction,33,Curb,0,Not a Collision with Motor Vehicle In-Transport,0,No,1,Non-Junction,1,Not an Intersection,None,3,On Median,3,Dark - Lighted,1,Clear,0,1,1:00am-1:59am,8,1,1:00am-1:59am,10,88,Not Applicable (Not Transported),Not Applicable (Not Transported),1,1
2016,4,Arizona,40777,1,1,0,0,2,2,0,13,MARICOPA (13),NOT APPLICABLE,11,8,2016,5,Thursday,14,2:00pm-2:59pm,30,This section IS NOT on the NHS,9,Unknown,UNIT 6A POWERLINE RD,,1,Rural,7,Local,99,Unknown,0,None,,,No Special Jurisdiction,99,Unknown,0,Not a Collision with Motor Vehicle In-Transport,0,No,99,Unknown,99,Unknown,None,99,Unknown,1,Daylight,98,Not Reported,0,99,Unknown,,99,Unknown EMS Scene Arrival Hour,,99,Unknown,Unknown EMS Hospital Arrival Time,1,0
2016,4,Arizona,40778,1,1,0,0,6,6,0,19,PIMA (19),TUCSON,2,10,2016,1,Sunday,22,10:00pm-10:59pm,25,This section IS NOT on the NHS,6,Local Street - Municipality,NEXUS DR,,2,Urban,5,Major Collector,4,City or Municipal Highway Agency,0,None,,,No Special Jurisdiction,5,Fell/Jumped from Vehicle,0,Not a Collision with Motor Vehicle In-Transport,0,No,99,Unknown,99,Unknown,None,1,On Roadway,6,Dark - Unknown Lighting,99,Unknown,0,88,Not Applicable (Not Notified),,88,Not Applicable,,88,Not Applicable (Not Transported),Not Applicable (Not Transported),1,0
2016,4,Arizona,40779,1,1,0,1,1,1,1,21,PINAL (21),NOT APPLICABLE,26,10,2016,4,Wednesday,6,6:00am-6:59am,10,This section IS NOT on the NHS,8,Other,BIA-1 SACATON RD,THOBI ST,1,Rural,5,Major Collector,62,Bureau of Indian Affairs,0,None,33.07364444,-111.72908333,Indian Reservation,9,Pedalcyclist,0,Not a Collision with Motor Vehicle In-Transport,0,No,1,Non-Junction,1,Not an Intersection,None,1,On Roadway,4,Dawn,1,Clear,1,6,6:00am-6:59am,11,6,6:00am-6:59am,29,88,Not Applicable (Not Transported),Not Applicable (Not Transported),1,0
2016,4,Arizona,40780,1,1,0,1,2,2,1,13,MARICOPA (13),PHOENIX,14,11,2016,2,Monday,4,4:00am-4:59am,13,This section IS NOT on the NHS,6,Local Street - Municipality,19TH AVE,,2,Urban,3,Principal Arterial - Other,4,City or Municipal Highway Agency,0,None,33.56350833,-112.09974444,No Special Jurisdiction,8,Pedestrian,0,Not a Collision with Motor Vehicle In-Transport,0,No,1,Non-Junction,1,Not an Intersection,None,1,On Roadway,3,Dark - Lighted,1,Clear,0,4,4:00am-4:59am,14,4,4:00am-4:59am,19,4,4:00am-4:59am,33,1,0
2016,4,Arizona,40782,1,1,0,2,1,1,2,13,MARICOPA (13),BUCKEYE,2,11,2016,4,Wednesday,18,6:00pm-6:59pm,22,This section IS NOT on the NHS,6,Local Street - Municipality,YUMA RD,,2,Urban,4,Minor Arterial,4,City or Municipal Highway Agency,0,None,,,No Special Jurisdiction,9,Pedalcyclist,0,Not a Collision with Motor Vehicle In-Transport,0,No,99,Unknown,99,Unknown,None,1,On Roadway,9,Unknown,98,Not Reported,0,99,Unknown,,99,Unknown EMS Scene Arrival Hour,,99,Unknown,Unknown EMS Hospital Arrival Time,1,0
2016,4,Arizona,40783,3,3,0,0,3,3,0,13,MARICOPA (13),PHOENIX,3,11,2016,5,Thursday,8,8:00am-8:59am,14,This section IS NOT on the NHS,6,Local Street - Municipality,SOUTHERN AVE,,2,Urban,4,Minor Arterial,4,City or Municipal Highway Agency,0,None,33.39273333,-111.98260556,No Special Jurisdiction,12,Motor Vehicle In-Transport,8,Sideswipe - Opposite Direction,0,No,1,Non-Junction,1,Not an Intersection,None,1,On Roadway,1,Daylight,1,Clear,0,8,8:00am-8:59am,16,8,8:00am-8:59am,21,99,Unknown,Unknown EMS Hospital Arrival Time,1,0
2016,4,Arizona,40784,2,2,0,0,4,4,0,13,MARICOPA (13),PHOENIX,7,11,2016,2,Monday,14,2:00pm-2:59pm,23,This section IS NOT on the NHS,9,Unknown,3RD ST,,2,Urban,5,Major Collector,4,City or Municipal Highway Agency,0,None,33.48615278,-112.06943611,No Special Jurisdiction,12,Motor Vehicle In-Transport,1,Front-to-Rear,0,No,1,Non-Junction,1,Not an Intersection,None,1,On Roadway,1,Daylight,1,Clear,0,14,2:00pm-2:59pm,23,14,2:00pm-2:59pm,28,14,2:00pm-2:59pm,36,1,0
2016,4,Arizona,40785,2,2,0,0,2,2,0,13,MARICOPA (13),GLENDALE,7,11,2016,2,Monday,15,3:00pm-3:59pm,37,This section IS NOT on the NHS,9,Unknown,CAMELBACK RD,87TH AVE,2,Urban,3,Principal Arterial - Other,4,City or Municipal Highway Agency,0,None,33.50880833,-112.24635,No Special Jurisdiction,12,Motor Vehicle In-Transport,2,Front-to-Front,0,No,2,Intersection,2,Four-Way Intersection,None,1,On Roadway,1,Daylight,1,Clear,0,99,Unknown,,99,Unknown EMS Scene Arrival Hour,,99,Unknown,Unknown EMS Hospital Arrival Time,1,0
2016,4,Arizona,40786,1,1,0,1,1,1,1,13,MARICOPA (13),PHOENIX,7,11,2016,2,Monday,19,7:00pm-7:59pm,8,This section IS NOT on the NHS,6,Local Street - Municipality,BUCKEYE RD,34TH AVE,2,Urban,3,Principal Arterial - Other,4,City or Municipal Highway Agency,0,None,33.43688889,-112.13230556,No Special Jurisdiction,8,Pedestrian,0,Not a Collision with Motor Vehicle In-Transport,0,No,3,Intersection-Related,3,T-Intersection,None,1,On Roadway,3,Dark - Lighted,1,Clear,0,19,7:00pm-7:59pm,9,19,7:00pm-7:59pm,13,19,7:00pm-7:59pm,33,1,0
2016,4,Arizona,40787,1,1,0,1,1,1,1,13,MARICOPA (13),PHOENIX,8,11,2016,3,Tuesday,6,6:00am-6:59am,35,This section IS NOT on the NHS,6,Local Street - Municipality,BROADWAY RD,,2,Urban,4,Minor Arterial,4,City or Municipal Highway Agency,0,None,33.40684444,-112.038125,No Special Jurisdiction,8,Pedestrian,0,Not a Collision with Motor Vehicle In-Transport,0,No,1,Non-Junction,1,Not an Intersection,None,1,On Roadway,1,Daylight,1,Clear,0,6,6:00am-6:59am,36,6,6:00am-6:59am,38,6,6:00am-6:59am,54,1,0
2016,4,Arizona,40788,2,2,0,0,2,2,0,13,MARICOPA (13),PHOENIX,8,11,2016,3,Tuesday,16,4:00pm-4:59pm,58,This section IS ON the NHS,6,Local Street - Municipality,51ST AVE,LOWER BUCKEYE RD,2,Urban,3,Principal Arterial - Other,4,City or Municipal Highway Agency,0,None,33.422175,-112.16925,No Special Jurisdiction,12,Motor Vehicle In-Transport,6,Angle,0,No,2,Intersection,2,Four-Way Intersection,None,1,On Roadway,1,Daylight,1,Clear,0,16,4:00pm-4:59pm,58,16,4:00pm-4:59pm,59,88,Not Applicable (Not Transported),Not Applicable (Not Transported),1,0
2016,4,Arizona,40789,1,1,0,1,1,1,1,13,MARICOPA (13),PHOENIX,8,11,2016,3,Tuesday,19,7:00pm-7:59pm,24,This section IS ON the NHS,6,Local Street - Municipality,7TH ST,,2,Urban,3,Principal Arterial - Other,4,City or Municipal Highway Agency,0,None,33.43753056,-112.06504444,No Special Jurisdiction,8,Pedestrian,0,Not a Collision with Motor Vehicle In-Transport,0,No,1,Non-Junction,1,Not an Intersection,None,1,On Roadway,3,Dark - Lighted,1,Clear,0,19,7:00pm-7:59pm,25,19,7:00pm-7:59pm,30,88,Not Applicable (Not Transported),Not Applicable (Not Transported),1,0
2016,4,Arizona,40790,1,1,0,1,1,1,1,13,MARICOPA (13),PHOENIX,9,11,2016,4,Wednesday,18,6:00pm-6:59pm,51,This section IS NOT on the NHS,6,Local Street - Municipality,CAMELBACK RD,,2,Urban,3,Principal Arterial - Other,4,City or Municipal Highway Agency,0,None,33.50922222,-112.04565833,No Special Jurisdiction,8,Pedestrian,0,Not a Collision with Motor Vehicle In-Transport,0,No,1,Non-Junction,1,Not an Intersection,None,1,On Roadway,3,Dark - Lighted,1,Clear,0,18,6:00pm-6:59pm,53,18,6:00pm-6:59pm,56,19,7:00pm-7:59pm,16,1,0