AccidentYear,STATE,STATENAME,ST_CASE,VE_TOTAL,VE_FORMS,PVH_INVL,PEDS,PERSONS,PERMVIT,PERNOTMVIT,COUNTY,COUNTYNAME,CITYNAME,DAY,MONTH,YEAR,DAY_WEEK,DAY_WEEKNAME,HOUR,HOURNAME,MINUTENAME,NHSNAME,ROUTE,ROUTENAME,TWAY_ID,TWAY_ID2,RUR_URB,RUR_URBNAME,FUNC_SYS,FUNC_SYSNAME,RD_OWNER,RD_OWNERNAME,MILEPT,MILEPTNAME,LATITUDENAME,LONGITUDNAME,SP_JURNAME,HARM_EV,HARM_EVNAME,MAN_COLL,MAN_COLLNAME,RELJCT1,RELJCT1NAME,RELJCT2,RELJCT2NAME,TYP_INT,TYP_INTNAME,WRK_ZONENAME,REL_ROAD,REL_ROADNAME,LGT_COND,LGT_CONDNAME,WEATHER,WEATHERNAME,SCH_BUS,NOT_HOUR,NOT_HOURNAME,NOT_MINNAME,ARR_HOUR,ARR_HOURNAME,ARR_MINNAME,HOSP_HR,HOSP_HRNAME,HOSP_MNNAME,FATALS,DRUNK_DR
2017,4,Arizona,40197,2,2,0,0,2,2,0,13,MARICOPA (13),GLENDALE,18,3,2017,7,Saturday,15,3:00pm-3:59pm,39,This section IS NOT on the NHS,6,Local Street - Municipality,59TH AVE,NORTHERN AVE,2,Urban,3,Principal Arterial - Other,4,City or Municipal Highway Agency,0,None,33.55312222,-112.18613889,No Special Jurisdiction,12,Motor Vehicle In-Transport,6,Angle,0,No,2,Intersection,2,Four-Way Intersection,None,1,On Roadway,1,Daylight,99,Unknown,0,15,3:00pm-3:59pm,39,15,3:00pm-3:59pm,43,16,4:00pm-4:59pm,7,1,0
2017,4,Arizona,40198,1,1,0,0,2,2,0,13,MARICOPA (13),PHOENIX,18,3,2017,7,Saturday,20,8:00pm-8:59pm,47,This section IS NOT on the NHS,6,Local Street - Municipality,VAN BUREN ST,15TH AVE,2,Urban,4,Minor Arterial,4,City or Municipal Highway Agency,0,None,33.45135556,-112.09166111,No Special Jurisdiction,30,Utility Pole/Light Support,0,Not a Collision with Motor Vehicle In-Transport,0,No,1,Non-Junction,1,Not an Intersection,None,4,On Roadside,3,Dark - Lighted,1,Clear,0,20,8:00pm-8:59pm,47,99,Unknown EMS Scene Arrival Hour,Unknown EMS Scene Arrival Minutes,99,Unknown,Unknown EMS Hospital Arrival Time,1,0
2017,4,Arizona,40199,3,3,0,0,7,7,0,13,MARICOPA (13),PHOENIX,19,3,2017,1,Sunday,14,2:00pm-2:59pm,50,This section IS NOT on the NHS,6,Local Street - Municipality,43RD AVE,SAN MIGUEL AVE,2,Urban,4,Minor Arterial,4,City or Municipal Highway Agency,0,None,33.52008889,-112.15149444,No Special Jurisdiction,12,Motor Vehicle In-Transport,6,Angle,0,No,2,Intersection,3,T-Intersection,None,1,On Roadway,1,Daylight,1,Clear,0,14,2:00pm-2:59pm,52,14,2:00pm-2:59pm,58,15,3:00pm-3:59pm,16,1,0
2017,4,Arizona,40200,1,1,0,1,1,1,1,13,MARICOPA (13),PHOENIX,22,3,2017,4,Wednesday,19,7:00pm-7:59pm,7,This section IS NOT on the NHS,6,Local Street - Municipality,35TH AVE,,2,Urban,3,Principal Arterial - Other,4,City or Municipal Highway Agency,0,None,33.50013889,-112.134225,No Special Jurisdiction,8,Pedestrian,0,Not a Collision with Motor Vehicle In-Transport,0,No,1,Non-Junction,1,Not an Intersection,None,1,On Roadway,3,Dark - Lighted,2,Rain,0,19,7:00pm-7:59pm,8,19,7:00pm-7:59pm,14,88,Not Applicable (Not Transported),Not Applicable (Not Transported),1,0
2017,4,Arizona,40201,1,1,0,1,1,1,1,13,MARICOPA (13),CHANDLER,23,3,2017,5,Thursday,8,8:00am-8:59am,6,This section IS NOT on the NHS,6,Local Street - Municipality,PECOS RD,,2,Urban,3,Principal Arterial - Other,4,City or Municipal Highway Agency,0,None,33.29149722,-111.83767778,No Special Jurisdiction,8,Pedestrian,0,Not a Collision with Motor Vehicle In-Transport,0,No,1,Non-Junction,1,Not an Intersection,None,1,On Roadway,1,Daylight,10,Cloudy,0,8,8:00am-8:59am,6,8,8:00am-8:59am,11,8,8:00am-8:59am,22,1,0
2017,4,Arizona,40202,1,1,0,0,3,3,0,13,MARICOPA (13),PHOENIX,26,3,2017,1,Sunday,21,9:00pm-9:59pm,14,This section IS NOT on the NHS,6,Local Street - Municipality,35TH AVE,,2,Urban,3,Principal Arterial - Other,4,City or Municipal Highway Agency,0,None,33.58017222,-112.13413333,No Special Jurisdiction,59,Traffic Sign Support,0,Not a Collision with Motor Vehicle In-Transport,0,No,1,Non-Junction,1,Not an Intersection,None,3,On Median,3,Dark - Lighted,1,Clear,0,21,9:00pm-9:59pm,14,21,9:00pm-9:59pm,20,21,9:00pm-9:59pm,38,1,0
2017,4,Arizona,40203,1,1,0,0,2,2,0,21,PINAL (21),NOT APPLICABLE,28,3,2017,3,Tuesday,13,1:00pm-1:59pm,43,This section IS NOT on the NHS,5,Local Street - Township,UNNAMED ROAD,,2,Urban,7,Local,98,Not Reported,0,None,33.17212778,-111.54082222,No Special Jurisdiction,33,Curb,0,Not a Collision with Motor Vehicle In-Transport,0,No,1,Non-Junction,1,Not an Intersection,None,4,On Roadside,1,Daylight,1,Clear,1,13,1:00pm-1:59pm,44,13,1:00pm-1:59pm,52,14,2:00pm-2:59pm,2,1,0
2017,4,Arizona,40205,1,1,0,1,1,1,1,13,MARICOPA (13),GLENDALE,30,3,2017,5,Thursday,20,8:00pm-8:59pm,42,This section IS NOT on the NHS,6,Local Street - Municipality,65TH AVE,,2,Urban,7,Local,98,Not Reported,0,None,33.53358611,-112.198975,No Special Jurisdiction,8,Pedestrian,0,Not a Collision with Motor Vehicle In-Transport,0,No,1,Non-Junction,1,Not an Intersection,None,1,On Roadway,3,Dark - Lighted,7,"Blowing Sand, Soil, Dirt",0,20,8:00pm-8:59pm,43,20,8:00pm-8:59pm,47,21,9:00pm-9:59pm,9,1,0
2017,4,Arizona,40206,1,1,0,1,1,1,1,13,MARICOPA (13),PHOENIX,25,3,2017,7,Saturday,19,7:00pm-7:59pm,24,This section IS NOT on the NHS,6,Local Street - Municipality,CENTRAL AVE,JONES AVE,2,Urban,3,Principal Arterial - Other,4,City or Municipal Highway Agency,0,None,33.41055556,-112.0733,No Special Jurisdiction,8,Pedestrian,0,Not a Collision with Motor Vehicle In-Transport,0,No,3,Intersection-Related,2,Four-Way Intersection,None,1,On Roadway,3,Dark - Lighted,1,Clear,0,19,7:00pm-7:59pm,25,19,7:00pm-7:59pm,28,19,7:00pm-7:59pm,42,1,0
2017,4,Arizona,40207,1,1,0,1,1,1,1,19,PIMA (19),NOT APPLICABLE,1,2,2017,4,Wednesday,14,2:00pm-2:59pm,0,This section IS NOT on the NHS,4,County Road,CR-SWAN RD,,2,Urban,5,Major Collector,2,County Highway Agency,0,None,32.131975,-110.891875,No Special Jurisdiction,15,Non-Motorist on Personal Conveyance,0,Not a Collision with Motor Vehicle In-Transport,0,No,1,Non-Junction,1,Not an Intersection,None,1,On Roadway,1,Daylight,1,Clear,0,14,2:00pm-2:59pm,Unknown,14,2:00pm-2:59pm,2,99,Unknown,Unknown EMS Hospital Arrival Time,1,0
2017,4,Arizona,40208,1,1,0,0,1,1,0,19,PIMA (19),TUCSON,4,4,2017,3,Tuesday,14,2:00pm-2:59pm,23,This section IS NOT on the NHS,6,Local Street - Municipality,DORADO BLVD,,2,Urban,7,Local,98,Not Reported,0,None,32.24065833,-110.84542778,No Special Jurisdiction,59,Traffic Sign Support,0,Not a Collision with Motor Vehicle In-Transport,0,No,1,Non-Junction,1,Not an Intersection,None,4,On Roadside,1,Daylight,1,Clear,0,14,2:00pm-2:59pm,23,14,2:00pm-2:59pm,28,14,2:00pm-2:59pm,48,1,0
2017,4,Arizona,40209,1,1,0,0,4,4,0,5,COCONINO (5),NOT APPLICABLE,5,4,2017,4,Wednesday,8,8:00am-8:59am,44,This section IS NOT on the NHS,3,State Highway,SR-264,,1,Rural,4,Minor Arterial,1,State Highway Agency,134,134,36.01246944,-111.07863611,Indian Reservation,1,Rollover/Overturn,0,Not a Collision with Motor Vehicle In-Transport,0,No,1,Non-Junction,1,Not an Intersection,None,6,Off Roadway-Location Unknown,1,Daylight,1,Clear,0,8,8:00am-8:59am,44,9,9:00am-9:59am,14,99,Unknown,Unknown EMS Hospital Arrival Time,1,0
2017,4,Arizona,40210,1,1,0,1,1,1,1,13,MARICOPA (13),PHOENIX,7,4,2017,6,Friday,6,6:00am-6:59am,25,This section IS NOT on the NHS,6,Local Street - Municipality,GREENWAY RD,,2,Urban,3,Principal Arterial - Other,4,City or Municipal Highway Agency,0,None,33.62524444,-112.11326389,No Special Jurisdiction,8,Pedestrian,0,Not a Collision with Motor Vehicle In-Transport,0,No,1,Non-Junction,1,Not an Intersection,None,1,On Roadway,4,Dawn,1,Clear,0,6,6:00am-6:59am,25,6,6:00am-6:59am,27,6,6:00am-6:59am,57,1,0
2017,4,Arizona,40211,2,2,0,0,3,3,0,13,MARICOPA (13),MESA,7,4,2017,6,Friday,19,7:00pm-7:59pm,21,This section IS ON the NHS,6,Local Street - Municipality,POWER RD,VIA ROSSMOOR,2,Urban,3,Principal Arterial - Other,4,City or Municipal Highway Agency,0,None,33.39919722,-111.68477222,No Special Jurisdiction,12,Motor Vehicle In-Transport,6,Angle,0,No,2,Intersection,3,T-Intersection,None,1,On Roadway,3,Dark - Lighted,1,Clear,0,19,7:00pm-7:59pm,21,19,7:00pm-7:59pm,27,99,Unknown,Unknown EMS Hospital Arrival Time,1,0
2017,4,Arizona,40212,1,1,0,0,1,1,0,13,MARICOPA (13),NOT APPLICABLE,8,4,2017,7,Saturday,5,5:00am-5:59am,38,This section IS ON the NHS,3,State Highway,SR-87,,2,Urban,3,Principal Arterial - Other,1,State Highway Agency,629,629,33.46868889,-111.84251944,Indian Reservation,33,Curb,0,Not a Collision with Motor Vehicle In-Transport,0,No,1,Non-Junction,1,Not an Intersection,None,4,On Roadside,2,Dark - Not Lighted,1,Clear,0,5,5:00am-5:59am,28,5,5:00am-5:59am,34,5,5:00am-5:59am,53,1,1
2017,4,Arizona,40213,1,1,0,1,1,1,1,19,PIMA (19),TUCSON,8,4,2017,7,Saturday,19,7:00pm-7:59pm,34,This section IS NOT on the NHS,6,Local Street - Municipality,6TH AVE,OHIO ST,2,Urban,3,Principal Arterial - Other,4,City or Municipal Highway Agency,0,None,32.16784444,-110.968175,No Special Jurisdiction,8,Pedestrian,0,Not a Collision with Motor Vehicle In-Transport,0,No,3,Intersection-Related,3,T-Intersection,None,1,On Roadway,3,Dark - Lighted,1,Clear,0,19,7:00pm-7:59pm,34,19,7:00pm-7:59pm,38,19,7:00pm-7:59pm,43,1,0
2017,4,Arizona,40214,1,1,0,0,1,1,0,13,MARICOPA (13),PHOENIX,9,4,2017,1,Sunday,10,10:00am-10:59am,38,This section IS ON the NHS,3,State Highway,SR-101,,2,Urban,2,Principal Arterial - Other Freeways and Expressways,1,State Highway Agency,221,221,33.66857778,-112.11428889,No Special Jurisdiction,21,Bridge Pier or Support,0,Not a Collision with Motor Vehicle In-Transport,1,Yes,19,Other location within Interchange Area,1,Not an Intersection,None,4,On Roadside,1,Daylight,1,Clear,0,99,Unknown,Unknown,99,Unknown EMS Scene Arrival Hour,Unknown EMS Scene Arrival Minutes,99,Unknown,Unknown EMS Hospital Arrival Time,1,0
2017,4,Arizona,40215,1,1,0,0,1,1,0,13,MARICOPA (13),MESA,11,4,2017,3,Tuesday,0,0:00am-0:59am,30,This section IS ON the NHS,2,U.S. Highway,US-60 RAMP,,2,Urban,2,Principal Arterial - Other Freeways and Expressways,1,State Highway Agency,1568,1568,33.38594167,-111.65051111,No Special Jurisdiction,25,Concrete Traffic Barrier,0,Not a Collision with Motor Vehicle In-Transport,1,Yes,5,Entrance/Exit Ramp Related,1,Not an Intersection,None,4,On Roadside,3,Dark - Lighted,1,Clear,0,0,0:00am-0:59am,33,0,0:00am-0:59am,39,1,1:00am-1:59am,20,1,1
2017,4,Arizona,40216,2,1,1,0,2,2,0,19,PIMA (19),TUCSON,11,4,2017,3,Tuesday,2,2:00am-2:59am,2,This section IS NOT on the NHS,6,Local Street - Municipality,EUCLID AVE,EDISON ST,2,Urban,3,Principal Arterial - Other,4,City or Municipal Highway Agency,0,None,32.24789444,-110.96001667,No Special Jurisdiction,42,Tree (Standing Only),0,Not a Collision with Motor Vehicle In-Transport,0,No,3,Intersection-Related,3,T-Intersection,None,5,Outside Trafficway,3,Dark - Lighted,1,Clear,0,2,2:00am-2:59am,2,2,2:00am-2:59am,9,2,2:00am-2:59am,26,1,1
2017,4,Arizona,40217,1,1,0,0,1,1,0,23,SANTA CRUZ (23),NOT APPLICABLE,11,4,2017,3,Tuesday,12,12:00pm-12:59pm,53,This section IS NOT on the NHS,3,State Highway,SR-83,,1,Rural,5,Major Collector,1,State Highway Agency,103,103,31.54349167,-110.50674722,No Special Jurisdiction,59,Traffic Sign Support,0,Not a Collision with Motor Vehicle In-Transport,0,No,1,Non-Junction,1,Not an Intersection,None,4,On Roadside,1,Daylight,1,Clear,0,12,12:00pm-12:59pm,53,13,1:00pm-1:59pm,24,88,Not Applicable (Not Transported),Not Applicable (Not Transported),1,0
2017,4,Arizona,40218,1,1,0,1,3,3,1,9,GRAHAM (9),SAFFORD,11,4,2017,3,Tuesday,16,4:00pm-4:59pm,33,This section IS NOT on the NHS,2,U.S. Highway,US-191,,1,Rural,4,Minor Arterial,1,State Highway Agency,1169,1169,32.77365,-109.71623333,No Special Jurisdiction,9,Pedalcyclist,0,Not a Collision with Motor Vehicle In-Transport,0,No,1,Non-Junction,1,Not an Intersection,None,2,On Shoulder,1,Daylight,1,Clear,0,16,4:00pm-4:59pm,35,16,4:00pm-4:59pm,41,16,4:00pm-4:59pm,59,1,0
2017,4,Arizona,40219,1,1,0,0,1,1,0,21,PINAL (21),NOT APPLICABLE,12,4,2017,4,Wednesday,15,3:00pm-3:59pm,39,This section IS ON the NHS,1,Interstate,I-10,,1,Rural,1,Interstate,1,State Highway Agency,1814,1814,33.05375833,-111.79284167,Indian Reservation,1,Rollover/Overturn,0,Not a Collision with Motor Vehicle In-Transport,0,No,1,Non-Junction,1,Not an Intersection,None,1,On Roadway,1,Daylight,1,Clear,0,15,3:00pm-3:59pm,40,15,3:00pm-3:59pm,57,88,Not Applicable (Not Transported),Not Applicable (Not Transported),1,0
2017,4,Arizona,40220,1,1,0,1,1,1,1,13,MARICOPA (13),MESA,13,4,2017,5,Thursday,20,8:00pm-8:59pm,26,This section IS NOT on the NHS,6,Local Street - Municipality,CRISMON RD,,2,Urban,4,Minor Arterial,4,City or Municipal Highway Agency,0,None,33.40308889,-111.61538056,No Special Jurisdiction,8,Pedestrian,0,Not a Collision with Motor Vehicle In-Transport,0,No,1,Non-Junction,1,Not an Intersection,None,1,On Roadway,3,Dark - Lighted,1,Clear,0,20,8:00pm-8:59pm,26,20,8:00pm-8:59pm,30,21,9:00pm-9:59pm,8,1,1
2017,4,Arizona,40221,2,2,0,0,3,3,0,13,MARICOPA (13),NOT APPLICABLE,13,4,2017,5,Thursday,20,8:00pm-8:59pm,38,This section IS NOT on the NHS,2,U.S. Highway,US-60,,1,Rural,5,Major Collector,1,State Highway Agency,637,637,33.94295833,-112.99692778,No Special Jurisdiction,12,Motor Vehicle In-Transport,2,Front-to-Front,0,No,1,Non-Junction,1,Not an Intersection,None,1,On Roadway,2,Dark - Not Lighted,1,Clear,0,20,8:00pm-8:59pm,47,21,9:00pm-9:59pm,15,88,Not Applicable (Not Transported),Not Applicable (Not Transported),3,1
2017,4,Arizona,40222,1,1,0,0,1,1,0,5,COCONINO (5),NOT APPLICABLE,14,4,2017,6,Friday,5,5:00am-5:59am,59,This section IS ON the NHS,3,State Highway,SR-64,,1,Rural,3,Principal Arterial - Other,1,State Highway Agency,411,411,35.84407222,-112.132525,No Special Jurisdiction,11,Live Animal,0,Not a Collision with Motor Vehicle In-Transport,0,No,1,Non-Junction,1,Not an Intersection,None,1,On Roadway,4,Dawn,1,Clear,0,6,6:00am-6:59am,4,6,6:00am-6:59am,15,88,Not Applicable (Not Transported),Not Applicable (Not Transported),1,1
2017,4,Arizona,40223,2,2,0,0,2,2,0,13,MARICOPA (13),PHOENIX,15,4,2017,7,Saturday,4,4:00am-4:59am,11,This section IS ON the NHS,1,Interstate,I-17,,2,Urban,1,Interstate,1,State Highway Agency,123,123,33.54595556,-112.11247222,No Special Jurisdiction,12,Motor Vehicle In-Transport,1,Front-to-Rear,0,No,1,Non-Junction,1,Not an Intersection,None,1,On Roadway,3,Dark - Lighted,1,Clear,0,4,4:00am-4:59am,11,4,4:00am-4:59am,18,88,Not Applicable (Not Transported),Not Applicable (Not Transported),1,1
2017,4,Arizona,40224,2,2,0,0,2,2,0,25,YAVAPAI (25),NOT APPLICABLE,18,4,2017,3,Tuesday,8,8:00am-8:59am,45,This section IS ON the NHS,3,State Highway,SR-69,SPRING LN,1,Rural,3,Principal Arterial - Other,1,State Highway Agency,29,29,34.35053056,-112.15955,No Special Jurisdiction,12,Motor Vehicle In-Transport,6,Angle,0,No,2,Intersection,3,T-Intersection,None,1,On Roadway,1,Daylight,1,Clear,0,8,8:00am-8:59am,46,8,8:00am-8:59am,53,99,Unknown,Unknown EMS Hospital Arrival Time,1,0
2017,4,Arizona,40225,1,1,0,2,1,1,2,13,MARICOPA (13),GILBERT,20,4,2017,5,Thursday,6,6:00am-6:59am,14,This section IS NOT on the NHS,6,Local Street - Municipality,VAL VISTA DR,ELLIOT RD,2,Urban,3,Principal Arterial - Other,4,City or Municipal Highway Agency,0,None,33.35000833,-111.75582778,No Special Jurisdiction,8,Pedestrian,0,Not a Collision with Motor Vehicle In-Transport,0,No,3,Intersection-Related,2,Four-Way Intersection,None,1,On Roadway,1,Daylight,1,Clear,0,6,6:00am-6:59am,14,99,Unknown EMS Scene Arrival Hour,Unknown EMS Scene Arrival Minutes,99,Unknown,Unknown EMS Hospital Arrival Time,1,0
2017,4,Arizona,40226,1,1,0,0,1,1,0,19,PIMA (19),TUCSON,20,4,2017,5,Thursday,7,7:00am-7:59am,50,This section IS NOT on the NHS,6,Local Street - Municipality,22ND ST,,2,Urban,3,Principal Arterial - Other,98,Not Reported,0,None,32.20715278,-110.92258333,No Special Jurisdiction,30,Utility Pole/Light Support,0,Not a Collision with Motor Vehicle In-Transport,0,No,1,Non-Junction,1,Not an Intersection,None,4,On Roadside,1,Daylight,1,Clear,0,7,7:00am-7:59am,50,7,7:00am-7:59am,56,8,8:00am-8:59am,48,1,0
2017,4,Arizona,40228,1,1,0,0,1,1,0,15,MOHAVE (15),NOT APPLICABLE,22,4,2017,7,Saturday,15,3:00pm-3:59pm,42,This section IS ON the NHS,1,Interstate,I-15,,1,Rural,1,Interstate,1,State Highway Agency,192,192,36.95966944,-113.78311389,No Special Jurisdiction,24,Guardrail Face,0,Not a Collision with Motor Vehicle In-Transport,0,No,1,Non-Junction,1,Not an Intersection,None,4,On Roadside,1,Daylight,1,Clear,0,15,3:00pm-3:59pm,43,16,4:00pm-4:59pm,5,88,Not Applicable (Not Transported),Not Applicable (Not Transported),1,0
2017,4,Arizona,40229,2,2,0,0,5,5,0,3,COCHISE (3),BENSON,23,4,2017,1,Sunday,16,4:00pm-4:59pm,38,This section IS ON the NHS,1,Interstate,I-10,,1,Rural,1,Interstate,1,State Highway Agency,3040,3040,31.97268333,-110.32506111,No Special Jurisdiction,12,Motor Vehicle In-Transport,1,Front-to-Rear,1,Yes,18,Through Roadway,1,Not an Intersection,None,1,On Roadway,1,Daylight,1,Clear,0,16,4:00pm-4:59pm,41,16,4:00pm-4:59pm,53,99,Unknown,Unknown EMS Hospital Arrival Time,1,0
2017,4,Arizona,40230,2,2,0,0,5,5,0,3,COCHISE (3),NOT APPLICABLE,23,4,2017,1,Sunday,19,7:00pm-7:59pm,16,This section IS NOT on the NHS,3,State Highway,SR-80,,1,Rural,4,Minor Arterial,1,State Highway Agency,39,39,31.92004167,-110.26697222,No Special Jurisdiction,12,Motor Vehicle In-Transport,6,Angle,0,No,1,Non-Junction,1,Not an Intersection,None,1,On Roadway,5,Dusk,1,Clear,0,19,7:00pm-7:59pm,16,19,7:00pm-7:59pm,24,99,Unknown,Unknown EMS Hospital Arrival Time,2,1
2017,4,Arizona,40231,2,2,0,0,2,2,0,13,MARICOPA (13),TEMPE,24,4,2017,2,Monday,0,0:00am-0:59am,17,This section IS ON the NHS,3,State Highway,SR-101,,2,Urban,2,Principal Arterial - Other Freeways and Expressways,1,State Highway Agency,526,526,33.40200556,-111.89095833,No Special Jurisdiction,12,Motor Vehicle In-Transport,1,Front-to-Rear,1,Yes,18,Through Roadway,1,Not an Intersection,None,1,On Roadway,3,Dark - Lighted,1,Clear,0,0,0:00am-0:59am,19,0,0:00am-0:59am,29,99,Unknown,Unknown EMS Hospital Arrival Time,1,1
2017,4,Arizona,40232,2,2,0,0,2,2,0,19,PIMA (19),NOT APPLICABLE,27,4,2017,5,Thursday,12,12:00pm-12:59pm,38,This section IS ON the NHS,1,Interstate,I-10,,1,Rural,1,Interstate,1,State Highway Agency,2938,2938,31.97399722,-110.49545278,No Special Jurisdiction,12,Motor Vehicle In-Transport,7,Sideswipe - Same Direction,0,No,1,Non-Junction,1,Not an Intersection,None,1,On Roadway,1,Daylight,1,Clear,0,12,12:00pm-12:59pm,41,12,12:00pm-12:59pm,47,14,2:00pm-2:59pm,15,1,0
2017,4,Arizona,40233,2,2,0,0,2,2,0,25,YAVAPAI (25),NOT APPLICABLE,28,4,2017,6,Friday,12,12:00pm-12:59pm,20,This section IS NOT on the NHS,4,County Road,CR-10 IRON SPRINGS RD,,1,Rural,5,Major Collector,2,County Highway Agency,0,None,34.56783611,-112.65743611,No Special Jurisdiction,12,Motor Vehicle In-Transport,6,Angle,0,No,1,Non-Junction,1,Not an Intersection,None,1,On Roadway,1,Daylight,1,Clear,0,99,Unknown,Unknown,99,Unknown EMS Scene Arrival Hour,Unknown EMS Scene Arrival Minutes,99,Unknown,Unknown EMS Hospital Arrival Time,1,1
2017,4,Arizona,40235,2,2,0,0,1,1,0,13,MARICOPA (13),NOT APPLICABLE,19,3,2017,1,Sunday,15,3:00pm-3:59pm,31,This section IS NOT on the NHS,5,Local Street - Township,EL CAPITAN CIR,,2,Urban,7,Local,98,Not Reported,0,None,33.61910833,-112.28859167,No Special Jurisdiction,12,Motor Vehicle In-Transport,11,Other,0,No,4,Driveway Access,1,Not an Intersection,None,1,On Roadway,1,Daylight,1,Clear,0,15,3:00pm-3:59pm,31,15,3:00pm-3:59pm,35,99,Unknown,Unknown EMS Hospital Arrival Time,1,0
2017,4,Arizona,40236,1,1,0,0,2,2,0,1,APACHE (1),NOT APPLICABLE,24,3,2017,6,Friday,12,12:00pm-12:59pm,30,This section IS NOT on the NHS,8,Other,BIA 27,,1,Rural,6,Minor Collector,62,Bureau of Indian Affairs,0,None,36.12923611,-109.55406389,Indian Reservation,5,Fell/Jumped from Vehicle,0,Not a Collision with Motor Vehicle In-Transport,0,No,1,Non-Junction,1,Not an Intersection,None,1,On Roadway,1,Daylight,99,Unknown,0,99,Unknown,Unknown,99,Unknown EMS Scene Arrival Hour,Unknown EMS Scene Arrival Minutes,88,Not Applicable (Not Transported),Not Applicable (Not Transported),1,0
2017,4,Arizona,40237,1,1,0,1,1,1,1,21,PINAL (21),NOT APPLICABLE,27,3,2017,2,Monday,99,Unknown Hours,Unknown Minutes,This section IS NOT on the NHS,8,Other,BIA 1 CASA BLANCA RD,,1,Rural,5,Major Collector,62,Bureau of Indian Affairs,0,None,Unknown,Unknown,Indian Reservation,8,Pedestrian,0,Not a Collision with Motor Vehicle In-Transport,0,No,99,Unknown,99,Unknown,None,99,Unknown,9,Unknown,99,Unknown,0,99,Unknown,Unknown,99,Unknown EMS Scene Arrival Hour,Unknown EMS Scene Arrival Minutes,88,Not Applicable (Not Transported),Not Applicable (Not Transported),1,0
2017,4,Arizona,40238,2,2,0,0,2,2,0,21,PINAL (21),APACHE JUNCTION,30,3,2017,5,Thursday,9,9:00am-9:59am,33,This section IS NOT on the NHS,6,Local Street - Municipality,MERIDIAN RD,UNIVERSITY DR,2,Urban,4,Minor Arterial,4,City or Municipal Highway Agency,0,None,33.42234167,-111.58066944,No Special Jurisdiction,12,Motor Vehicle In-Transport,99,Unknown,0,No,2,Intersection,2,Four-Way Intersection,None,1,On Roadway,1,Daylight,1,Clear,0,9,9:00am-9:59am,33,9,9:00am-9:59am,35,9,9:00am-9:59am,59,1,0
2017,4,Arizona,40239,2,2,0,0,3,3,0,19,PIMA (19),TUCSON,15,3,2017,4,Wednesday,20,8:00pm-8:59pm,13,This section IS ON the NHS,6,Local Street - Municipality,IRVINGTON RD,LIBERTY AVE,2,Urban,3,Principal Arterial - Other,4,City or Municipal Highway Agency,0,None,32.16328611,-110.97370833,No Special Jurisdiction,12,Motor Vehicle In-Transport,6,Angle,0,No,2,Intersection,3,T-Intersection,None,1,On Roadway,3,Dark - Lighted,1,Clear,0,20,8:00pm-8:59pm,13,20,8:00pm-8:59pm,17,20,8:00pm-8:59pm,47,1,0
2017,4,Arizona,40240,2,2,0,0,3,3,0,13,MARICOPA (13),MESA,5,4,2017,4,Wednesday,9,9:00am-9:59am,14,This section IS NOT on the NHS,6,Local Street - Municipality,UNIVERSITY DR,HIGLEY RD,2,Urban,3,Principal Arterial - Other,4,City or Municipal Highway Agency,0,None,33.4228,-111.71908333,No Special Jurisdiction,12,Motor Vehicle In-Transport,6,Angle,0,No,2,Intersection,2,Four-Way Intersection,None,1,On Roadway,1,Daylight,1,Clear,0,9,9:00am-9:59am,16,9,9:00am-9:59am,21,9,9:00am-9:59am,40,1,0
2017,4,Arizona,40241,1,1,0,1,1,1,1,13,MARICOPA (13),MESA,7,4,2017,6,Friday,19,7:00pm-7:59pm,52,This section IS NOT on the NHS,6,Local Street - Municipality,BROWN RD,,2,Urban,4,Minor Arterial,4,City or Municipal Highway Agency,0,None,33.43521667,-111.838075,No Special Jurisdiction,8,Pedestrian,0,Not a Collision with Motor Vehicle In-Transport,0,No,1,Non-Junction,1,Not an Intersection,None,1,On Roadway,3,Dark - Lighted,1,Clear,0,19,7:00pm-7:59pm,52,19,7:00pm-7:59pm,58,20,8:00pm-8:59pm,27,1,0
2017,4,Arizona,40242,2,2,0,0,2,2,0,19,PIMA (19),TUCSON,10,4,2017,2,Monday,9,9:00am-9:59am,31,This section IS NOT on the NHS,6,Local Street - Municipality,WILMOT RD,PARK PLACE DR,2,Urban,3,Principal Arterial - Other,4,City or Municipal Highway Agency,0,None,32.21807778,-110.85811389,No Special Jurisdiction,12,Motor Vehicle In-Transport,6,Angle,0,No,2,Intersection,3,T-Intersection,None,1,On Roadway,1,Daylight,1,Clear,0,9,9:00am-9:59am,31,9,9:00am-9:59am,34,9,9:00am-9:59am,45,1,0
2017,4,Arizona,40243,2,2,0,0,3,3,0,19,PIMA (19),TUCSON,16,4,2017,1,Sunday,15,3:00pm-3:59pm,0,This section IS ON the NHS,6,Local Street - Municipality,TUCSON BLVD,DREXEL RD,2,Urban,3,Principal Arterial - Other,4,City or Municipal Highway Agency,0,None,32.14871944,-110.93492778,No Special Jurisdiction,12,Motor Vehicle In-Transport,6,Angle,0,No,2,Intersection,2,Four-Way Intersection,None,1,On Roadway,1,Daylight,1,Clear,0,15,3:00pm-3:59pm,0,15,3:00pm-3:59pm,6,15,3:00pm-3:59pm,44,1,0