AccidentYear,STATE,STATENAME,ST_CASE,VE_TOTAL,VE_FORMS,PVH_INVL,PEDS,PERSONS,PERMVIT,PERNOTMVIT,COUNTY,COUNTYNAME,CITYNAME,DAY,MONTH,YEAR,DAY_WEEK,DAY_WEEKNAME,HOUR,HOURNAME,MINUTENAME,NHSNAME,ROUTE,ROUTENAME,TWAY_ID,TWAY_ID2,RUR_URB,RUR_URBNAME,FUNC_SYS,FUNC_SYSNAME,RD_OWNER,RD_OWNERNAME,MILEPT,MILEPTNAME,LATITUDENAME,LONGITUDNAME,SP_JURNAME,HARM_EV,HARM_EVNAME,MAN_COLL,MAN_COLLNAME,RELJCT1,RELJCT1NAME,RELJCT2,RELJCT2NAME,TYP_INT,TYP_INTNAME,WRK_ZONENAME,REL_ROAD,REL_ROADNAME,LGT_COND,LGT_CONDNAME,WEATHER,WEATHERNAME,SCH_BUS,NOT_HOUR,NOT_HOURNAME,NOT_MINNAME,ARR_HOUR,ARR_HOURNAME,ARR_MINNAME,HOSP_HR,HOSP_HRNAME,HOSP_MNNAME,FATALS,DRUNK_DR
2017,4,Arizona,40300,1,1,0,0,2,2,0,25,YAVAPAI (25),NOT APPLICABLE,1,4,2017,7,Saturday,18,6:00pm-6:59pm,0,This section IS NOT on the NHS,8,Other,FOREST ROAD 192,,1,Rural,7,Local,98,Not Reported,0,None,34.17220556,-112.35203333,No Special Jurisdiction,1,Rollover/Overturn,0,Not a Collision with Motor Vehicle In-Transport,0,No,1,Non-Junction,1,Not an Intersection,None,5,Outside Trafficway,1,Daylight,1,Clear,0,18,6:00pm-6:59pm,0,19,7:00pm-7:59pm,0,99,Unknown,Unknown EMS Hospital Arrival Time,1,0
2017,4,Arizona,40301,2,2,0,0,4,4,0,13,MARICOPA (13),PHOENIX,2,4,2017,1,Sunday,17,5:00pm-5:59pm,32,This section IS NOT on the NHS,6,Local Street - Municipality,16TH ST,BUCKEYE RD,2,Urban,4,Minor Arterial,4,City or Municipal Highway Agency,0,None,33.43679722,-112.04775278,No Special Jurisdiction,12,Motor Vehicle In-Transport,6,Angle,0,No,2,Intersection,2,Four-Way Intersection,None,1,On Roadway,1,Daylight,1,Clear,0,17,5:00pm-5:59pm,34,17,5:00pm-5:59pm,37,17,5:00pm-5:59pm,48,1,0
2017,4,Arizona,40302,1,1,0,0,4,4,0,17,NAVAJO (17),NOT APPLICABLE,3,4,2017,2,Monday,2,2:00am-2:59am,33,This section IS NOT on the NHS,4,County Road,CR-RIM RD,,2,Urban,5,Major Collector,2,County Highway Agency,0,None,34.14098611,-109.98653333,No Special Jurisdiction,42,Tree (Standing Only),0,Not a Collision with Motor Vehicle In-Transport,0,No,1,Non-Junction,1,Not an Intersection,None,4,On Roadside,2,Dark - Not Lighted,1,Clear,0,2,2:00am-2:59am,48,2,2:00am-2:59am,55,3,3:00am-3:59am,29,1,1
2017,4,Arizona,40303,1,1,0,1,1,1,1,13,MARICOPA (13),PHOENIX,4,4,2017,3,Tuesday,22,10:00pm-10:59pm,29,This section IS NOT on the NHS,6,Local Street - Municipality,NORTHERN AVE,,2,Urban,4,Minor Arterial,4,City or Municipal Highway Agency,0,None,33.55310833,-112.10738056,No Special Jurisdiction,8,Pedestrian,0,Not a Collision with Motor Vehicle In-Transport,0,No,1,Non-Junction,1,Not an Intersection,None,1,On Roadway,3,Dark - Lighted,1,Clear,0,22,10:00pm-10:59pm,31,22,10:00pm-10:59pm,34,88,Not Applicable (Not Transported),Not Applicable (Not Transported),1,0
2017,4,Arizona,40304,1,1,0,0,3,3,0,17,NAVAJO (17),NOT APPLICABLE,5,4,2017,4,Wednesday,0,0:00am-0:59am,40,This section IS NOT on the NHS,4,County Road,CR-MCLAWS RD,,1,Rural,6,Minor Collector,2,County Highway Agency,0,None,34.89215278,-110.26969167,No Special Jurisdiction,1,Rollover/Overturn,0,Not a Collision with Motor Vehicle In-Transport,0,No,1,Non-Junction,1,Not an Intersection,None,4,On Roadside,2,Dark - Not Lighted,1,Clear,0,0,0:00am-0:59am,40,99,Unknown EMS Scene Arrival Hour,Unknown EMS Scene Arrival Minutes,99,Unknown,Unknown EMS Hospital Arrival Time,1,1
2017,4,Arizona,40305,1,1,0,0,1,1,0,13,MARICOPA (13),PHOENIX,5,4,2017,4,Wednesday,4,4:00am-4:59am,16,This section IS NOT on the NHS,6,Local Street - Municipality,LOWER BUCKEYE RD,,2,Urban,4,Minor Arterial,4,City or Municipal Highway Agency,0,None,33.42291111,-112.21315556,No Special Jurisdiction,59,Traffic Sign Support,0,Not a Collision with Motor Vehicle In-Transport,0,No,1,Non-Junction,1,Not an Intersection,None,4,On Roadside,3,Dark - Lighted,1,Clear,0,4,4:00am-4:59am,18,4,4:00am-4:59am,22,88,Not Applicable (Not Transported),Not Applicable (Not Transported),1,1
2017,4,Arizona,40306,2,2,0,0,3,3,0,13,MARICOPA (13),PHOENIX,5,4,2017,4,Wednesday,10,10:00am-10:59am,51,This section IS NOT on the NHS,6,Local Street - Municipality,67TH AVE,,2,Urban,4,Minor Arterial,4,City or Municipal Highway Agency,0,None,33.45306111,-112.20343889,No Special Jurisdiction,12,Motor Vehicle In-Transport,2,Front-to-Front,0,No,1,Non-Junction,1,Not an Intersection,None,1,On Roadway,1,Daylight,1,Clear,0,10,10:00am-10:59am,52,10,10:00am-10:59am,57,99,Unknown,Unknown EMS Hospital Arrival Time,1,0
2017,4,Arizona,40307,2,2,0,0,2,2,0,13,MARICOPA (13),GLENDALE,7,4,2017,6,Friday,0,0:00am-0:59am,37,This section IS NOT on the NHS,6,Local Street - Municipality,59TH AVE,CACTUS RD,2,Urban,3,Principal Arterial - Other,4,City or Municipal Highway Agency,0,None,33.59640833,-112.18599167,No Special Jurisdiction,12,Motor Vehicle In-Transport,6,Angle,0,No,2,Intersection,2,Four-Way Intersection,None,1,On Roadway,3,Dark - Lighted,1,Clear,0,0,0:00am-0:59am,37,0,0:00am-0:59am,42,99,Unknown,Unknown EMS Hospital Arrival Time,1,0
2017,4,Arizona,40308,1,1,0,1,1,1,1,13,MARICOPA (13),GLENDALE,7,4,2017,6,Friday,19,7:00pm-7:59pm,31,This section IS NOT on the NHS,6,Local Street - Municipality,CAMELBACK RD,,2,Urban,3,Principal Arterial - Other,4,City or Municipal Highway Agency,0,None,33.50949167,-112.17123611,No Special Jurisdiction,8,Pedestrian,0,Not a Collision with Motor Vehicle In-Transport,0,No,1,Non-Junction,1,Not an Intersection,None,1,On Roadway,3,Dark - Lighted,1,Clear,0,99,Unknown,Unknown,99,Unknown EMS Scene Arrival Hour,Unknown EMS Scene Arrival Minutes,99,Unknown,Unknown EMS Hospital Arrival Time,1,0
2017,4,Arizona,40309,1,1,0,0,2,2,0,1,APACHE (1),NOT APPLICABLE,11,4,2017,3,Tuesday,99,Unknown Hours,Unknown Minutes,This section IS NOT on the NHS,9,Unknown,UNKNOWN RD,,1,Rural,99,Unknown,99,Unknown,0,None,Unknown,Unknown,Indian Reservation,25,Concrete Traffic Barrier,0,Not a Collision with Motor Vehicle In-Transport,0,No,99,Unknown,99,Unknown,None,6,Off Roadway-Location Unknown,9,Unknown,98,Not Reported,0,99,Unknown,Unknown,99,Unknown EMS Scene Arrival Hour,Unknown EMS Scene Arrival Minutes,99,Unknown,Unknown EMS Hospital Arrival Time,1,0
2017,4,Arizona,40310,3,3,0,0,4,4,0,13,MARICOPA (13),PHOENIX,14,4,2017,6,Friday,1,1:00am-1:59am,42,This section IS NOT on the NHS,6,Local Street - Municipality,43RD AVE,MISSOURI AVE,2,Urban,4,Minor Arterial,4,City or Municipal Highway Agency,0,None,33.51665833,-112.15156111,No Special Jurisdiction,12,Motor Vehicle In-Transport,6,Angle,0,No,2,Intersection,3,T-Intersection,None,1,On Roadway,3,Dark - Lighted,1,Clear,0,1,1:00am-1:59am,44,1,1:00am-1:59am,51,2,2:00am-2:59am,13,1,1
2017,4,Arizona,40311,2,2,0,0,2,2,0,1,APACHE (1),NOT APPLICABLE,16,4,2017,1,Sunday,16,4:00pm-4:59pm,23,This section IS NOT on the NHS,8,Other,FOREST RD 74,,1,Rural,7,Local,98,Not Reported,0,None,34.04315556,-109.29282778,No Special Jurisdiction,12,Motor Vehicle In-Transport,2,Front-to-Front,0,No,1,Non-Junction,1,Not an Intersection,None,1,On Roadway,1,Daylight,1,Clear,0,99,Unknown,Unknown,99,Unknown EMS Scene Arrival Hour,Unknown EMS Scene Arrival Minutes,99,Unknown,Unknown EMS Hospital Arrival Time,1,0
2017,4,Arizona,40312,2,2,0,0,5,5,0,13,MARICOPA (13),PHOENIX,20,4,2017,5,Thursday,16,4:00pm-4:59pm,40,This section IS NOT on the NHS,6,Local Street - Municipality,32ND ST,,2,Urban,4,Minor Arterial,4,City or Municipal Highway Agency,0,None,33.63254722,-112.01343056,No Special Jurisdiction,12,Motor Vehicle In-Transport,2,Front-to-Front,0,No,1,Non-Junction,1,Not an Intersection,None,11,Continuous Left - Turn Lane,1,Daylight,1,Clear,0,16,4:00pm-4:59pm,41,16,4:00pm-4:59pm,46,17,5:00pm-5:59pm,4,3,0
2017,4,Arizona,40313,1,1,0,1,1,1,1,13,MARICOPA (13),PHOENIX,21,4,2017,6,Friday,4,4:00am-4:59am,4,This section IS ON the NHS,6,Local Street - Municipality,51ST AVE,BASELINE RD,2,Urban,3,Principal Arterial - Other,4,City or Municipal Highway Agency,0,None,33.37748611,-112.16838333,No Special Jurisdiction,9,Pedalcyclist,0,Not a Collision with Motor Vehicle In-Transport,0,No,3,Intersection-Related,2,Four-Way Intersection,None,1,On Roadway,3,Dark - Lighted,1,Clear,0,4,4:00am-4:59am,6,4,4:00am-4:59am,10,88,Not Applicable (Not Transported),Not Applicable (Not Transported),1,0
2017,4,Arizona,40314,1,1,0,0,1,1,0,13,MARICOPA (13),NOT APPLICABLE,21,4,2017,6,Friday,13,1:00pm-1:59pm,54,This section IS NOT on the NHS,5,Local Street - Township,AURORA DR,,2,Urban,7,Local,98,Not Reported,0,None,33.67358611,-112.34039444,No Special Jurisdiction,1,Rollover/Overturn,0,Not a Collision with Motor Vehicle In-Transport,0,No,1,Non-Junction,1,Not an Intersection,None,1,On Roadway,1,Daylight,1,Clear,0,13,1:00pm-1:59pm,54,14,2:00pm-2:59pm,0,15,3:00pm-3:59pm,0,1,0
2017,4,Arizona,40315,2,2,0,0,3,3,0,13,MARICOPA (13),PHOENIX,23,4,2017,1,Sunday,8,8:00am-8:59am,33,This section IS NOT on the NHS,6,Local Street - Municipality,75TH AVE,VAN BUREN ST,2,Urban,3,Principal Arterial - Other,4,City or Municipal Highway Agency,0,None,33.45176389,-112.22118333,No Special Jurisdiction,12,Motor Vehicle In-Transport,6,Angle,0,No,2,Intersection,2,Four-Way Intersection,"Work Zone, Type Unknown",1,On Roadway,1,Daylight,1,Clear,0,8,8:00am-8:59am,34,8,8:00am-8:59am,40,9,9:00am-9:59am,0,1,0
2017,4,Arizona,40316,1,1,0,1,1,1,1,13,MARICOPA (13),PHOENIX,24,4,2017,2,Monday,18,6:00pm-6:59pm,13,This section IS NOT on the NHS,6,Local Street - Municipality,CAMELBACK RD,,2,Urban,3,Principal Arterial - Other,4,City or Municipal Highway Agency,0,None,33.50927222,-112.06571667,No Special Jurisdiction,8,Pedestrian,0,Not a Collision with Motor Vehicle In-Transport,0,No,1,Non-Junction,1,Not an Intersection,None,1,On Roadway,1,Daylight,1,Clear,0,18,6:00pm-6:59pm,14,18,6:00pm-6:59pm,18,18,6:00pm-6:59pm,29,1,0
2017,4,Arizona,40317,2,2,0,1,2,2,1,13,MARICOPA (13),PHOENIX,25,4,2017,3,Tuesday,19,7:00pm-7:59pm,32,This section IS NOT on the NHS,6,Local Street - Municipality,19TH AVE,,2,Urban,3,Principal Arterial - Other,4,City or Municipal Highway Agency,0,None,33.65378611,-112.09975278,No Special Jurisdiction,8,Pedestrian,0,Not a Collision with Motor Vehicle In-Transport,0,No,1,Non-Junction,1,Not an Intersection,None,1,On Roadway,3,Dark - Lighted,1,Clear,0,19,7:00pm-7:59pm,33,19,7:00pm-7:59pm,41,88,Not Applicable (Not Transported),Not Applicable (Not Transported),1,0
2017,4,Arizona,40319,2,2,0,0,2,2,0,13,MARICOPA (13),PHOENIX,26,4,2017,4,Wednesday,5,5:00am-5:59am,32,This section IS ON the NHS,6,Local Street - Municipality,THUNDERBIRD RD,10TH PL,2,Urban,3,Principal Arterial - Other,4,City or Municipal Highway Agency,0,None,33.60774722,-112.06073056,No Special Jurisdiction,1,Rollover/Overturn,0,Not a Collision with Motor Vehicle In-Transport,0,No,2,Intersection,3,T-Intersection,None,1,On Roadway,3,Dark - Lighted,1,Clear,0,5,5:00am-5:59am,33,5,5:00am-5:59am,39,88,Not Applicable (Not Transported),Not Applicable (Not Transported),1,0
2017,4,Arizona,40320,1,1,0,1,1,1,1,13,MARICOPA (13),PHOENIX,26,4,2017,4,Wednesday,6,6:00am-6:59am,42,This section IS ON the NHS,6,Local Street - Municipality,BASELINE RD,36TH WAY,2,Urban,3,Principal Arterial - Other,4,City or Municipal Highway Agency,0,None,33.37813611,-112.00556944,No Special Jurisdiction,9,Pedalcyclist,0,Not a Collision with Motor Vehicle In-Transport,0,No,2,Intersection,3,T-Intersection,None,1,On Roadway,1,Daylight,1,Clear,0,6,6:00am-6:59am,44,6,6:00am-6:59am,48,88,Not Applicable (Not Transported),Not Applicable (Not Transported),1,0
2017,4,Arizona,40321,1,1,0,0,1,1,0,21,PINAL (21),NOT APPLICABLE,28,4,2017,6,Friday,5,5:00am-5:59am,35,This section IS NOT on the NHS,4,County Road,CR-MCCARTNEY RD,,1,Rural,5,Major Collector,2,County Highway Agency,0,None,32.93828611,-111.66485556,No Special Jurisdiction,1,Rollover/Overturn,0,Not a Collision with Motor Vehicle In-Transport,0,No,1,Non-Junction,1,Not an Intersection,None,1,On Roadway,4,Dawn,10,Cloudy,0,5,5:00am-5:59am,38,5,5:00am-5:59am,41,88,Not Applicable (Not Transported),Not Applicable (Not Transported),1,0
2017,4,Arizona,40323,1,1,0,1,1,1,1,13,MARICOPA (13),TEMPE,29,4,2017,7,Saturday,22,10:00pm-10:59pm,38,This section IS NOT on the NHS,6,Local Street - Municipality,BROADWAY RD,,2,Urban,3,Principal Arterial - Other,4,City or Municipal Highway Agency,0,None,33.40756389,-111.905925,No Special Jurisdiction,8,Pedestrian,0,Not a Collision with Motor Vehicle In-Transport,0,No,1,Non-Junction,1,Not an Intersection,None,1,On Roadway,3,Dark - Lighted,1,Clear,0,22,10:00pm-10:59pm,39,22,10:00pm-10:59pm,43,88,Not Applicable (Not Transported),Not Applicable (Not Transported),1,0
2017,4,Arizona,40324,1,1,0,0,3,3,0,5,COCONINO (5),NOT APPLICABLE,30,4,2017,1,Sunday,22,10:00pm-10:59pm,4,This section IS ON the NHS,2,U.S. Highway,US-160,,1,Rural,3,Principal Arterial - Other,1,State Highway Agency,71,71,36.10392222,-111.27868611,Indian Reservation,59,Traffic Sign Support,0,Not a Collision with Motor Vehicle In-Transport,0,No,1,Non-Junction,1,Not an Intersection,None,4,On Roadside,2,Dark - Not Lighted,1,Clear,0,99,Unknown,Unknown,99,Unknown EMS Scene Arrival Hour,Unknown EMS Scene Arrival Minutes,99,Unknown,Unknown EMS Hospital Arrival Time,1,0
2017,4,Arizona,40325,3,3,0,0,4,4,0,13,MARICOPA (13),PHOENIX,12,5,2017,6,Friday,22,10:00pm-10:59pm,12,This section IS ON the NHS,3,State Highway,SR-51,,2,Urban,2,Principal Arterial - Other Freeways and Expressways,1,State Highway Agency,28,28,33.48955278,-112.04308889,No Special Jurisdiction,12,Motor Vehicle In-Transport,7,Sideswipe - Same Direction,0,No,1,Non-Junction,1,Not an Intersection,None,1,On Roadway,3,Dark - Lighted,1,Clear,0,22,10:00pm-10:59pm,13,22,10:00pm-10:59pm,20,88,Not Applicable (Not Transported),Not Applicable (Not Transported),1,1
2017,4,Arizona,40326,1,1,0,0,1,1,0,7,GILA (7),NOT APPLICABLE,30,5,2017,3,Tuesday,0,0:00am-0:59am,19,This section IS NOT on the NHS,4,County Road,CR-FS RD 64 CONTROL RD,,1,Rural,6,Minor Collector,2,County Highway Agency,0,None,34.31874444,-111.14521944,No Special Jurisdiction,1,Rollover/Overturn,0,Not a Collision with Motor Vehicle In-Transport,0,No,1,Non-Junction,1,Not an Intersection,None,1,On Roadway,2,Dark - Not Lighted,1,Clear,0,99,Unknown,Unknown,99,Unknown EMS Scene Arrival Hour,Unknown EMS Scene Arrival Minutes,99,Unknown,Unknown EMS Hospital Arrival Time,1,1
2017,4,Arizona,40327,1,1,0,0,1,1,0,13,MARICOPA (13),EL MIRAGE,30,5,2017,3,Tuesday,8,8:00am-8:59am,11,This section IS NOT on the NHS,6,Local Street - Municipality,DYSART RD,PEORIA AVE,2,Urban,3,Principal Arterial - Other,4,City or Municipal Highway Agency,0,None,33.57952778,-112.34173611,No Special Jurisdiction,33,Curb,0,Not a Collision with Motor Vehicle In-Transport,0,No,3,Intersection-Related,2,Four-Way Intersection,None,4,On Roadside,1,Daylight,1,Clear,0,8,8:00am-8:59am,14,8,8:00am-8:59am,19,8,8:00am-8:59am,39,1,0
2017,4,Arizona,40328,1,1,0,0,2,2,0,19,PIMA (19),SAHUARITA,20,5,2017,7,Saturday,12,12:00pm-12:59pm,37,This section IS ON the NHS,1,Interstate,I-19,,2,Urban,1,Interstate,1,State Highway Agency,483,483,31.97828056,-110.99062778,No Special Jurisdiction,1,Rollover/Overturn,0,Not a Collision with Motor Vehicle In-Transport,0,No,1,Non-Junction,1,Not an Intersection,None,4,On Roadside,1,Daylight,1,Clear,0,12,12:00pm-12:59pm,37,12,12:00pm-12:59pm,56,99,Unknown,Unknown EMS Hospital Arrival Time,1,1
2017,4,Arizona,40330,1,1,0,1,1,1,1,13,MARICOPA (13),PHOENIX,3,5,2017,4,Wednesday,17,5:00pm-5:59pm,57,This section IS NOT on the NHS,6,Local Street - Municipality,23RD ABVE,MEDLOCK DR,2,Urban,5,Major Collector,4,City or Municipal Highway Agency,0,None,33.51132778,-112.10842778,No Special Jurisdiction,9,Pedalcyclist,0,Not a Collision with Motor Vehicle In-Transport,0,No,2,Intersection,3,T-Intersection,None,1,On Roadway,1,Daylight,1,Clear,0,99,Unknown,Unknown,99,Unknown EMS Scene Arrival Hour,Unknown EMS Scene Arrival Minutes,99,Unknown,Unknown EMS Hospital Arrival Time,1,0
2017,4,Arizona,40331,2,2,0,0,2,2,0,17,NAVAJO (17),NOT APPLICABLE,4,5,2017,5,Thursday,5,5:00am-5:59am,23,This section IS ON the NHS,3,State Highway,SR-77,,1,Rural,3,Principal Arterial - Other,1,State Highway Agency,1740,1740,34.28161389,-110.02763056,No Special Jurisdiction,12,Motor Vehicle In-Transport,2,Front-to-Front,0,No,1,Non-Junction,1,Not an Intersection,None,1,On Roadway,4,Dawn,5,"Fog, Smog, Smoke",0,5,5:00am-5:59am,23,5,5:00am-5:59am,32,99,Unknown,Unknown EMS Hospital Arrival Time,1,0
2017,4,Arizona,40332,4,4,0,0,4,4,0,13,MARICOPA (13),CHANDLER,10,5,2017,4,Wednesday,15,3:00pm-3:59pm,37,This section IS ON the NHS,3,State Highway,SR-202,,2,Urban,2,Principal Arterial - Other Freeways and Expressways,1,State Highway Agency,454,454,33.28267778,-111.80579722,No Special Jurisdiction,12,Motor Vehicle In-Transport,6,Angle,1,Yes,18,Through Roadway,1,Not an Intersection,None,1,On Roadway,1,Daylight,10,Cloudy,0,99,Unknown,Unknown,99,Unknown EMS Scene Arrival Hour,Unknown EMS Scene Arrival Minutes,99,Unknown,Unknown EMS Hospital Arrival Time,1,0
2017,4,Arizona,40333,2,2,0,0,2,2,0,19,PIMA (19),NOT APPLICABLE,24,5,2017,4,Wednesday,11,11:00am-11:59am,30,This section IS ON the NHS,3,State Highway,SR-210 BARRAZA AVIATION PKWY,RICHEY BLVD,2,Urban,2,Principal Arterial - Other Freeways and Expressways,1,State Highway Agency,330,330,32.1914,-110.91651667,No Special Jurisdiction,12,Motor Vehicle In-Transport,6,Angle,0,No,2,Intersection,3,T-Intersection,None,1,On Roadway,1,Daylight,1,Clear,0,99,Unknown,Unknown,99,Unknown EMS Scene Arrival Hour,Unknown EMS Scene Arrival Minutes,99,Unknown,Unknown EMS Hospital Arrival Time,1,0
2017,4,Arizona,40334,1,1,0,0,1,1,0,25,YAVAPAI (25),NOT APPLICABLE,22,5,2017,2,Monday,22,10:00pm-10:59pm,31,This section IS NOT on the NHS,4,County Road,CR-30 CORNVILLE RD,,1,Rural,5,Major Collector,2,County Highway Agency,0,None,34.72042778,-111.93171111,No Special Jurisdiction,1,Rollover/Overturn,0,Not a Collision with Motor Vehicle In-Transport,0,No,1,Non-Junction,1,Not an Intersection,None,1,On Roadway,2,Dark - Not Lighted,1,Clear,0,22,10:00pm-10:59pm,34,22,10:00pm-10:59pm,40,23,11:00pm-11:59pm,58,1,1
2017,4,Arizona,40335,1,1,0,1,1,1,1,13,MARICOPA (13),TOLLESON,17,1,2017,3,Tuesday,99,Unknown Hours,Unknown Minutes,This section IS NOT on the NHS,6,Local Street - Municipality,80TH AVE,,2,Urban,7,Local,98,Not Reported,0,None,Unknown,Unknown,No Special Jurisdiction,8,Pedestrian,0,Not a Collision with Motor Vehicle In-Transport,0,No,99,Unknown,99,Unknown,None,99,Unknown,9,Unknown,98,Not Reported,0,99,Unknown,Unknown,99,Unknown EMS Scene Arrival Hour,Unknown EMS Scene Arrival Minutes,88,Not Applicable (Not Transported),Not Applicable (Not Transported),1,0
2017,4,Arizona,40336,1,1,0,0,1,1,0,5,COCONINO (5),NOT APPLICABLE,28,4,2017,6,Friday,8,8:00am-8:59am,3,This section IS ON the NHS,2,U.S. Highway,US-160,,1,Rural,3,Principal Arterial - Other,1,State Highway Agency,190,190,36.17079167,-111.08703333,Indian Reservation,1,Rollover/Overturn,0,Not a Collision with Motor Vehicle In-Transport,0,No,1,Non-Junction,1,Not an Intersection,None,4,On Roadside,1,Daylight,1,Clear,0,99,Unknown,Unknown,99,Unknown EMS Scene Arrival Hour,Unknown EMS Scene Arrival Minutes,99,Unknown,Unknown EMS Hospital Arrival Time,1,0
2017,4,Arizona,40338,1,1,0,0,4,4,0,7,GILA (7),NOT APPLICABLE,20,5,2017,7,Saturday,23,11:00pm-11:59pm,26,This section IS NOT on the NHS,8,Other,BIA 3,,1,Rural,6,Minor Collector,62,Bureau of Indian Affairs,0,None,33.25579722,-110.48529722,Indian Reservation,1,Rollover/Overturn,0,Not a Collision with Motor Vehicle In-Transport,0,No,1,Non-Junction,1,Not an Intersection,None,5,Outside Trafficway,2,Dark - Not Lighted,1,Clear,0,99,Unknown,Unknown,99,Unknown EMS Scene Arrival Hour,Unknown EMS Scene Arrival Minutes,99,Unknown,Unknown EMS Hospital Arrival Time,2,1
2017,4,Arizona,40339,1,1,0,0,2,2,0,15,MOHAVE (15),NOT APPLICABLE,25,5,2017,5,Thursday,17,5:00pm-5:59pm,6,This section IS NOT on the NHS,8,Other,BLM ROAD 1069,,1,Rural,7,Local,68,Bureau of Land Management,0,None,36.80278889,-113.55401111,No Special Jurisdiction,1,Rollover/Overturn,0,Not a Collision with Motor Vehicle In-Transport,0,No,1,Non-Junction,1,Not an Intersection,None,1,On Roadway,1,Daylight,1,Clear,0,18,6:00pm-6:59pm,0,18,6:00pm-6:59pm,53,19,7:00pm-7:59pm,20,1,0
2017,4,Arizona,40341,3,3,0,0,4,4,0,13,MARICOPA (13),CHANDLER,6,5,2017,7,Saturday,21,9:00pm-9:59pm,20,This section IS NOT on the NHS,6,Local Street - Municipality,RAY RD,SR-101 FRONTAGE RD PRICE RD,2,Urban,3,Principal Arterial - Other,1,State Highway Agency,0,None,33.32021944,-111.89350556,No Special Jurisdiction,12,Motor Vehicle In-Transport,6,Angle,1,Yes,2,Intersection,2,Four-Way Intersection,None,1,On Roadway,3,Dark - Lighted,1,Clear,0,21,9:00pm-9:59pm,21,21,9:00pm-9:59pm,24,88,Not Applicable (Not Transported),Not Applicable (Not Transported),1,1
2017,4,Arizona,40342,1,1,0,0,1,1,0,21,PINAL (21),NOT APPLICABLE,14,5,2017,1,Sunday,9,9:00am-9:59am,9,This section IS NOT on the NHS,3,State Highway,SR-77,SADDLEBROOK RANCH RD,1,Rural,4,Minor Arterial,1,State Highway Agency,250,250,32.58026944,-110.91185278,No Special Jurisdiction,17,Boulder,0,Not a Collision with Motor Vehicle In-Transport,0,No,3,Intersection-Related,3,T-Intersection,None,4,On Roadside,1,Daylight,10,Cloudy,0,9,9:00am-9:59am,11,9,9:00am-9:59am,14,88,Not Applicable (Not Transported),Not Applicable (Not Transported),1,0
2017,4,Arizona,40343,2,2,0,0,4,4,0,13,MARICOPA (13),SURPRISE,22,5,2017,2,Monday,10,10:00am-10:59am,37,This section IS ON the NHS,2,U.S. Highway,US-60 GRAND AVE,BELL GRANDE DR,2,Urban,3,Principal Arterial - Other,1,State Highway Agency,1123,1123,33.63626667,-112.34713889,No Special Jurisdiction,12,Motor Vehicle In-Transport,1,Front-to-Rear,0,No,3,Intersection-Related,3,T-Intersection,None,1,On Roadway,1,Daylight,1,Clear,0,10,10:00am-10:59am,37,10,10:00am-10:59am,43,11,11:00am-11:59am,28,1,0
2017,4,Arizona,40344,1,1,0,0,1,1,0,19,PIMA (19),NOT APPLICABLE,24,5,2017,4,Wednesday,12,12:00pm-12:59pm,40,This section IS NOT on the NHS,4,County Road,CR-MAGEE RD,COMO DR,2,Urban,4,Minor Arterial,2,County Highway Agency,0,None,32.34697778,-111.01729167,No Special Jurisdiction,30,Utility Pole/Light Support,0,Not a Collision with Motor Vehicle In-Transport,0,No,3,Intersection-Related,3,T-Intersection,None,4,On Roadside,1,Daylight,1,Clear,0,99,Unknown,Unknown,99,Unknown EMS Scene Arrival Hour,Unknown EMS Scene Arrival Minutes,99,Unknown,Unknown EMS Hospital Arrival Time,1,0
2017,4,Arizona,40345,1,1,0,0,1,1,0,25,YAVAPAI (25),NOT APPLICABLE,25,5,2017,5,Thursday,11,11:00am-11:59am,57,This section IS ON the NHS,1,Interstate,I-40,,1,Rural,1,Interstate,1,State Highway Agency,1231,1231,35.30916389,-112.85346944,No Special Jurisdiction,1,Rollover/Overturn,0,Not a Collision with Motor Vehicle In-Transport,1,Yes,18,Through Roadway,1,Not an Intersection,None,1,On Roadway,1,Daylight,1,Clear,0,11,11:00am-11:59am,57,12,12:00pm-12:59pm,9,13,1:00pm-1:59pm,30,1,0
2017,4,Arizona,40346,4,4,0,0,11,11,0,13,MARICOPA (13),NOT APPLICABLE,27,5,2017,7,Saturday,12,12:00pm-12:59pm,20,This section IS ON the NHS,1,Interstate,I-17,,2,Urban,1,Interstate,1,State Highway Agency,345,345,33.8617,-112.14493056,No Special Jurisdiction,12,Motor Vehicle In-Transport,1,Front-to-Rear,0,No,1,Non-Junction,1,Not an Intersection,None,1,On Roadway,1,Daylight,1,Clear,0,12,12:00pm-12:59pm,24,12,12:00pm-12:59pm,34,13,1:00pm-1:59pm,5,1,0
2017,4,Arizona,40347,1,1,0,0,1,1,0,23,SANTA CRUZ (23),NOT APPLICABLE,5,5,2017,6,Friday,17,5:00pm-5:59pm,8,This section IS ON the NHS,1,Interstate,I-17,,2,Urban,1,Interstate,1,State Highway Agency,124,124,31.48484167,-111.00375,No Special Jurisdiction,42,Tree (Standing Only),0,Not a Collision with Motor Vehicle In-Transport,0,No,1,Non-Junction,1,Not an Intersection,None,4,On Roadside,1,Daylight,10,Cloudy,0,17,5:00pm-5:59pm,8,17,5:00pm-5:59pm,14,17,5:00pm-5:59pm,40,1,0