AccidentYear,STATE,STATENAME,ST_CASE,VE_TOTAL,VE_FORMS,PVH_INVL,PEDS,PERSONS,PERMVIT,PERNOTMVIT,COUNTY,COUNTYNAME,CITYNAME,DAY,MONTH,YEAR,DAY_WEEK,DAY_WEEKNAME,HOUR,HOURNAME,MINUTENAME,NHSNAME,ROUTE,ROUTENAME,TWAY_ID,TWAY_ID2,RUR_URB,RUR_URBNAME,FUNC_SYS,FUNC_SYSNAME,RD_OWNER,RD_OWNERNAME,MILEPT,MILEPTNAME,LATITUDENAME,LONGITUDNAME,SP_JURNAME,HARM_EV,HARM_EVNAME,MAN_COLL,MAN_COLLNAME,RELJCT1,RELJCT1NAME,RELJCT2,RELJCT2NAME,TYP_INT,TYP_INTNAME,WRK_ZONENAME,REL_ROAD,REL_ROADNAME,LGT_COND,LGT_CONDNAME,WEATHER,WEATHERNAME,SCH_BUS,NOT_HOUR,NOT_HOURNAME,NOT_MINNAME,ARR_HOUR,ARR_HOURNAME,ARR_MINNAME,HOSP_HR,HOSP_HRNAME,HOSP_MNNAME,FATALS,DRUNK_DR
2017,4,Arizona,40348,2,2,0,0,2,2,0,13,MARICOPA (13),BUCKEYE,11,5,2017,5,Thursday,11,11:00am-11:59am,43,This section IS ON the NHS,3,State Highway,SR-85,SOUTHERN AVE,2,Urban,3,Principal Arterial - Other,1,State Highway Agency,1873,1873,33.39219167,-112.6254,No Special Jurisdiction,12,Motor Vehicle In-Transport,6,Angle,0,No,2,Intersection,2,Four-Way Intersection,None,1,On Roadway,1,Daylight,1,Clear,0,11,11:00am-11:59am,43,11,11:00am-11:59am,49,88,Not Applicable (Not Transported),Not Applicable (Not Transported),1,0
2017,4,Arizona,40349,2,2,0,0,2,2,0,13,MARICOPA (13),GILBERT,18,5,2017,5,Thursday,7,7:00am-7:59am,6,This section IS NOT on the NHS,6,Local Street - Municipality,GUADALUPE RD,FIESTA BLVD,2,Urban,4,Minor Arterial,4,City or Municipal Highway Agency,0,None,33.36424444,-111.83425833,No Special Jurisdiction,12,Motor Vehicle In-Transport,6,Angle,0,No,2,Intersection,2,Four-Way Intersection,None,1,On Roadway,1,Daylight,1,Clear,0,7,7:00am-7:59am,6,7,7:00am-7:59am,11,7,7:00am-7:59am,31,1,0
2017,4,Arizona,40350,1,1,0,1,1,1,1,13,MARICOPA (13),GILBERT,31,5,2017,4,Wednesday,7,7:00am-7:59am,59,This section IS NOT on the NHS,6,Local Street - Municipality,RAY RD,VAL VISTA DR,2,Urban,3,Principal Arterial - Other,4,City or Municipal Highway Agency,0,None,33.32123333,-111.75573611,No Special Jurisdiction,9,Pedalcyclist,0,Not a Collision with Motor Vehicle In-Transport,0,No,2,Intersection,2,Four-Way Intersection,None,1,On Roadway,1,Daylight,1,Clear,0,8,8:00am-8:59am,0,8,8:00am-8:59am,5,8,8:00am-8:59am,31,1,0
2017,4,Arizona,40351,1,1,0,0,2,2,0,17,NAVAJO (17),NOT APPLICABLE,1,5,2017,2,Monday,20,8:00pm-8:59pm,10,This section IS NOT on the NHS,8,Other,BIA 41,,1,Rural,7,Local,62,Bureau of Indian Affairs,0,None,Unknown,Unknown,No Special Jurisdiction,1,Rollover/Overturn,0,Not a Collision with Motor Vehicle In-Transport,0,No,99,Unknown,99,Unknown,None,99,Unknown,6,Dark - Unknown Lighting,98,Not Reported,0,99,Unknown,Unknown,99,Unknown EMS Scene Arrival Hour,Unknown EMS Scene Arrival Minutes,99,Unknown,Unknown EMS Hospital Arrival Time,1,0
2017,4,Arizona,40352,1,1,0,0,2,2,0,13,MARICOPA (13),PHOENIX,2,5,2017,3,Tuesday,2,2:00am-2:59am,57,This section IS ON the NHS,6,Local Street - Municipality,BASELINE RD,,2,Urban,3,Principal Arterial - Other,4,City or Municipal Highway Agency,0,None,33.37788611,-112.01916389,No Special Jurisdiction,33,Curb,0,Not a Collision with Motor Vehicle In-Transport,0,No,1,Non-Junction,1,Not an Intersection,None,3,On Median,3,Dark - Lighted,1,Clear,0,2,2:00am-2:59am,58,3,3:00am-3:59am,2,3,3:00am-3:59am,21,1,1
2017,4,Arizona,40353,2,2,0,0,2,2,0,13,MARICOPA (13),PHOENIX,2,5,2017,3,Tuesday,14,2:00pm-2:59pm,30,This section IS NOT on the NHS,6,Local Street - Municipality,40TH ST,,2,Urban,4,Minor Arterial,4,City or Municipal Highway Agency,0,None,33.47607222,-111.99555278,No Special Jurisdiction,12,Motor Vehicle In-Transport,2,Front-to-Front,0,No,1,Non-Junction,1,Not an Intersection,None,1,On Roadway,1,Daylight,1,Clear,0,14,2:00pm-2:59pm,31,14,2:00pm-2:59pm,38,14,2:00pm-2:59pm,50,1,1
2017,4,Arizona,40354,2,2,0,0,2,2,0,13,MARICOPA (13),NOT APPLICABLE,3,5,2017,4,Wednesday,7,7:00am-7:59am,3,This section IS NOT on the NHS,4,County Road,CR-SOUTHERN AVE,,2,Urban,4,Minor Arterial,2,County Highway Agency,0,None,33.39201667,-112.15462222,No Special Jurisdiction,12,Motor Vehicle In-Transport,1,Front-to-Rear,0,No,1,Non-Junction,1,Not an Intersection,None,1,On Roadway,1,Daylight,1,Clear,1,7,7:00am-7:59am,3,7,7:00am-7:59am,7,7,7:00am-7:59am,30,1,0
2017,4,Arizona,40355,1,1,0,1,1,1,1,13,MARICOPA (13),PHOENIX,7,5,2017,1,Sunday,1,1:00am-1:59am,23,This section IS ON the NHS,6,Local Street - Municipality,INDIAN SCHOOL RD,48TH ST,2,Urban,3,Principal Arterial - Other,4,City or Municipal Highway Agency,0,None,33.49460556,-111.97814722,No Special Jurisdiction,8,Pedestrian,0,Not a Collision with Motor Vehicle In-Transport,0,No,3,Intersection-Related,2,Four-Way Intersection,None,1,On Roadway,3,Dark - Lighted,1,Clear,0,1,1:00am-1:59am,23,1,1:00am-1:59am,24,88,Not Applicable (Not Transported),Not Applicable (Not Transported),1,0
2017,4,Arizona,40356,2,2,0,1,3,3,1,13,MARICOPA (13),PHOENIX,9,5,2017,3,Tuesday,11,11:00am-11:59am,8,This section IS ON the NHS,6,Local Street - Municipality,BELL RD,17TH AVE,2,Urban,3,Principal Arterial - Other,4,City or Municipal Highway Agency,0,None,33.64022222,-112.09574444,No Special Jurisdiction,12,Motor Vehicle In-Transport,6,Angle,0,No,2,Intersection,2,Four-Way Intersection,None,1,On Roadway,1,Daylight,1,Clear,0,11,11:00am-11:59am,9,11,11:00am-11:59am,16,11,11:00am-11:59am,34,1,0
2017,4,Arizona,40357,2,2,0,0,3,3,0,13,MARICOPA (13),PHOENIX,9,5,2017,3,Tuesday,18,6:00pm-6:59pm,21,This section IS NOT on the NHS,6,Local Street - Municipality,VAN BUREN ST,30TH ST,2,Urban,4,Minor Arterial,4,City or Municipal Highway Agency,0,None,33.45133333,-112.01725556,No Special Jurisdiction,12,Motor Vehicle In-Transport,6,Angle,0,No,2,Intersection,2,Four-Way Intersection,None,1,On Roadway,3,Dark - Lighted,10,Cloudy,0,18,6:00pm-6:59pm,22,18,6:00pm-6:59pm,25,18,6:00pm-6:59pm,41,1,0
2017,4,Arizona,40358,4,1,3,0,3,3,0,13,MARICOPA (13),PHOENIX,10,5,2017,4,Wednesday,21,9:00pm-9:59pm,1,This section IS NOT on the NHS,6,Local Street - Municipality,HARVARD ST,,2,Urban,7,Local,98,Not Reported,0,None,33.474,-112.01047778,No Special Jurisdiction,14,Parked Motor Vehicle,0,Not a Collision with Motor Vehicle In-Transport,0,No,1,Non-Junction,1,Not an Intersection,None,7,In Parking Lane/Zone,3,Dark - Lighted,1,Clear,0,21,9:00pm-9:59pm,2,21,9:00pm-9:59pm,6,21,9:00pm-9:59pm,26,1,1
2017,4,Arizona,40359,3,3,0,0,3,3,0,13,MARICOPA (13),PHOENIX,12,5,2017,6,Friday,16,4:00pm-4:59pm,57,This section IS NOT on the NHS,6,Local Street - Municipality,GREENWAY RD,23RD AVE,2,Urban,3,Principal Arterial - Other,4,City or Municipal Highway Agency,0,None,33.62536667,-112.10789167,No Special Jurisdiction,12,Motor Vehicle In-Transport,6,Angle,0,No,2,Intersection,2,Four-Way Intersection,None,1,On Roadway,1,Daylight,1,Clear,0,99,Unknown,Unknown,99,Unknown EMS Scene Arrival Hour,Unknown EMS Scene Arrival Minutes,99,Unknown,Unknown EMS Hospital Arrival Time,1,0
2017,4,Arizona,40360,2,2,0,1,2,2,1,13,MARICOPA (13),PHOENIX,12,5,2017,6,Friday,22,10:00pm-10:59pm,53,This section IS NOT on the NHS,6,Local Street - Municipality,BROADWAY RD,,2,Urban,4,Minor Arterial,4,City or Municipal Highway Agency,0,None,33.40701667,-112.01583333,No Special Jurisdiction,8,Pedestrian,0,Not a Collision with Motor Vehicle In-Transport,0,No,1,Non-Junction,1,Not an Intersection,None,1,On Roadway,3,Dark - Lighted,1,Clear,0,22,10:00pm-10:59pm,54,22,10:00pm-10:59pm,58,88,Not Applicable (Not Transported),Not Applicable (Not Transported),1,0
2017,4,Arizona,40361,1,1,0,1,1,1,1,13,MARICOPA (13),PHOENIX,13,5,2017,7,Saturday,21,9:00pm-9:59pm,16,This section IS NOT on the NHS,6,Local Street - Municipality,75TH AVE,HIGHLAND AVE,2,Urban,3,Principal Arterial - Other,4,City or Municipal Highway Agency,0,None,33.50538889,-112.22047222,No Special Jurisdiction,8,Pedestrian,0,Not a Collision with Motor Vehicle In-Transport,0,No,2,Intersection,3,T-Intersection,None,1,On Roadway,3,Dark - Lighted,1,Clear,0,99,Unknown,Unknown,99,Unknown EMS Scene Arrival Hour,Unknown EMS Scene Arrival Minutes,99,Unknown,Unknown EMS Hospital Arrival Time,1,0
2017,4,Arizona,40362,1,1,0,0,2,2,0,5,COCONINO (5),NOT APPLICABLE,14,5,2017,1,Sunday,2,2:00am-2:59am,0,This section IS NOT on the NHS,8,Other,ANTELOPE POINT RD,,1,Rural,7,Local,62,Bureau of Indian Affairs,0,None,36.94406111,-111.42124722,Indian Reservation,1,Rollover/Overturn,0,Not a Collision with Motor Vehicle In-Transport,0,No,1,Non-Junction,1,Not an Intersection,None,5,Outside Trafficway,6,Dark - Unknown Lighting,99,Unknown,0,99,Unknown,Unknown,99,Unknown EMS Scene Arrival Hour,Unknown EMS Scene Arrival Minutes,99,Unknown,Unknown EMS Hospital Arrival Time,1,1
2017,4,Arizona,40363,2,2,0,0,2,2,0,13,MARICOPA (13),PHOENIX,14,5,2017,1,Sunday,12,12:00pm-12:59pm,22,This section IS NOT on the NHS,6,Local Street - Municipality,19TH AVE,,2,Urban,3,Principal Arterial - Other,4,City or Municipal Highway Agency,0,None,33.64354167,-112.09968333,No Special Jurisdiction,12,Motor Vehicle In-Transport,6,Angle,0,No,8,Driveway Access Related,1,Not an Intersection,None,1,On Roadway,1,Daylight,1,Clear,0,12,12:00pm-12:59pm,23,12,12:00pm-12:59pm,26,12,12:00pm-12:59pm,41,1,1
2017,4,Arizona,40364,2,2,0,0,2,2,0,13,MARICOPA (13),PHOENIX,16,5,2017,3,Tuesday,10,10:00am-10:59am,43,This section IS NOT on the NHS,6,Local Street - Municipality,75TH AVE,CORA LN,2,Urban,3,Principal Arterial - Other,4,City or Municipal Highway Agency,0,None,33.48667222,-112.22055556,No Special Jurisdiction,12,Motor Vehicle In-Transport,6,Angle,0,No,2,Intersection,3,T-Intersection,None,1,On Roadway,1,Daylight,1,Clear,0,99,Unknown,Unknown,99,Unknown EMS Scene Arrival Hour,Unknown EMS Scene Arrival Minutes,99,Unknown,Unknown EMS Hospital Arrival Time,1,0
2017,4,Arizona,40365,2,2,0,0,4,4,0,13,MARICOPA (13),PHOENIX,16,5,2017,3,Tuesday,23,11:00pm-11:59pm,47,This section IS NOT on the NHS,6,Local Street - Municipality,LOWER BUCKEYE RD,35TH AVE,2,Urban,4,Minor Arterial,4,City or Municipal Highway Agency,0,None,33.42245556,-112.13453889,No Special Jurisdiction,12,Motor Vehicle In-Transport,6,Angle,0,No,2,Intersection,2,Four-Way Intersection,None,1,On Roadway,3,Dark - Lighted,1,Clear,0,23,11:00pm-11:59pm,53,23,11:00pm-11:59pm,59,99,Unknown,Unknown EMS Hospital Arrival Time,1,0
2017,4,Arizona,40366,1,1,0,1,1,1,1,21,PINAL (21),NOT APPLICABLE,18,5,2017,5,Thursday,5,5:00am-5:59am,37,This section IS NOT on the NHS,4,County Road,CR-COOPER RD,,1,Rural,7,Local,2,County Highway Agency,0,None,33.12094167,-111.43869167,No Special Jurisdiction,8,Pedestrian,0,Not a Collision with Motor Vehicle In-Transport,0,No,1,Non-Junction,1,Not an Intersection,None,1,On Roadway,2,Dark - Not Lighted,1,Clear,0,5,5:00am-5:59am,37,99,Unknown EMS Scene Arrival Hour,Officially Cancelled,99,Unknown,Officially Canceled,1,0
2017,4,Arizona,40367,2,2,0,0,2,2,0,13,MARICOPA (13),NOT APPLICABLE,18,5,2017,5,Thursday,8,8:00am-8:59am,24,This section IS NOT on the NHS,4,County Road,CR-INDIAN SCHOOL RD,,2,Urban,3,Principal Arterial - Other,2,County Highway Agency,0,None,33.49319722,-112.32254167,No Special Jurisdiction,12,Motor Vehicle In-Transport,2,Front-to-Front,0,No,1,Non-Junction,1,Not an Intersection,None,1,On Roadway,1,Daylight,1,Clear,0,8,8:00am-8:59am,24,8,8:00am-8:59am,32,8,8:00am-8:59am,50,2,0
2017,4,Arizona,40368,1,1,0,1,1,1,1,13,MARICOPA (13),PHOENIX,18,5,2017,5,Thursday,4,4:00am-4:59am,40,This section IS NOT on the NHS,6,Local Street - Municipality,BETHANY HOME RD,,2,Urban,4,Minor Arterial,4,City or Municipal Highway Agency,0,None,33.52401944,-112.11654167,No Special Jurisdiction,8,Pedestrian,0,Not a Collision with Motor Vehicle In-Transport,0,No,1,Non-Junction,1,Not an Intersection,None,1,On Roadway,1,Daylight,1,Clear,0,4,4:00am-4:59am,40,4,4:00am-4:59am,44,5,5:00am-5:59am,1,1,0
2017,4,Arizona,40369,2,1,1,1,1,1,1,21,PINAL (21),CASA GRANDE,21,5,2017,1,Sunday,14,2:00pm-2:59pm,53,This section IS ON the NHS,1,Interstate,I-10,,2,Urban,1,Interstate,1,State Highway Agency,1953,1953,32.87752778,-111.68681944,No Special Jurisdiction,14,Parked Motor Vehicle,0,Not a Collision with Motor Vehicle In-Transport,1,Yes,19,Other location within Interchange Area,1,Not an Intersection,None,2,On Shoulder,1,Daylight,1,Clear,0,14,2:00pm-2:59pm,59,15,3:00pm-3:59pm,7,88,Not Applicable (Not Transported),Not Applicable (Not Transported),1,0
2017,4,Arizona,40371,2,2,0,0,2,2,0,13,MARICOPA (13),PHOENIX,23,5,2017,3,Tuesday,6,6:00am-6:59am,49,This section IS NOT on the NHS,6,Local Street - Municipality,67TH AVE,,2,Urban,4,Minor Arterial,4,City or Municipal Highway Agency,0,None,33.43916667,-112.20373333,No Special Jurisdiction,12,Motor Vehicle In-Transport,6,Angle,0,No,8,Driveway Access Related,1,Not an Intersection,None,1,On Roadway,1,Daylight,1,Clear,0,6,6:00am-6:59am,51,6,6:00am-6:59am,55,7,7:00am-7:59am,16,1,0
2017,4,Arizona,40372,1,1,0,1,1,1,1,21,PINAL (21),MARICOPA,25,5,2017,5,Thursday,4,4:00am-4:59am,29,This section IS NOT on the NHS,3,State Highway,SR-238 SMITH ENKE RD,,2,Urban,5,Major Collector,1,State Highway Agency,190,190,33.07233611,-112.06541667,No Special Jurisdiction,9,Pedalcyclist,0,Not a Collision with Motor Vehicle In-Transport,0,No,1,Non-Junction,1,Not an Intersection,None,1,On Roadway,2,Dark - Not Lighted,1,Clear,0,5,5:00am-5:59am,13,5,5:00am-5:59am,30,88,Not Applicable (Not Transported),Not Applicable (Not Transported),1,0
2017,4,Arizona,40373,1,1,0,0,6,6,0,1,APACHE (1),NOT APPLICABLE,28,5,2017,1,Sunday,7,7:00am-7:59am,39,This section IS NOT on the NHS,3,State Highway,SR-264,,1,Rural,4,Minor Arterial,1,State Highway Agency,1533,1533,35.66186667,-109.06557778,Indian Reservation,99,Unknown,0,Not a Collision with Motor Vehicle In-Transport,0,No,99,Unknown,99,Unknown,None,99,Unknown,9,Unknown,98,Not Reported,0,99,Unknown,Unknown,99,Unknown EMS Scene Arrival Hour,Unknown EMS Scene Arrival Minutes,99,Unknown,Unknown EMS Hospital Arrival Time,3,0
2017,4,Arizona,40375,2,2,0,0,2,2,0,13,MARICOPA (13),PHOENIX,1,6,2017,5,Thursday,2,2:00am-2:59am,42,This section IS ON the NHS,1,Interstate,I-10 RAMP 143A1,,2,Urban,1,Interstate,1,State Highway Agency,1424,1424,33.46366111,-112.10844722,No Special Jurisdiction,12,Motor Vehicle In-Transport,2,Front-to-Front,1,Yes,20,Entrance/Exit Ramp,1,Not an Intersection,None,1,On Roadway,3,Dark - Lighted,1,Clear,0,2,2:00am-2:59am,49,2,2:00am-2:59am,58,88,Not Applicable (Not Transported),Not Applicable (Not Transported),1,1
2017,4,Arizona,40376,2,2,0,0,2,2,0,13,MARICOPA (13),PHOENIX,2,6,2017,6,Friday,17,5:00pm-5:59pm,12,This section IS ON the NHS,1,Interstate,I-10,,2,Urban,1,Interstate,1,State Highway Agency,1520,1520,33.41069722,-112.00295,No Special Jurisdiction,1,Rollover/Overturn,0,Not a Collision with Motor Vehicle In-Transport,0,No,1,Non-Junction,1,Not an Intersection,None,1,On Roadway,1,Daylight,1,Clear,0,17,5:00pm-5:59pm,17,17,5:00pm-5:59pm,22,17,5:00pm-5:59pm,40,1,0
2017,4,Arizona,40377,1,1,0,1,4,4,1,21,PINAL (21),CASA GRANDE,2,6,2017,6,Friday,20,8:00pm-8:59pm,19,This section IS ON the NHS,3,State Highway,SR-287 FLORENCE BLVD,,2,Urban,3,Principal Arterial - Other,4,City or Municipal Highway Agency,360,360,32.87965,-111.69567778,No Special Jurisdiction,8,Pedestrian,0,Not a Collision with Motor Vehicle In-Transport,0,No,1,Non-Junction,1,Not an Intersection,None,1,On Roadway,3,Dark - Lighted,1,Clear,0,20,8:00pm-8:59pm,19,20,8:00pm-8:59pm,23,88,Not Applicable (Not Transported),Not Applicable (Not Transported),1,0
2017,4,Arizona,40378,2,2,0,0,3,3,0,13,MARICOPA (13),GOODYEAR,3,6,2017,7,Saturday,1,1:00am-1:59am,5,This section IS ON the NHS,1,Interstate,I-10,,2,Urban,1,Interstate,1,State Highway Agency,1249,1249,33.46163056,-112.42437222,No Special Jurisdiction,12,Motor Vehicle In-Transport,1,Front-to-Rear,1,Yes,18,Through Roadway,1,Not an Intersection,Construction,1,On Roadway,3,Dark - Lighted,1,Clear,0,1,1:00am-1:59am,10,1,1:00am-1:59am,15,99,Unknown,Unknown EMS Hospital Arrival Time,1,0
2017,4,Arizona,40379,2,2,0,0,3,3,0,13,MARICOPA (13),MESA,4,6,2017,1,Sunday,15,3:00pm-3:59pm,29,This section IS NOT on the NHS,6,Local Street - Municipality,BROADWAY RD,80TH ST,2,Urban,4,Minor Arterial,4,City or Municipal Highway Agency,0,None,33.40786111,-111.65868611,No Special Jurisdiction,12,Motor Vehicle In-Transport,1,Front-to-Rear,0,No,2,Intersection,2,Four-Way Intersection,None,1,On Roadway,1,Daylight,1,Clear,0,15,3:00pm-3:59pm,29,15,3:00pm-3:59pm,34,16,4:00pm-4:59pm,0,1,0
2017,4,Arizona,40380,2,2,0,0,2,2,0,13,MARICOPA (13),MESA,5,6,2017,2,Monday,13,1:00pm-1:59pm,45,This section IS ON the NHS,2,U.S. Highway,US-60,,2,Urban,2,Principal Arterial - Other Freeways and Expressways,1,State Highway Agency,1457,1457,33.38591389,-111.87439444,No Special Jurisdiction,12,Motor Vehicle In-Transport,7,Sideswipe - Same Direction,1,Yes,18,Through Roadway,1,Not an Intersection,None,1,On Roadway,1,Daylight,1,Clear,0,13,1:00pm-1:59pm,49,13,1:00pm-1:59pm,57,14,2:00pm-2:59pm,16,1,0
2017,4,Arizona,40381,2,2,0,0,2,2,0,13,MARICOPA (13),GILBERT,6,6,2017,3,Tuesday,13,1:00pm-1:59pm,59,This section IS NOT on the NHS,6,Local Street - Municipality,VAL VISTA DR,LOS ALAMOS ST,2,Urban,3,Principal Arterial - Other,4,City or Municipal Highway Agency,0,None,33.31402778,-111.75753333,No Special Jurisdiction,12,Motor Vehicle In-Transport,1,Front-to-Rear,0,No,3,Intersection-Related,3,T-Intersection,None,1,On Roadway,1,Daylight,1,Clear,0,13,1:00pm-1:59pm,59,14,2:00pm-2:59pm,2,14,2:00pm-2:59pm,20,1,0
2017,4,Arizona,40382,2,2,0,0,4,4,0,25,YAVAPAI (25),NOT APPLICABLE,7,6,2017,4,Wednesday,14,2:00pm-2:59pm,4,This section IS ON the NHS,1,Interstate,I-17,,1,Rural,1,Interstate,1,State Highway Agency,709,709,34.36143611,-112.11679444,No Special Jurisdiction,12,Motor Vehicle In-Transport,6,Angle,0,No,1,Non-Junction,1,Not an Intersection,None,1,On Roadway,1,Daylight,1,Clear,0,14,2:00pm-2:59pm,6,14,2:00pm-2:59pm,16,15,3:00pm-3:59pm,20,1,1
2017,4,Arizona,40383,1,1,0,0,1,1,0,19,PIMA (19),TUCSON,11,6,2017,1,Sunday,13,1:00pm-1:59pm,59,This section IS NOT on the NHS,6,Local Street - Municipality,TANQUE VERDE RD,,2,Urban,3,Principal Arterial - Other,4,City or Municipal Highway Agency,0,None,32.25784722,-110.81841667,No Special Jurisdiction,33,Curb,0,Not a Collision with Motor Vehicle In-Transport,0,No,1,Non-Junction,1,Not an Intersection,None,3,On Median,1,Daylight,1,Clear,0,13,1:00pm-1:59pm,59,14,2:00pm-2:59pm,2,88,Not Applicable (Not Transported),Not Applicable (Not Transported),1,1
2017,4,Arizona,40385,1,1,0,0,1,1,0,21,PINAL (21),NOT APPLICABLE,13,6,2017,3,Tuesday,14,2:00pm-2:59pm,35,This section IS NOT on the NHS,3,State Highway,SR-177,,1,Rural,5,Major Collector,1,State Highway Agency,264,264,33.22537778,-111.07783889,No Special Jurisdiction,1,Rollover/Overturn,0,Not a Collision with Motor Vehicle In-Transport,0,No,1,Non-Junction,1,Not an Intersection,None,4,On Roadside,1,Daylight,1,Clear,0,14,2:00pm-2:59pm,37,15,3:00pm-3:59pm,7,16,4:00pm-4:59pm,15,1,1
2017,4,Arizona,40386,1,1,0,1,1,1,1,13,MARICOPA (13),PHOENIX,12,6,2017,2,Monday,9,9:00am-9:59am,3,This section IS NOT on the NHS,6,Local Street - Municipality,BUCKEYE RD,5TH AVE,2,Urban,4,Minor Arterial,4,City or Municipal Highway Agency,0,None,33.43711944,-112.08057222,No Special Jurisdiction,8,Pedestrian,0,Not a Collision with Motor Vehicle In-Transport,0,No,3,Intersection-Related,2,Four-Way Intersection,None,1,On Roadway,1,Daylight,1,Clear,0,9,9:00am-9:59am,4,9,9:00am-9:59am,11,9,9:00am-9:59am,21,1,0
2017,4,Arizona,40387,1,1,0,1,1,1,1,7,GILA (7),NOT APPLICABLE,15,6,2017,5,Thursday,4,4:00am-4:59am,15,This section IS NOT on the NHS,8,Other,BIA 6 OLD SAN CARLOS RD,,1,Rural,5,Major Collector,62,Bureau of Indian Affairs,0,None,33.36900833,-110.57876667,Indian Reservation,8,Pedestrian,0,Not a Collision with Motor Vehicle In-Transport,0,No,1,Non-Junction,1,Not an Intersection,None,1,On Roadway,2,Dark - Not Lighted,1,Clear,0,99,Unknown,Unknown,99,Unknown EMS Scene Arrival Hour,Unknown EMS Scene Arrival Minutes,88,Not Applicable (Not Transported),Not Applicable (Not Transported),1,0
2017,4,Arizona,40388,1,1,0,0,1,1,0,19,PIMA (19),SAHUARITA,15,6,2017,5,Thursday,18,6:00pm-6:59pm,5,This section IS ON the NHS,1,Interstate,I-19,,2,Urban,1,Interstate,1,State Highway Agency,465,465,31.95173056,-110.98695833,No Special Jurisdiction,1,Rollover/Overturn,0,Not a Collision with Motor Vehicle In-Transport,0,No,1,Non-Junction,1,Not an Intersection,None,4,On Roadside,1,Daylight,1,Clear,0,18,6:00pm-6:59pm,5,18,6:00pm-6:59pm,11,18,6:00pm-6:59pm,57,1,0
2017,4,Arizona,40389,1,1,0,1,1,1,1,13,MARICOPA (13),PHOENIX,16,6,2017,6,Friday,9,9:00am-9:59am,37,This section IS NOT on the NHS,6,Local Street - Municipality,HARRISON ST,35TH AVE,2,Urban,7,Local,98,Not Reported,0,None,33.44403889,-112.13438333,No Special Jurisdiction,8,Pedestrian,0,Not a Collision with Motor Vehicle In-Transport,0,No,3,Intersection-Related,3,T-Intersection,None,1,On Roadway,1,Daylight,1,Clear,0,9,9:00am-9:59am,39,9,9:00am-9:59am,44,10,10:00am-10:59am,3,1,0
2017,4,Arizona,40390,1,1,0,0,1,1,0,13,MARICOPA (13),PEORIA,16,6,2017,6,Friday,10,10:00am-10:59am,37,This section IS NOT on the NHS,3,State Highway,SR-101 RAMP,,2,Urban,4,Minor Arterial,1,State Highway Agency,77,77,33.56304722,-112.25763611,No Special Jurisdiction,25,Concrete Traffic Barrier,0,Not a Collision with Motor Vehicle In-Transport,1,Yes,5,Entrance/Exit Ramp Related,1,Not an Intersection,None,3,On Median,1,Daylight,1,Clear,0,10,10:00am-10:59am,40,10,10:00am-10:59am,50,11,11:00am-11:59am,0,1,1
2017,4,Arizona,40391,1,1,0,0,1,1,0,5,COCONINO (5),NOT APPLICABLE,17,6,2017,7,Saturday,12,12:00pm-12:59pm,49,This section IS ON the NHS,2,U.S. Highway,US-160,,1,Rural,3,Principal Arterial - Other,1,State Highway Agency,210,210,36.19296389,-111.065375,Indian Reservation,24,Guardrail Face,0,Not a Collision with Motor Vehicle In-Transport,0,No,1,Non-Junction,1,Not an Intersection,None,4,On Roadside,1,Daylight,1,Clear,0,12,12:00pm-12:59pm,49,13,1:00pm-1:59pm,7,88,Not Applicable (Not Transported),Not Applicable (Not Transported),1,1
2017,4,Arizona,40392,3,3,0,0,3,3,0,7,GILA (7),NOT APPLICABLE,17,6,2017,7,Saturday,18,6:00pm-6:59pm,44,This section IS NOT on the NHS,8,Other,FS 199 HOUSTON MESA RD,,1,Rural,5,Major Collector,64,U.S. Forest Service,0,None,34.30538611,-111.29164167,No Special Jurisdiction,1,Rollover/Overturn,0,Not a Collision with Motor Vehicle In-Transport,0,No,1,Non-Junction,1,Not an Intersection,None,1,On Roadway,1,Daylight,1,Clear,0,99,Unknown,Unknown,99,Unknown EMS Scene Arrival Hour,Unknown EMS Scene Arrival Minutes,99,Unknown,Unknown EMS Hospital Arrival Time,1,2
2017,4,Arizona,40393,1,1,0,0,1,1,0,13,MARICOPA (13),PHOENIX,17,6,2017,7,Saturday,22,10:00pm-10:59pm,59,This section IS ON the NHS,1,Interstate,I-17,,2,Urban,1,Interstate,1,State Highway Agency,45,45,33.43306667,-112.10831944,No Special Jurisdiction,24,Guardrail Face,0,Not a Collision with Motor Vehicle In-Transport,1,Yes,19,Other location within Interchange Area,1,Not an Intersection,None,4,On Roadside,3,Dark - Lighted,1,Clear,0,23,11:00pm-11:59pm,0,23,11:00pm-11:59pm,8,88,Not Applicable (Not Transported),Not Applicable (Not Transported),1,1
2017,4,Arizona,40394,1,1,0,0,2,2,0,3,COCHISE (3),NOT APPLICABLE,19,6,2017,2,Monday,13,1:00pm-1:59pm,29,This section IS ON the NHS,1,Interstate,I-10,,1,Rural,1,Interstate,1,State Highway Agency,3258,3258,32.10901389,-110.02523889,No Special Jurisdiction,1,Rollover/Overturn,0,Not a Collision with Motor Vehicle In-Transport,0,No,1,Non-Junction,1,Not an Intersection,None,3,On Median,1,Daylight,1,Clear,0,13,1:00pm-1:59pm,30,13,1:00pm-1:59pm,49,88,Not Applicable (Not Transported),Not Applicable (Not Transported),1,0