AccidentYear,STATE,STATENAME,ST_CASE,VE_TOTAL,VE_FORMS,PVH_INVL,PEDS,PERSONS,PERMVIT,PERNOTMVIT,COUNTY,COUNTYNAME,CITYNAME,DAY,MONTH,YEAR,DAY_WEEK,DAY_WEEKNAME,HOUR,HOURNAME,MINUTENAME,NHSNAME,ROUTE,ROUTENAME,TWAY_ID,TWAY_ID2,RUR_URB,RUR_URBNAME,FUNC_SYS,FUNC_SYSNAME,RD_OWNER,RD_OWNERNAME,MILEPT,MILEPTNAME,LATITUDENAME,LONGITUDNAME,SP_JURNAME,HARM_EV,HARM_EVNAME,MAN_COLL,MAN_COLLNAME,RELJCT1,RELJCT1NAME,RELJCT2,RELJCT2NAME,TYP_INT,TYP_INTNAME,WRK_ZONENAME,REL_ROAD,REL_ROADNAME,LGT_COND,LGT_CONDNAME,WEATHER,WEATHERNAME,SCH_BUS,NOT_HOUR,NOT_HOURNAME,NOT_MINNAME,ARR_HOUR,ARR_HOURNAME,ARR_MINNAME,HOSP_HR,HOSP_HRNAME,HOSP_MNNAME,FATALS,DRUNK_DR
2017,4,Arizona,40395,1,1,0,0,2,2,0,19,PIMA (19),NOT APPLICABLE,19,6,2017,2,Monday,18,6:00pm-6:59pm,6,This section IS NOT on the NHS,3,State Highway,SR-86,,1,Rural,4,Minor Arterial,1,State Highway Agency,976,976,32.07978611,-111.30551944,No Special Jurisdiction,1,Rollover/Overturn,0,Not a Collision with Motor Vehicle In-Transport,0,No,1,Non-Junction,1,Not an Intersection,None,4,On Roadside,1,Daylight,1,Clear,0,18,6:00pm-6:59pm,6,18,6:00pm-6:59pm,32,99,Unknown,Unknown EMS Hospital Arrival Time,1,1
2017,4,Arizona,40396,1,1,0,1,1,1,1,19,PIMA (19),TUCSON,20,6,2017,3,Tuesday,11,11:00am-11:59am,45,This section IS NOT on the NHS,6,Local Street - Municipality,GRANT RD,ORACLE RD,2,Urban,3,Principal Arterial - Other,4,City or Municipal Highway Agency,0,None,32.25046389,-110.97776667,No Special Jurisdiction,8,Pedestrian,0,Not a Collision with Motor Vehicle In-Transport,0,No,3,Intersection-Related,2,Four-Way Intersection,None,1,On Roadway,1,Daylight,1,Clear,0,11,11:00am-11:59am,46,11,11:00am-11:59am,50,12,12:00pm-12:59pm,0,1,0
2017,4,Arizona,40398,2,2,0,0,3,3,0,1,APACHE (1),NOT APPLICABLE,21,6,2017,4,Wednesday,9,9:00am-9:59am,42,This section IS NOT on the NHS,2,U.S. Highway,US-180,CR-2269 APACHE,1,Rural,4,Minor Arterial,1,State Highway Agency,2755,2755,33.950575,-109.21008056,No Special Jurisdiction,12,Motor Vehicle In-Transport,6,Angle,0,No,2,Intersection,2,Four-Way Intersection,None,1,On Roadway,1,Daylight,1,Clear,0,9,9:00am-9:59am,44,9,9:00am-9:59am,57,99,Unknown,Unknown EMS Hospital Arrival Time,1,0
2017,4,Arizona,40399,1,1,0,0,1,1,0,19,PIMA (19),TUCSON,23,6,2017,6,Friday,0,0:00am-0:59am,22,This section IS ON the NHS,6,Local Street - Municipality,VALENCIA RD,,2,Urban,3,Principal Arterial - Other,4,City or Municipal Highway Agency,0,None,32.13657778,-110.88053611,No Special Jurisdiction,24,Guardrail Face,0,Not a Collision with Motor Vehicle In-Transport,0,No,1,Non-Junction,1,Not an Intersection,None,4,On Roadside,2,Dark - Not Lighted,1,Clear,0,0,0:00am-0:59am,20,0,0:00am-0:59am,25,0,0:00am-0:59am,56,1,0
2017,4,Arizona,40400,1,1,0,0,1,1,0,17,NAVAJO (17),SHOW LOW,23,6,2017,6,Friday,20,8:00pm-8:59pm,32,This section IS ON the NHS,3,State Highway,SR-260 CLARK RD,,2,Urban,3,Principal Arterial - Other,1,State Highway Agency,1582,1582,34.24645278,-110.07051389,No Special Jurisdiction,11,Live Animal,0,Not a Collision with Motor Vehicle In-Transport,0,No,1,Non-Junction,1,Not an Intersection,None,1,On Roadway,2,Dark - Not Lighted,1,Clear,0,20,8:00pm-8:59pm,33,20,8:00pm-8:59pm,38,21,9:00pm-9:59pm,2,1,0
2017,4,Arizona,40401,2,2,0,0,2,2,0,13,MARICOPA (13),PHOENIX,24,6,2017,7,Saturday,12,12:00pm-12:59pm,57,This section IS ON the NHS,6,Local Street - Municipality,BELL RD,59TH ST,2,Urban,3,Principal Arterial - Other,4,City or Municipal Highway Agency,0,None,33.64034722,-111.95432222,No Special Jurisdiction,12,Motor Vehicle In-Transport,1,Front-to-Rear,0,No,3,Intersection-Related,3,T-Intersection,None,1,On Roadway,1,Daylight,1,Clear,0,99,Unknown,Unknown,99,Unknown EMS Scene Arrival Hour,Unknown EMS Scene Arrival Minutes,99,Unknown,Unknown EMS Hospital Arrival Time,1,0
2017,4,Arizona,40402,1,1,0,0,4,4,0,15,MOHAVE (15),NOT APPLICABLE,24,6,2017,7,Saturday,13,1:00pm-1:59pm,56,This section IS ON the NHS,2,U.S. Highway,US-93,,1,Rural,3,Principal Arterial - Other,1,State Highway Agency,1122,1122,34.92006389,-113.65775,No Special Jurisdiction,1,Rollover/Overturn,0,Not a Collision with Motor Vehicle In-Transport,0,No,1,Non-Junction,1,Not an Intersection,None,4,On Roadside,1,Daylight,1,Clear,0,14,2:00pm-2:59pm,8,14,2:00pm-2:59pm,37,99,Unknown,Unknown EMS Hospital Arrival Time,1,0
2017,4,Arizona,40403,3,3,0,0,4,4,0,13,MARICOPA (13),TEMPE,24,6,2017,7,Saturday,21,9:00pm-9:59pm,21,This section IS ON the NHS,3,State Highway,SR-101,,2,Urban,2,Principal Arterial - Other Freeways and Expressways,1,State Highway Agency,542,542,33.38116389,-111.89238611,No Special Jurisdiction,12,Motor Vehicle In-Transport,1,Front-to-Rear,1,Yes,18,Through Roadway,1,Not an Intersection,None,1,On Roadway,3,Dark - Lighted,1,Clear,0,21,9:00pm-9:59pm,24,21,9:00pm-9:59pm,33,21,9:00pm-9:59pm,49,1,0
2017,4,Arizona,40404,1,1,0,1,3,3,1,13,MARICOPA (13),PHOENIX,24,6,2017,7,Saturday,21,9:00pm-9:59pm,59,This section IS ON the NHS,6,Local Street - Municipality,BASELINE RD,CENTRAL AVE,2,Urban,3,Principal Arterial - Other,4,City or Municipal Highway Agency,0,None,33.37771944,-112.07322222,No Special Jurisdiction,8,Pedestrian,0,Not a Collision with Motor Vehicle In-Transport,0,No,3,Intersection-Related,2,Four-Way Intersection,None,1,On Roadway,3,Dark - Lighted,1,Clear,0,99,Unknown,Unknown,99,Unknown EMS Scene Arrival Hour,Unknown EMS Scene Arrival Minutes,99,Unknown,Unknown EMS Hospital Arrival Time,1,1
2017,4,Arizona,40405,1,1,0,0,1,1,0,19,PIMA (19),NOT APPLICABLE,26,6,2017,2,Monday,16,4:00pm-4:59pm,25,This section IS ON the NHS,1,Interstate,I-10,,1,Rural,1,Interstate,1,State Highway Agency,2856,2856,31.99804722,-110.63134444,No Special Jurisdiction,24,Guardrail Face,0,Not a Collision with Motor Vehicle In-Transport,0,No,1,Non-Junction,1,Not an Intersection,None,3,On Median,1,Daylight,10,Cloudy,0,16,4:00pm-4:59pm,25,16,4:00pm-4:59pm,36,17,5:00pm-5:59pm,13,1,0
2017,4,Arizona,40406,1,1,0,0,1,1,0,25,YAVAPAI (25),NOT APPLICABLE,28,6,2017,4,Wednesday,15,3:00pm-3:59pm,53,This section IS ON the NHS,1,Interstate,I-17,,1,Rural,1,Interstate,1,State Highway Agency,578,578,34.18958889,-112.13246111,No Special Jurisdiction,24,Guardrail Face,0,Not a Collision with Motor Vehicle In-Transport,1,Yes,19,Other location within Interchange Area,1,Not an Intersection,None,3,On Median,1,Daylight,1,Clear,0,15,3:00pm-3:59pm,54,16,4:00pm-4:59pm,9,17,5:00pm-5:59pm,26,1,0
2017,4,Arizona,40407,1,1,0,1,1,1,1,19,PIMA (19),TUCSON,10,6,2017,7,Saturday,4,4:00am-4:59am,0,This section IS NOT on the NHS,6,Local Street - Municipality,SPEEDWAY BLVD,3RD AVE,2,Urban,3,Principal Arterial - Other,4,City or Municipal Highway Agency,0,None,32.23592222,-110.96413333,No Special Jurisdiction,8,Pedestrian,0,Not a Collision with Motor Vehicle In-Transport,0,No,2,Intersection,2,Four-Way Intersection,None,1,On Roadway,3,Dark - Lighted,1,Clear,0,4,4:00am-4:59am,0,4,4:00am-4:59am,7,4,4:00am-4:59am,14,1,0
2017,4,Arizona,40408,1,1,0,2,1,1,2,13,MARICOPA (13),PHOENIX,10,6,2017,7,Saturday,23,11:00pm-11:59pm,51,This section IS ON the NHS,6,Local Street - Municipality,INDIAN SCHOOL RD,87TH AVE,2,Urban,3,Principal Arterial - Other,4,City or Municipal Highway Agency,0,None,33.49422222,-112.24628333,No Special Jurisdiction,8,Pedestrian,0,Not a Collision with Motor Vehicle In-Transport,0,No,3,Intersection-Related,2,Four-Way Intersection,None,1,On Roadway,3,Dark - Lighted,1,Clear,0,23,11:00pm-11:59pm,51,99,Unknown EMS Scene Arrival Hour,Unknown EMS Scene Arrival Minutes,99,Unknown,Unknown EMS Hospital Arrival Time,1,0
2017,4,Arizona,40409,1,1,0,1,3,3,1,13,MARICOPA (13),TEMPE,15,6,2017,5,Thursday,23,11:00pm-11:59pm,3,This section IS NOT on the NHS,6,Local Street - Municipality,SOUTHERN AVE,,2,Urban,4,Minor Arterial,4,City or Municipal Highway Agency,0,None,33.39284167,-111.976625,No Special Jurisdiction,33,Curb,0,Not a Collision with Motor Vehicle In-Transport,0,No,1,Non-Junction,1,Not an Intersection,None,4,On Roadside,3,Dark - Lighted,1,Clear,0,23,11:00pm-11:59pm,3,23,11:00pm-11:59pm,9,23,11:00pm-11:59pm,33,1,0
2017,4,Arizona,40410,1,1,0,0,1,1,0,1,APACHE (1),NOT APPLICABLE,8,1,2017,1,Sunday,99,Unknown Hours,Unknown Minutes,This section IS NOT on the NHS,8,Other,NAVAJO ROUTE 27,,1,Rural,6,Minor Collector,62,Bureau of Indian Affairs,0,None,Unknown,Unknown,Indian Reservation,99,Unknown,99,Unknown,0,No,99,Unknown,99,Unknown,None,99,Unknown,9,Unknown,98,Not Reported,0,99,Unknown,Unknown,99,Unknown EMS Scene Arrival Hour,Unknown EMS Scene Arrival Minutes,99,Unknown,Unknown EMS Hospital Arrival Time,1,1
2017,4,Arizona,40411,1,1,0,1,1,1,1,1,APACHE (1),NOT APPLICABLE,10,2,2017,6,Friday,19,7:00pm-7:59pm,53,This section IS NOT on the NHS,8,Other,BIA 13,,1,Rural,7,Local,62,Bureau of Indian Affairs,0,None,Unknown,Unknown,Indian Reservation,8,Pedestrian,0,Not a Collision with Motor Vehicle In-Transport,0,No,99,Unknown,99,Unknown,None,1,On Roadway,9,Unknown,98,Not Reported,0,99,Unknown,Unknown,99,Unknown EMS Scene Arrival Hour,Unknown EMS Scene Arrival Minutes,88,Not Applicable (Not Transported),Not Applicable (Not Transported),1,0
2017,4,Arizona,40412,2,2,0,0,3,3,0,13,MARICOPA (13),PHOENIX,20,4,2017,5,Thursday,23,11:00pm-11:59pm,33,This section IS NOT on the NHS,6,Local Street - Municipality,DEER VALLEY DR,55TH ST,2,Urban,7,Local,98,Not Reported,0,None,33.67617222,-111.96231944,No Special Jurisdiction,12,Motor Vehicle In-Transport,6,Angle,0,No,2,Intersection,3,T-Intersection,None,1,On Roadway,3,Dark - Lighted,1,Clear,0,23,11:00pm-11:59pm,34,23,11:00pm-11:59pm,39,88,Not Applicable (Not Transported),Not Applicable (Not Transported),1,2
2017,4,Arizona,40413,1,1,0,1,1,1,1,13,MARICOPA (13),PHOENIX,16,5,2017,3,Tuesday,12,12:00pm-12:59pm,9,This section IS ON the NHS,6,Local Street - Municipality,THUNDERBIRD RD,,2,Urban,3,Principal Arterial - Other,4,City or Municipal Highway Agency,0,None,33.61083611,-112.12956111,No Special Jurisdiction,8,Pedestrian,0,Not a Collision with Motor Vehicle In-Transport,0,No,1,Non-Junction,1,Not an Intersection,None,1,On Roadway,1,Daylight,1,Clear,0,12,12:00pm-12:59pm,10,12,12:00pm-12:59pm,13,12,12:00pm-12:59pm,33,1,0
2017,4,Arizona,40414,1,1,0,1,1,1,1,13,MARICOPA (13),PHOENIX,12,6,2017,2,Monday,17,5:00pm-5:59pm,11,This section IS NOT on the NHS,6,Local Street - Municipality,13TH ST,MCDOWELL RD,2,Urban,7,Local,98,Not Reported,0,None,33.465625,-112.05430833,No Special Jurisdiction,8,Pedestrian,0,Not a Collision with Motor Vehicle In-Transport,0,No,3,Intersection-Related,2,Four-Way Intersection,None,1,On Roadway,1,Daylight,1,Clear,0,17,5:00pm-5:59pm,13,17,5:00pm-5:59pm,19,17,5:00pm-5:59pm,34,1,0
2017,4,Arizona,40415,1,1,0,1,1,1,1,13,MARICOPA (13),PHOENIX,5,6,2017,2,Monday,23,11:00pm-11:59pm,15,This section IS NOT on the NHS,6,Local Street - Municipality,CAMELBACK RD,19TH AVE,2,Urban,3,Principal Arterial - Other,4,City or Municipal Highway Agency,0,None,33.50966667,-112.0993,No Special Jurisdiction,8,Pedestrian,0,Not a Collision with Motor Vehicle In-Transport,0,No,3,Intersection-Related,2,Four-Way Intersection,None,1,On Roadway,3,Dark - Lighted,1,Clear,0,23,11:00pm-11:59pm,17,23,11:00pm-11:59pm,18,23,11:00pm-11:59pm,43,1,0
2017,4,Arizona,40416,3,3,0,0,3,3,0,13,MARICOPA (13),PHOENIX,6,6,2017,3,Tuesday,19,7:00pm-7:59pm,49,This section IS ON the NHS,3,State Highway,SR-51 RAMP,,2,Urban,2,Principal Arterial - Other Freeways and Expressways,1,State Highway Agency,0,None,33.46359444,-112.03812778,No Special Jurisdiction,12,Motor Vehicle In-Transport,2,Front-to-Front,1,Yes,20,Entrance/Exit Ramp,1,Not an Intersection,None,1,On Roadway,5,Dusk,1,Clear,0,19,7:00pm-7:59pm,51,19,7:00pm-7:59pm,59,99,Unknown,Unknown EMS Hospital Arrival Time,2,1
2017,4,Arizona,40417,1,1,0,0,1,1,0,21,PINAL (21),NOT APPLICABLE,7,6,2017,4,Wednesday,4,4:00am-4:59am,5,This section IS NOT on the NHS,3,State Highway,SR-177,,1,Rural,5,Major Collector,1,State Highway Agency,172,172,33.13414167,-110.98793611,No Special Jurisdiction,42,Tree (Standing Only),0,Not a Collision with Motor Vehicle In-Transport,0,No,1,Non-Junction,1,Not an Intersection,None,4,On Roadside,2,Dark - Not Lighted,1,Clear,0,4,4:00am-4:59am,13,4,4:00am-4:59am,25,88,Not Applicable (Not Transported),Not Applicable (Not Transported),1,0
2017,4,Arizona,40418,1,1,0,0,3,3,0,1,APACHE (1),NOT APPLICABLE,10,6,2017,7,Saturday,11,11:00am-11:59am,46,This section IS NOT on the NHS,3,State Highway,SR-260,,1,Rural,5,Major Collector,1,State Highway Agency,1853,1853,34.06267222,-109.77152222,Indian Reservation,5,Fell/Jumped from Vehicle,0,Not a Collision with Motor Vehicle In-Transport,0,No,1,Non-Junction,1,Not an Intersection,None,1,On Roadway,1,Daylight,1,Clear,0,99,Unknown,Unknown,99,Unknown EMS Scene Arrival Hour,Unknown EMS Scene Arrival Minutes,88,Not Applicable (Not Transported),Not Applicable (Not Transported),1,0
2017,4,Arizona,40419,2,2,0,0,7,7,0,13,MARICOPA (13),PHOENIX,21,6,2017,4,Wednesday,20,8:00pm-8:59pm,40,This section IS ON the NHS,1,Interstate,I-17,,2,Urban,1,Interstate,1,State Highway Agency,88,88,33.49282222,-112.11291944,No Special Jurisdiction,12,Motor Vehicle In-Transport,1,Front-to-Rear,1,Yes,18,Through Roadway,1,Not an Intersection,None,1,On Roadway,3,Dark - Lighted,1,Clear,0,99,Unknown,Unknown,99,Unknown EMS Scene Arrival Hour,Unknown EMS Scene Arrival Minutes,99,Unknown,Unknown EMS Hospital Arrival Time,1,0
2017,4,Arizona,40420,1,1,0,0,1,1,0,19,PIMA (19),MARANA,26,6,2017,2,Monday,15,3:00pm-3:59pm,28,This section IS NOT on the NHS,6,Local Street - Municipality,TANGERINE RD,,2,Urban,3,Principal Arterial - Other,1,State Highway Agency,0,None,32.42487778,-111.15638611,No Special Jurisdiction,35,Embankment,0,Not a Collision with Motor Vehicle In-Transport,0,No,1,Non-Junction,1,Not an Intersection,None,5,Outside Trafficway,1,Daylight,1,Clear,0,15,3:00pm-3:59pm,40,15,3:00pm-3:59pm,53,16,4:00pm-4:59pm,23,1,0
2017,4,Arizona,40422,3,2,1,1,7,6,2,13,MARICOPA (13),PHOENIX,29,6,2017,5,Thursday,7,7:00am-7:59am,31,This section IS ON the NHS,6,Local Street - Municipality,44TH ST,MCDOWELL RD,2,Urban,3,Principal Arterial - Other,4,City or Municipal Highway Agency,0,None,33.465775,-111.98701667,No Special Jurisdiction,12,Motor Vehicle In-Transport,6,Angle,0,No,2,Intersection,2,Four-Way Intersection,None,1,On Roadway,1,Daylight,1,Clear,0,7,7:00am-7:59am,33,7,7:00am-7:59am,33,7,7:00am-7:59am,55,1,0
2017,4,Arizona,40423,2,2,0,0,2,2,0,13,MARICOPA (13),CHANDLER,9,6,2017,6,Friday,8,8:00am-8:59am,5,This section IS NOT on the NHS,7,Local Street - Frontage Road,SR-101 FRONTAGE RD PRICE RD,WESTERN CANAL TRAIL,2,Urban,2,Principal Arterial - Other Freeways and Expressways,1,State Highway Agency,0,None,33.35639444,-111.89399167,No Special Jurisdiction,12,Motor Vehicle In-Transport,6,Angle,0,No,2,Intersection,3,T-Intersection,None,1,On Roadway,1,Daylight,1,Clear,0,8,8:00am-8:59am,5,8,8:00am-8:59am,13,88,Not Applicable (Not Transported),Not Applicable (Not Transported),1,1
2017,4,Arizona,40425,1,1,0,1,1,1,1,21,PINAL (21),NOT APPLICABLE,1,6,2017,5,Thursday,6,6:00am-6:59am,56,This section IS NOT on the NHS,4,County Road,CR-ALSDORF RD,,2,Urban,7,Local,2,County Highway Agency,0,None,32.74837778,-111.67661667,No Special Jurisdiction,9,Pedalcyclist,0,Not a Collision with Motor Vehicle In-Transport,0,No,1,Non-Junction,1,Not an Intersection,None,1,On Roadway,1,Daylight,1,Clear,0,6,6:00am-6:59am,56,7,7:00am-7:59am,4,88,Not Applicable (Not Transported),Not Applicable (Not Transported),1,0
2017,4,Arizona,40426,1,1,0,1,1,1,1,13,MARICOPA (13),PHOENIX,1,6,2017,5,Thursday,21,9:00pm-9:59pm,28,This section IS NOT on the NHS,6,Local Street - Municipality,35TH AVE,,2,Urban,3,Principal Arterial - Other,4,City or Municipal Highway Agency,0,None,33.64015278,-112.13440556,No Special Jurisdiction,8,Pedestrian,0,Not a Collision with Motor Vehicle In-Transport,0,No,1,Non-Junction,1,Not an Intersection,None,1,On Roadway,3,Dark - Lighted,1,Clear,0,21,9:00pm-9:59pm,29,21,9:00pm-9:59pm,32,21,9:00pm-9:59pm,49,1,0
2017,4,Arizona,40427,1,1,0,0,1,1,0,1,APACHE (1),NOT APPLICABLE,2,6,2017,6,Friday,21,9:00pm-9:59pm,0,This section IS NOT on the NHS,9,Unknown,UNKNOWN RD,,1,Rural,99,Unknown,99,Unknown,0,None,Unknown,Unknown,Indian Reservation,1,Rollover/Overturn,0,Not a Collision with Motor Vehicle In-Transport,0,No,99,Unknown,99,Unknown,None,99,Unknown,9,Unknown,98,Not Reported,0,99,Unknown,Unknown,99,Unknown EMS Scene Arrival Hour,Unknown EMS Scene Arrival Minutes,88,Not Applicable (Not Transported),Not Applicable (Not Transported),1,1
2017,4,Arizona,40428,1,1,0,0,2,2,0,15,MOHAVE (15),NOT APPLICABLE,5,6,2017,2,Monday,7,7:00am-7:59am,13,This section IS NOT on the NHS,5,Local Street - Township,PATE RD,,1,Rural,7,Local,98,Not Reported,0,None,35.29736944,-113.89863056,No Special Jurisdiction,35,Embankment,0,Not a Collision with Motor Vehicle In-Transport,0,No,1,Non-Junction,1,Not an Intersection,None,4,On Roadside,1,Daylight,1,Clear,0,7,7:00am-7:59am,13,7,7:00am-7:59am,39,99,Unknown,Unknown EMS Hospital Arrival Time,1,0
2017,4,Arizona,40429,3,3,0,0,3,3,0,13,MARICOPA (13),PHOENIX,5,6,2017,2,Monday,17,5:00pm-5:59pm,5,This section IS NOT on the NHS,6,Local Street - Municipality,THOMAS RD,60TH DR,2,Urban,3,Principal Arterial - Other,4,City or Municipal Highway Agency,0,None,33.48048889,-112.18948889,No Special Jurisdiction,12,Motor Vehicle In-Transport,2,Front-to-Front,0,No,2,Intersection,3,T-Intersection,None,1,On Roadway,1,Daylight,1,Clear,0,17,5:00pm-5:59pm,6,17,5:00pm-5:59pm,10,17,5:00pm-5:59pm,35,1,0
2017,4,Arizona,40430,2,2,0,0,2,2,0,21,PINAL (21),NOT APPLICABLE,6,6,2017,3,Tuesday,20,8:00pm-8:59pm,7,This section IS NOT on the NHS,4,County Road,CR-GIFFEN AVE,CR-2ND AVE,1,Rural,7,Local,2,County Highway Agency,0,None,32.59715833,-110.63944444,No Special Jurisdiction,12,Motor Vehicle In-Transport,6,Angle,0,No,2,Intersection,2,Four-Way Intersection,None,1,On Roadway,2,Dark - Not Lighted,1,Clear,0,20,8:00pm-8:59pm,7,20,8:00pm-8:59pm,14,21,9:00pm-9:59pm,34,1,1
2017,4,Arizona,40431,1,1,0,1,1,1,1,13,MARICOPA (13),PHOENIX,6,6,2017,3,Tuesday,21,9:00pm-9:59pm,22,This section IS ON the NHS,6,Local Street - Municipality,TATUM BLVD,,2,Urban,3,Principal Arterial - Other,4,City or Municipal Highway Agency,0,None,33.64246389,-111.97738889,No Special Jurisdiction,8,Pedestrian,0,Not a Collision with Motor Vehicle In-Transport,0,No,1,Non-Junction,1,Not an Intersection,None,1,On Roadway,3,Dark - Lighted,1,Clear,0,21,9:00pm-9:59pm,24,21,9:00pm-9:59pm,28,21,9:00pm-9:59pm,48,1,0
2017,4,Arizona,40432,1,1,0,1,1,1,1,1,APACHE (1),EAGAR,7,6,2017,4,Wednesday,20,8:00pm-8:59pm,12,This section IS NOT on the NHS,6,Local Street - Municipality,MAIN ST,,2,Urban,5,Major Collector,4,City or Municipal Highway Agency,0,None,34.11795278,-109.29155833,No Special Jurisdiction,8,Pedestrian,0,Not a Collision with Motor Vehicle In-Transport,0,No,1,Non-Junction,1,Not an Intersection,None,1,On Roadway,3,Dark - Lighted,2,Rain,0,20,8:00pm-8:59pm,12,20,8:00pm-8:59pm,13,20,8:00pm-8:59pm,24,1,0
2017,4,Arizona,40433,1,1,0,1,1,1,1,13,MARICOPA (13),PHOENIX,9,6,2017,6,Friday,10,10:00am-10:59am,0,This section IS NOT on the NHS,6,Local Street - Municipality,CENTRAL AVE,OSBORN RD,2,Urban,3,Principal Arterial - Other,4,City or Municipal Highway Agency,0,None,33.48739444,-112.073925,No Special Jurisdiction,8,Pedestrian,0,Not a Collision with Motor Vehicle In-Transport,0,No,3,Intersection-Related,2,Four-Way Intersection,None,1,On Roadway,1,Daylight,1,Clear,0,10,10:00am-10:59am,0,10,10:00am-10:59am,5,10,10:00am-10:59am,13,1,0
2017,4,Arizona,40434,2,2,0,0,3,3,0,13,MARICOPA (13),AVONDALE,12,6,2017,2,Monday,17,5:00pm-5:59pm,8,This section IS NOT on the NHS,4,County Road,CR-INDIAN SCHOOL RD,,2,Urban,3,Principal Arterial - Other,2,County Highway Agency,0,None,33.49317222,-112.30381111,No Special Jurisdiction,12,Motor Vehicle In-Transport,6,Angle,0,No,1,Non-Junction,1,Not an Intersection,None,1,On Roadway,1,Daylight,1,Clear,0,17,5:00pm-5:59pm,8,17,5:00pm-5:59pm,15,17,5:00pm-5:59pm,30,1,0
2017,4,Arizona,40435,2,2,0,0,5,5,0,17,NAVAJO (17),NOT APPLICABLE,12,6,2017,2,Monday,20,8:00pm-8:59pm,14,This section IS NOT on the NHS,2,U.S. Highway,US-163,,1,Rural,5,Major Collector,1,State Highway Agency,124,124,36.86068611,-110.26664722,Indian Reservation,12,Motor Vehicle In-Transport,99,Unknown,0,No,1,Non-Junction,1,Not an Intersection,None,1,On Roadway,6,Dark - Unknown Lighting,98,Not Reported,0,99,Unknown,Unknown,99,Unknown EMS Scene Arrival Hour,Unknown EMS Scene Arrival Minutes,99,Unknown,Unknown EMS Hospital Arrival Time,1,0
2017,4,Arizona,40436,1,1,0,1,2,2,1,13,MARICOPA (13),PHOENIX,13,6,2017,3,Tuesday,18,6:00pm-6:59pm,36,This section IS NOT on the NHS,6,Local Street - Municipality,83RD AVE,,2,Urban,4,Minor Arterial,4,City or Municipal Highway Agency,0,None,33.42466667,-112.23859722,No Special Jurisdiction,8,Pedestrian,0,Not a Collision with Motor Vehicle In-Transport,0,No,1,Non-Junction,1,Not an Intersection,None,1,On Roadway,1,Daylight,1,Clear,0,18,6:00pm-6:59pm,37,18,6:00pm-6:59pm,43,88,Not Applicable (Not Transported),Not Applicable (Not Transported),1,0
2017,4,Arizona,40437,4,4,0,0,6,6,0,13,MARICOPA (13),PHOENIX,16,6,2017,6,Friday,6,6:00am-6:59am,30,This section IS NOT on the NHS,6,Local Street - Municipality,BETHANY HOME RD,,2,Urban,4,Minor Arterial,4,City or Municipal Highway Agency,0,None,33.52375,-112.06386111,No Special Jurisdiction,12,Motor Vehicle In-Transport,8,Sideswipe - Opposite Direction,0,No,1,Non-Junction,1,Not an Intersection,None,1,On Roadway,1,Daylight,1,Clear,0,6,6:00am-6:59am,30,6,6:00am-6:59am,31,6,6:00am-6:59am,54,1,0
2017,4,Arizona,40438,2,1,1,0,1,1,0,13,MARICOPA (13),PHOENIX,16,6,2017,6,Friday,12,12:00pm-12:59pm,27,This section IS NOT on the NHS,2,U.S. Highway,US-60X GRAND AVE,24TH AVE,2,Urban,3,Principal Arterial - Other,1,State Highway Agency,0,None,33.47445,-112.10987778,No Special Jurisdiction,31,"Post, Pole or Other Supports",0,Not a Collision with Motor Vehicle In-Transport,0,No,3,Intersection-Related,4,Y-Intersection,None,4,On Roadside,1,Daylight,1,Clear,0,12,12:00pm-12:59pm,29,12,12:00pm-12:59pm,32,12,12:00pm-12:59pm,53,1,0
2017,4,Arizona,40439,1,1,0,0,1,1,0,13,MARICOPA (13),NOT APPLICABLE,21,6,2017,4,Wednesday,22,10:00pm-10:59pm,40,This section IS ON the NHS,3,State Highway,SR-87,,1,Rural,3,Principal Arterial - Other,1,State Highway Agency,836,836,33.62643056,-111.5603,No Special Jurisdiction,43,Other Fixed Object,0,Not a Collision with Motor Vehicle In-Transport,0,No,1,Non-Junction,1,Not an Intersection,None,6,Off Roadway-Location Unknown,2,Dark - Not Lighted,1,Clear,0,22,10:00pm-10:59pm,41,23,11:00pm-11:59pm,3,23,11:00pm-11:59pm,59,1,1
2017,4,Arizona,40440,1,1,0,1,1,1,1,13,MARICOPA (13),GLENDALE,22,6,2017,5,Thursday,22,10:00pm-10:59pm,33,This section IS NOT on the NHS,6,Local Street - Municipality,BETHANY HOME RD,,2,Urban,4,Minor Arterial,4,City or Municipal Highway Agency,0,None,33.52406667,-112.18705833,No Special Jurisdiction,8,Pedestrian,0,Not a Collision with Motor Vehicle In-Transport,0,No,1,Non-Junction,1,Not an Intersection,None,1,On Roadway,3,Dark - Lighted,1,Clear,0,22,10:00pm-10:59pm,34,22,10:00pm-10:59pm,38,22,10:00pm-10:59pm,58,1,0
2017,4,Arizona,40441,1,1,0,1,1,1,1,13,MARICOPA (13),TEMPE,24,6,2017,7,Saturday,21,9:00pm-9:59pm,45,This section IS NOT on the NHS,6,Local Street - Municipality,SOUTHERN AVE,,2,Urban,3,Principal Arterial - Other,4,City or Municipal Highway Agency,0,None,33.39296667,-111.88845556,No Special Jurisdiction,8,Pedestrian,0,Not a Collision with Motor Vehicle In-Transport,0,No,1,Non-Junction,1,Not an Intersection,None,1,On Roadway,3,Dark - Lighted,10,Cloudy,0,21,9:00pm-9:59pm,47,21,9:00pm-9:59pm,47,22,10:00pm-10:59pm,8,1,0