AccidentYear,STATE,STATENAME,ST_CASE,VE_TOTAL,VE_FORMS,PVH_INVL,PEDS,PERSONS,PERMVIT,PERNOTMVIT,COUNTY,COUNTYNAME,CITYNAME,DAY,MONTH,YEAR,DAY_WEEK,DAY_WEEKNAME,HOUR,HOURNAME,MINUTENAME,NHSNAME,ROUTE,ROUTENAME,TWAY_ID,TWAY_ID2,RUR_URB,RUR_URBNAME,FUNC_SYS,FUNC_SYSNAME,RD_OWNER,RD_OWNERNAME,MILEPT,MILEPTNAME,LATITUDENAME,LONGITUDNAME,SP_JURNAME,HARM_EV,HARM_EVNAME,MAN_COLL,MAN_COLLNAME,RELJCT1,RELJCT1NAME,RELJCT2,RELJCT2NAME,TYP_INT,TYP_INTNAME,WRK_ZONENAME,REL_ROAD,REL_ROADNAME,LGT_COND,LGT_CONDNAME,WEATHER,WEATHERNAME,SCH_BUS,NOT_HOUR,NOT_HOURNAME,NOT_MINNAME,ARR_HOUR,ARR_HOURNAME,ARR_MINNAME,HOSP_HR,HOSP_HRNAME,HOSP_MNNAME,FATALS,DRUNK_DR
2017,4,Arizona,40442,2,2,0,0,4,4,0,13,MARICOPA (13),PHOENIX,24,6,2017,7,Saturday,10,10:00am-10:59am,18,This section IS NOT on the NHS,6,Local Street - Municipality,75TH AVE,,2,Urban,3,Principal Arterial - Other,4,City or Municipal Highway Agency,0,None,33.4888,-112.22061111,No Special Jurisdiction,12,Motor Vehicle In-Transport,2,Front-to-Front,0,No,1,Non-Junction,1,Not an Intersection,None,1,On Roadway,1,Daylight,1,Clear,0,99,Unknown,Unknown,99,Unknown EMS Scene Arrival Hour,Unknown EMS Scene Arrival Minutes,99,Unknown,Unknown EMS Hospital Arrival Time,1,0
2017,4,Arizona,40443,1,1,0,1,1,1,1,13,MARICOPA (13),GLENDALE,25,6,2017,1,Sunday,0,0:00am-0:59am,50,This section IS NOT on the NHS,6,Local Street - Municipality,BETHANY HOME RD,,2,Urban,4,Minor Arterial,4,City or Municipal Highway Agency,0,None,33.52393056,-112.15236389,No Special Jurisdiction,8,Pedestrian,0,Not a Collision with Motor Vehicle In-Transport,0,No,1,Non-Junction,1,Not an Intersection,None,1,On Roadway,3,Dark - Lighted,1,Clear,0,0,0:00am-0:59am,50,0,0:00am-0:59am,55,1,1:00am-1:59am,15,1,0
2017,4,Arizona,40444,1,1,0,0,1,1,0,13,MARICOPA (13),TEMPE,25,6,2017,1,Sunday,21,9:00pm-9:59pm,54,This section IS NOT on the NHS,6,Local Street - Municipality,BASELINE RD,,2,Urban,3,Principal Arterial - Other,4,City or Municipal Highway Agency,0,None,33.37810556,-111.94330556,No Special Jurisdiction,33,Curb,0,Not a Collision with Motor Vehicle In-Transport,0,No,1,Non-Junction,1,Not an Intersection,None,4,On Roadside,3,Dark - Lighted,1,Clear,0,21,9:00pm-9:59pm,54,21,9:00pm-9:59pm,59,88,Not Applicable (Not Transported),Not Applicable (Not Transported),1,1
2017,4,Arizona,40445,2,2,0,0,2,2,0,13,MARICOPA (13),PHOENIX,26,6,2017,2,Monday,8,8:00am-8:59am,53,This section IS NOT on the NHS,6,Local Street - Municipality,BUCKEYE RD,,2,Urban,3,Principal Arterial - Other,4,City or Municipal Highway Agency,0,None,33.43681667,-112.11806667,No Special Jurisdiction,12,Motor Vehicle In-Transport,2,Front-to-Front,0,No,1,Non-Junction,1,Not an Intersection,None,1,On Roadway,1,Daylight,1,Clear,0,8,8:00am-8:59am,55,8,8:00am-8:59am,57,9,9:00am-9:59am,14,1,1
2017,4,Arizona,40446,2,2,0,0,2,2,0,13,MARICOPA (13),GLENDALE,29,6,2017,5,Thursday,16,4:00pm-4:59pm,49,This section IS NOT on the NHS,6,Local Street - Municipality,59TH AVE,,2,Urban,3,Principal Arterial - Other,4,City or Municipal Highway Agency,0,None,33.55900833,-112.18622222,No Special Jurisdiction,12,Motor Vehicle In-Transport,1,Front-to-Rear,0,No,1,Non-Junction,1,Not an Intersection,"Work Zone, Type Unknown",1,On Roadway,1,Daylight,1,Clear,0,16,4:00pm-4:59pm,50,16,4:00pm-4:59pm,53,88,Not Applicable (Not Transported),Not Applicable (Not Transported),1,0
2017,4,Arizona,40447,1,1,0,0,1,1,0,3,COCHISE (3),SIERRA VISTA,1,7,2017,7,Saturday,0,0:00am-0:59am,41,This section IS NOT on the NHS,6,Local Street - Municipality,CORONADO DR,SUNBURST DR,2,Urban,4,Minor Arterial,4,City or Municipal Highway Agency,0,None,31.53043056,-110.27869167,No Special Jurisdiction,33,Curb,0,Not a Collision with Motor Vehicle In-Transport,0,No,3,Intersection-Related,3,T-Intersection,None,4,On Roadside,6,Dark - Unknown Lighting,98,Not Reported,0,0,0:00am-0:59am,41,0,0:00am-0:59am,50,88,Not Applicable (Not Transported),Not Applicable (Not Transported),1,1
2017,4,Arizona,40448,1,1,0,0,1,1,0,25,YAVAPAI (25),PRESCOTT VALLEY,1,7,2017,7,Saturday,15,3:00pm-3:59pm,28,This section IS NOT on the NHS,6,Local Street - Municipality,LAKESHORE DR,WHIPSAW LN,2,Urban,4,Minor Arterial,4,City or Municipal Highway Agency,0,None,34.61034444,-112.29693333,No Special Jurisdiction,99,Unknown,0,Not a Collision with Motor Vehicle In-Transport,0,No,1,Non-Junction,1,Not an Intersection,None,4,On Roadside,1,Daylight,1,Clear,0,15,3:00pm-3:59pm,28,15,3:00pm-3:59pm,29,15,3:00pm-3:59pm,53,1,0
2017,4,Arizona,40449,1,1,0,0,5,5,0,19,PIMA (19),TUCSON,1,7,2017,7,Saturday,16,4:00pm-4:59pm,38,This section IS ON the NHS,1,Interstate,I-10,,2,Urban,1,Interstate,1,State Highway Agency,2633,2633,32.17361667,-110.93826944,No Special Jurisdiction,1,Rollover/Overturn,0,Not a Collision with Motor Vehicle In-Transport,0,No,1,Non-Junction,1,Not an Intersection,None,4,On Roadside,1,Daylight,1,Clear,0,16,4:00pm-4:59pm,38,16,4:00pm-4:59pm,40,99,Unknown,Unknown EMS Hospital Arrival Time,1,0
2017,4,Arizona,40450,2,2,0,0,3,3,0,19,PIMA (19),NOT APPLICABLE,2,7,2017,1,Sunday,11,11:00am-11:59am,0,This section IS NOT on the NHS,3,State Highway,SR-86 AJO HWY,,2,Urban,4,Minor Arterial,1,State Highway Agency,1145,1145,32.17757778,-111.04310833,National Park Service,12,Motor Vehicle In-Transport,8,Sideswipe - Opposite Direction,0,No,1,Non-Junction,1,Not an Intersection,None,1,On Roadway,1,Daylight,1,Clear,0,11,11:00am-11:59am,1,11,11:00am-11:59am,2,88,Not Applicable (Not Transported),Not Applicable (Not Transported),1,0
2017,4,Arizona,40452,1,1,0,0,2,2,0,1,APACHE (1),NOT APPLICABLE,3,7,2017,2,Monday,11,11:00am-11:59am,27,This section IS NOT on the NHS,2,U.S. Highway,US-191,,1,Rural,5,Major Collector,1,State Highway Agency,5088,5088,36.92081111,-109.61789444,Indian Reservation,1,Rollover/Overturn,0,Not a Collision with Motor Vehicle In-Transport,0,No,1,Non-Junction,1,Not an Intersection,None,4,On Roadside,1,Daylight,1,Clear,0,11,11:00am-11:59am,27,11,11:00am-11:59am,50,88,Not Applicable (Not Transported),Not Applicable (Not Transported),2,1
2017,4,Arizona,40453,5,5,0,0,6,6,0,25,YAVAPAI (25),NOT APPLICABLE,4,7,2017,3,Tuesday,14,2:00pm-2:59pm,45,This section IS ON the NHS,1,Interstate,I-17,,1,Rural,1,Interstate,1,State Highway Agency,506,506,34.08749444,-112.14459444,No Special Jurisdiction,41,Shrubbery,0,Not a Collision with Motor Vehicle In-Transport,1,Yes,19,Other location within Interchange Area,1,Not an Intersection,None,3,On Median,1,Daylight,1,Clear,0,14,2:00pm-2:59pm,47,14,2:00pm-2:59pm,52,88,Not Applicable (Not Transported),Not Applicable (Not Transported),1,1
2017,4,Arizona,40454,1,1,0,1,1,1,1,13,MARICOPA (13),PHOENIX,4,7,2017,3,Tuesday,15,3:00pm-3:59pm,52,This section IS NOT on the NHS,6,Local Street - Municipality,1ST AVE,,2,Urban,3,Principal Arterial - Other,4,City or Municipal Highway Agency,0,None,33.44651111,-112.07525278,No Special Jurisdiction,8,Pedestrian,0,Not a Collision with Motor Vehicle In-Transport,0,No,8,Driveway Access Related,1,Not an Intersection,None,4,On Roadside,1,Daylight,1,Clear,0,15,3:00pm-3:59pm,53,15,3:00pm-3:59pm,55,16,4:00pm-4:59pm,16,1,0
2017,4,Arizona,40455,1,1,0,0,1,1,0,13,MARICOPA (13),TEMPE,6,7,2017,5,Thursday,1,1:00am-1:59am,51,This section IS ON the NHS,3,State Highway,SR-202,,2,Urban,2,Principal Arterial - Other Freeways and Expressways,1,State Highway Agency,72,72,33.43520556,-111.93480556,No Special Jurisdiction,1,Rollover/Overturn,0,Not a Collision with Motor Vehicle In-Transport,0,No,1,Non-Junction,1,Not an Intersection,None,1,On Roadway,3,Dark - Lighted,1,Clear,0,1,1:00am-1:59am,53,1,1:00am-1:59am,59,2,2:00am-2:59am,20,1,0
2017,4,Arizona,40456,1,1,0,1,4,4,1,13,MARICOPA (13),MESA,6,7,2017,5,Thursday,20,8:00pm-8:59pm,7,This section IS NOT on the NHS,6,Local Street - Municipality,DOBSON RD,,2,Urban,3,Principal Arterial - Other,4,City or Municipal Highway Agency,0,None,33.41199444,-111.87451389,No Special Jurisdiction,8,Pedestrian,0,Not a Collision with Motor Vehicle In-Transport,0,No,1,Non-Junction,1,Not an Intersection,None,1,On Roadway,3,Dark - Lighted,1,Clear,0,99,Unknown,Unknown,99,Unknown EMS Scene Arrival Hour,Unknown EMS Scene Arrival Minutes,99,Unknown,Unknown EMS Hospital Arrival Time,1,0
2017,4,Arizona,40457,2,2,0,0,3,3,0,13,MARICOPA (13),PHOENIX,6,7,2017,5,Thursday,22,10:00pm-10:59pm,24,This section IS ON the NHS,6,Local Street - Municipality,BELL RD,68TH ST,2,Urban,3,Principal Arterial - Other,4,City or Municipal Highway Agency,0,None,33.63991389,-111.93392778,No Special Jurisdiction,12,Motor Vehicle In-Transport,6,Angle,0,No,2,Intersection,3,T-Intersection,None,1,On Roadway,3,Dark - Lighted,1,Clear,0,22,10:00pm-10:59pm,25,22,10:00pm-10:59pm,30,22,10:00pm-10:59pm,56,1,0
2017,4,Arizona,40458,1,1,0,1,1,1,1,19,PIMA (19),TUCSON,6,7,2017,5,Thursday,23,11:00pm-11:59pm,30,This section IS ON the NHS,6,Local Street - Municipality,IRVINGTON RD,,2,Urban,3,Principal Arterial - Other,4,City or Municipal Highway Agency,0,None,32.16328056,-110.97178333,No Special Jurisdiction,15,Non-Motorist on Personal Conveyance,0,Not a Collision with Motor Vehicle In-Transport,0,No,1,Non-Junction,1,Not an Intersection,None,1,On Roadway,3,Dark - Lighted,1,Clear,0,23,11:00pm-11:59pm,30,23,11:00pm-11:59pm,35,0,0:00am-0:59am,1,1,0
2017,4,Arizona,40459,2,2,0,0,2,2,0,13,MARICOPA (13),MESA,7,7,2017,6,Friday,0,0:00am-0:59am,53,This section IS ON the NHS,3,State Highway,SR-87 COUNTRY CLUB DR,MCLELLAN RD,2,Urban,3,Principal Arterial - Other,4,City or Municipal Highway Agency,609,609,33.44417778,-111.83981944,No Special Jurisdiction,12,Motor Vehicle In-Transport,6,Angle,0,No,2,Intersection,2,Four-Way Intersection,None,1,On Roadway,3,Dark - Lighted,10,Cloudy,0,0,0:00am-0:59am,53,1,1:00am-1:59am,5,88,Not Applicable (Not Transported),Not Applicable (Not Transported),1,1
2017,4,Arizona,40460,2,2,0,0,2,2,0,21,PINAL (21),NOT APPLICABLE,7,7,2017,6,Friday,16,4:00pm-4:59pm,46,This section IS NOT on the NHS,3,State Highway,SR-87,GILBERT RD,1,Rural,4,Minor Arterial,1,State Highway Agency,408,408,33.17009722,-111.79300278,Indian Reservation,12,Motor Vehicle In-Transport,6,Angle,0,No,2,Intersection,2,Four-Way Intersection,None,1,On Roadway,1,Daylight,1,Clear,0,16,4:00pm-4:59pm,49,16,4:00pm-4:59pm,56,88,Not Applicable (Not Transported),Not Applicable (Not Transported),1,0
2017,4,Arizona,40461,2,2,0,0,2,2,0,13,MARICOPA (13),NOT APPLICABLE,7,7,2017,6,Friday,23,11:00pm-11:59pm,23,This section IS ON the NHS,3,State Highway,SR-87,,2,Urban,3,Principal Arterial - Other,1,State Highway Agency,746,746,33.57559167,-111.69163611,Indian Reservation,12,Motor Vehicle In-Transport,2,Front-to-Front,0,No,1,Non-Junction,1,Not an Intersection,None,1,On Roadway,2,Dark - Not Lighted,1,Clear,0,23,11:00pm-11:59pm,25,23,11:00pm-11:59pm,32,23,11:00pm-11:59pm,45,1,0
2017,4,Arizona,40462,3,3,0,0,5,5,0,13,MARICOPA (13),TEMPE,8,7,2017,7,Saturday,16,4:00pm-4:59pm,21,This section IS ON the NHS,6,Local Street - Municipality,RURAL RD,SOUTHERN AVE,2,Urban,3,Principal Arterial - Other,4,City or Municipal Highway Agency,0,None,33.39295,-111.92635278,No Special Jurisdiction,12,Motor Vehicle In-Transport,6,Angle,0,No,2,Intersection,2,Four-Way Intersection,None,1,On Roadway,1,Daylight,1,Clear,0,16,4:00pm-4:59pm,23,16,4:00pm-4:59pm,27,16,4:00pm-4:59pm,38,1,1
2017,4,Arizona,40463,4,4,0,0,4,4,0,19,PIMA (19),TUCSON,8,7,2017,7,Saturday,16,4:00pm-4:59pm,33,This section IS NOT on the NHS,6,Local Street - Municipality,CRAYCROFT RD,PIMA ST,2,Urban,3,Principal Arterial - Other,4,City or Municipal Highway Agency,0,None,32.24341111,-110.87554444,No Special Jurisdiction,12,Motor Vehicle In-Transport,6,Angle,0,No,2,Intersection,2,Four-Way Intersection,None,1,On Roadway,3,Dark - Lighted,1,Clear,0,16,4:00pm-4:59pm,33,16,4:00pm-4:59pm,36,16,4:00pm-4:59pm,57,1,0
2017,4,Arizona,40464,2,2,0,0,4,4,0,13,MARICOPA (13),GILA BEND,8,7,2017,7,Saturday,17,5:00pm-5:59pm,0,This section IS ON the NHS,1,Interstate,I-8,,1,Rural,1,Interstate,1,State Highway Agency,1228,1228,32.91313889,-112.61656389,No Special Jurisdiction,12,Motor Vehicle In-Transport,1,Front-to-Rear,0,No,1,Non-Junction,1,Not an Intersection,None,1,On Roadway,1,Daylight,1,Clear,0,17,5:00pm-5:59pm,0,17,5:00pm-5:59pm,16,99,Unknown,Unknown EMS Hospital Arrival Time,1,0
2017,4,Arizona,40465,2,2,0,0,4,4,0,15,MOHAVE (15),NOT APPLICABLE,10,7,2017,2,Monday,3,3:00am-3:59am,38,This section IS ON the NHS,1,Interstate,I-15,,1,Rural,1,Interstate,1,State Highway Agency,226,226,36.97086944,-113.72823056,No Special Jurisdiction,12,Motor Vehicle In-Transport,2,Front-to-Front,0,No,1,Non-Junction,1,Not an Intersection,None,1,On Roadway,2,Dark - Not Lighted,1,Clear,0,3,3:00am-3:59am,40,4,4:00am-4:59am,10,99,Unknown,Unknown EMS Hospital Arrival Time,1,1
2017,4,Arizona,40466,2,2,0,0,2,2,0,25,YAVAPAI (25),NOT APPLICABLE,11,7,2017,3,Tuesday,12,12:00pm-12:59pm,52,This section IS ON the NHS,3,State Highway,SR-69,,1,Rural,3,Principal Arterial - Other,1,State Highway Agency,78,78,34.39361667,-112.22251944,No Special Jurisdiction,12,Motor Vehicle In-Transport,6,Angle,0,No,1,Non-Junction,1,Not an Intersection,None,1,On Roadway,1,Daylight,10,Cloudy,0,12,12:00pm-12:59pm,57,12,12:00pm-12:59pm,59,99,Unknown,Unknown EMS Hospital Arrival Time,1,0
2017,4,Arizona,40467,2,2,0,0,3,3,0,13,MARICOPA (13),PHOENIX,12,7,2017,4,Wednesday,2,2:00am-2:59am,0,This section IS ON the NHS,1,Interstate,I-10,,2,Urban,1,Interstate,1,State Highway Agency,1394,1394,33.463075,-112.17416944,No Special Jurisdiction,12,Motor Vehicle In-Transport,1,Front-to-Rear,1,Yes,18,Through Roadway,1,Not an Intersection,Construction,1,On Roadway,3,Dark - Lighted,1,Clear,0,2,2:00am-2:59am,0,2,2:00am-2:59am,9,88,Not Applicable (Not Transported),Not Applicable (Not Transported),1,1
2017,4,Arizona,40468,1,1,0,1,1,1,1,19,PIMA (19),NOT APPLICABLE,12,7,2017,4,Wednesday,5,5:00am-5:59am,52,This section IS ON the NHS,7,Local Street - Frontage Road,I-10 RONTAGE RD,,2,Urban,1,Interstate,1,State Highway Agency,2673,2673,32.13036111,-110.88266111,No Special Jurisdiction,8,Pedestrian,0,Not a Collision with Motor Vehicle In-Transport,1,Yes,18,Through Roadway,1,Not an Intersection,None,1,On Roadway,1,Daylight,10,Cloudy,0,5,5:00am-5:59am,52,5,5:00am-5:59am,54,88,Not Applicable (Not Transported),Not Applicable (Not Transported),1,0
2017,4,Arizona,40469,1,1,0,1,2,2,1,19,PIMA (19),TUCSON,12,7,2017,4,Wednesday,20,8:00pm-8:59pm,33,This section IS NOT on the NHS,6,Local Street - Municipality,BROADWAY BLVD,,2,Urban,3,Principal Arterial - Other,4,City or Municipal Highway Agency,0,None,32.22111667,-110.85019722,No Special Jurisdiction,8,Pedestrian,0,Not a Collision with Motor Vehicle In-Transport,0,No,1,Non-Junction,1,Not an Intersection,None,1,On Roadway,3,Dark - Lighted,2,Rain,0,20,8:00pm-8:59pm,33,20,8:00pm-8:59pm,36,88,Not Applicable (Not Transported),Not Applicable (Not Transported),1,0
2017,4,Arizona,40471,1,1,0,0,6,6,0,13,MARICOPA (13),NOT APPLICABLE,13,7,2017,5,Thursday,3,3:00am-3:59am,22,This section IS ON the NHS,3,State Highway,SR-87,,2,Urban,3,Principal Arterial - Other,1,State Highway Agency,676,676,33.50720278,-111.77564167,Indian Reservation,1,Rollover/Overturn,0,Not a Collision with Motor Vehicle In-Transport,0,No,1,Non-Junction,1,Not an Intersection,None,3,On Median,2,Dark - Not Lighted,1,Clear,0,3,3:00am-3:59am,22,3,3:00am-3:59am,37,99,Unknown,Unknown EMS Hospital Arrival Time,2,1
2017,4,Arizona,40472,2,2,0,0,3,3,0,3,COCHISE (3),NOT APPLICABLE,13,7,2017,5,Thursday,8,8:00am-8:59am,21,This section IS NOT on the NHS,3,State Highway,SR-92,,2,Urban,4,Minor Arterial,1,State Highway Agency,42,42,31.49312778,-110.25741111,No Special Jurisdiction,12,Motor Vehicle In-Transport,6,Angle,0,No,8,Driveway Access Related,1,Not an Intersection,None,1,On Roadway,1,Daylight,1,Clear,0,8,8:00am-8:59am,21,8,8:00am-8:59am,50,9,9:00am-9:59am,35,1,0
2017,4,Arizona,40473,2,2,0,0,2,2,0,13,MARICOPA (13),PHOENIX,14,7,2017,6,Friday,9,9:00am-9:59am,48,This section IS ON the NHS,1,Interstate,I-17,,2,Urban,1,Interstate,1,State Highway Agency,152,152,33.586675,-112.11708333,No Special Jurisdiction,12,Motor Vehicle In-Transport,1,Front-to-Rear,1,Yes,18,Through Roadway,1,Not an Intersection,None,1,On Roadway,1,Daylight,1,Clear,0,9,9:00am-9:59am,51,9,9:00am-9:59am,55,88,Not Applicable (Not Transported),Not Applicable (Not Transported),1,0
2017,4,Arizona,40474,1,1,0,0,1,1,0,13,MARICOPA (13),NOT APPLICABLE,14,7,2017,6,Friday,13,1:00pm-1:59pm,20,This section IS NOT on the NHS,3,State Highway,SR-88,,1,Rural,5,Major Collector,1,State Highway Agency,109,109,33.50840556,-111.45673056,No Special Jurisdiction,17,Boulder,0,Not a Collision with Motor Vehicle In-Transport,0,No,1,Non-Junction,1,Not an Intersection,None,5,Outside Trafficway,9,Unknown,10,Cloudy,0,13,1:00pm-1:59pm,48,14,2:00pm-2:59pm,10,88,Not Applicable (Not Transported),Not Applicable (Not Transported),1,0
2017,4,Arizona,40475,1,1,0,0,1,1,0,25,YAVAPAI (25),NOT APPLICABLE,14,7,2017,6,Friday,23,11:00pm-11:59pm,1,This section IS ON the NHS,1,Interstate,I-17,,1,Rural,1,Interstate,1,State Highway Agency,864,864,34.53330278,-111.96194167,No Special Jurisdiction,35,Embankment,0,Not a Collision with Motor Vehicle In-Transport,0,No,1,Non-Junction,1,Not an Intersection,None,4,On Roadside,2,Dark - Not Lighted,1,Clear,0,23,11:00pm-11:59pm,2,23,11:00pm-11:59pm,12,0,0:00am-0:59am,50,1,0
2017,4,Arizona,40476,1,1,0,0,3,3,0,13,MARICOPA (13),NOT APPLICABLE,15,7,2017,7,Saturday,21,9:00pm-9:59pm,58,This section IS NOT on the NHS,3,State Highway,SR-88,,1,Rural,5,Major Collector,1,State Highway Agency,414,414,33.643375,-111.19468333,No Special Jurisdiction,1,Rollover/Overturn,0,Not a Collision with Motor Vehicle In-Transport,0,No,1,Non-Junction,1,Not an Intersection,None,5,Outside Trafficway,2,Dark - Not Lighted,10,Cloudy,0,21,9:00pm-9:59pm,58,23,11:00pm-11:59pm,43,88,Not Applicable (Not Transported),Not Applicable (Not Transported),1,0
2017,4,Arizona,40477,1,1,0,1,3,3,1,19,PIMA (19),NOT APPLICABLE,16,7,2017,1,Sunday,1,1:00am-1:59am,0,This section IS NOT on the NHS,4,County Road,CR-NOGALES HWY,TOPAWA DR,2,Urban,4,Minor Arterial,2,County Highway Agency,0,None,32.11527222,-110.96058889,No Special Jurisdiction,8,Pedestrian,0,Not a Collision with Motor Vehicle In-Transport,0,No,3,Intersection-Related,2,Four-Way Intersection,None,1,On Roadway,2,Dark - Not Lighted,10,Cloudy,0,1,1:00am-1:59am,6,1,1:00am-1:59am,16,88,Not Applicable (Not Transported),Not Applicable (Not Transported),1,0
2017,4,Arizona,40478,2,2,0,0,2,2,0,21,PINAL (21),FLORENCE,17,7,2017,2,Monday,15,3:00pm-3:59pm,45,This section IS NOT on the NHS,4,County Road,CR-JUDD RD,,1,Rural,5,Major Collector,2,County Highway Agency,0,None,33.14759444,-111.48019167,No Special Jurisdiction,12,Motor Vehicle In-Transport,2,Front-to-Front,0,No,1,Non-Junction,1,Not an Intersection,None,1,On Roadway,1,Daylight,1,Clear,0,15,3:00pm-3:59pm,44,16,4:00pm-4:59pm,1,99,Unknown,Unknown EMS Hospital Arrival Time,1,0
2017,4,Arizona,40480,3,3,0,0,5,5,0,13,MARICOPA (13),PHOENIX,19,7,2017,4,Wednesday,11,11:00am-11:59am,38,This section IS NOT on the NHS,6,Local Street - Municipality,BROADWAY RD,19TH AVE,2,Urban,4,Minor Arterial,4,City or Municipal Highway Agency,0,None,33.40673056,-112.09876111,No Special Jurisdiction,12,Motor Vehicle In-Transport,1,Front-to-Rear,0,No,3,Intersection-Related,2,Four-Way Intersection,None,1,On Roadway,1,Daylight,1,Clear,0,99,Unknown,Unknown,99,Unknown EMS Scene Arrival Hour,Unknown EMS Scene Arrival Minutes,99,Unknown,Unknown EMS Hospital Arrival Time,1,0
2017,4,Arizona,40482,1,1,0,0,1,1,0,13,MARICOPA (13),SCOTTSDALE,20,7,2017,5,Thursday,14,2:00pm-2:59pm,20,This section IS ON the NHS,3,State Highway,SR-101,,2,Urban,2,Principal Arterial - Other Freeways and Expressways,1,State Highway Agency,386,386,33.60025278,-111.89164167,No Special Jurisdiction,59,Traffic Sign Support,0,Not a Collision with Motor Vehicle In-Transport,1,Yes,19,Other location within Interchange Area,1,Not an Intersection,None,4,On Roadside,1,Daylight,1,Clear,0,14,2:00pm-2:59pm,21,14,2:00pm-2:59pm,28,14,2:00pm-2:59pm,51,1,0
2017,4,Arizona,40483,2,2,0,0,2,2,0,13,MARICOPA (13),SCOTTSDALE,21,7,2017,6,Friday,0,0:00am-0:59am,18,This section IS ON the NHS,3,State Highway,SR-101,,2,Urban,2,Principal Arterial - Other Freeways and Expressways,1,State Highway Agency,384,384,33.604325,-111.89165833,No Special Jurisdiction,12,Motor Vehicle In-Transport,2,Front-to-Front,0,No,1,Non-Junction,1,Not an Intersection,None,1,On Roadway,3,Dark - Lighted,1,Clear,0,0,0:00am-0:59am,18,0,0:00am-0:59am,23,99,Unknown,Unknown EMS Hospital Arrival Time,1,1
2017,4,Arizona,40484,1,1,0,0,2,2,0,13,MARICOPA (13),MESA,21,7,2017,6,Friday,16,4:00pm-4:59pm,14,This section IS NOT on the NHS,6,Local Street - Municipality,REVERE,,2,Urban,7,Local,98,Not Reported,0,None,33.43087778,-111.84751111,No Special Jurisdiction,33,Curb,0,Not a Collision with Motor Vehicle In-Transport,0,No,1,Non-Junction,1,Not an Intersection,None,4,On Roadside,1,Daylight,10,Cloudy,0,16,4:00pm-4:59pm,15,16,4:00pm-4:59pm,20,99,Unknown,Unknown EMS Hospital Arrival Time,1,1
2017,4,Arizona,40485,1,1,0,0,1,1,0,7,GILA (7),PAYSON,22,7,2017,7,Saturday,18,6:00pm-6:59pm,21,This section IS ON the NHS,3,State Highway,SR-260,,2,Urban,3,Principal Arterial - Other,1,State Highway Agency,743,743,34.25067778,-111.27874722,No Special Jurisdiction,41,Shrubbery,0,Not a Collision with Motor Vehicle In-Transport,0,No,1,Non-Junction,1,Not an Intersection,None,4,On Roadside,5,Dusk,1,Clear,0,18,6:00pm-6:59pm,23,18,6:00pm-6:59pm,28,88,Not Applicable (Not Transported),Not Applicable (Not Transported),1,1
2017,4,Arizona,40486,1,1,0,0,1,1,0,3,COCHISE (3),NOT APPLICABLE,22,7,2017,7,Saturday,22,10:00pm-10:59pm,4,This section IS NOT on the NHS,2,U.S. Highway,US-191,,2,Urban,5,Major Collector,1,State Highway Agency,10,10,31.36736944,-109.57941667,No Special Jurisdiction,5,Fell/Jumped from Vehicle,0,Not a Collision with Motor Vehicle In-Transport,0,No,1,Non-Junction,1,Not an Intersection,None,1,On Roadway,2,Dark - Not Lighted,10,Cloudy,0,22,10:00pm-10:59pm,6,22,10:00pm-10:59pm,10,88,Not Applicable (Not Transported),Not Applicable (Not Transported),1,0
2017,4,Arizona,40487,1,1,0,1,1,1,1,13,MARICOPA (13),NOT APPLICABLE,22,7,2017,7,Saturday,22,10:00pm-10:59pm,48,This section IS ON the NHS,3,State Highway,SR-101,,2,Urban,2,Principal Arterial - Other Freeways and Expressways,1,State Highway Agency,434,434,33.53641944,-111.88276389,Indian Reservation,8,Pedestrian,0,Not a Collision with Motor Vehicle In-Transport,1,Yes,18,Through Roadway,1,Not an Intersection,None,1,On Roadway,3,Dark - Lighted,10,Cloudy,0,22,10:00pm-10:59pm,48,22,10:00pm-10:59pm,52,88,Not Applicable (Not Transported),Not Applicable (Not Transported),1,0
2017,4,Arizona,40488,2,2,0,0,4,4,0,13,MARICOPA (13),NOT APPLICABLE,23,7,2017,1,Sunday,5,5:00am-5:59am,48,This section IS ON the NHS,1,Interstate,I-10,,1,Rural,1,Interstate,1,State Highway Agency,788,788,33.54493333,-113.19641389,No Special Jurisdiction,12,Motor Vehicle In-Transport,1,Front-to-Rear,0,No,1,Non-Junction,1,Not an Intersection,None,1,On Roadway,1,Daylight,1,Clear,0,99,Unknown,Unknown,99,Unknown EMS Scene Arrival Hour,Unknown EMS Scene Arrival Minutes,99,Unknown,Unknown EMS Hospital Arrival Time,1,0
2017,4,Arizona,40489,2,2,0,0,3,3,0,17,NAVAJO (17),NOT APPLICABLE,23,7,2017,1,Sunday,6,6:00am-6:59am,23,This section IS ON the NHS,1,Interstate,I-40,,2,Urban,1,Interstate,1,State Highway Agency,2566,2566,35.01257778,-110.65589722,No Special Jurisdiction,12,Motor Vehicle In-Transport,1,Front-to-Rear,0,No,1,Non-Junction,1,Not an Intersection,None,1,On Roadway,1,Daylight,1,Clear,0,6,6:00am-6:59am,24,6,6:00am-6:59am,30,99,Unknown,Unknown EMS Hospital Arrival Time,1,0