AccidentYear,STATE,STATENAME,ST_CASE,VE_TOTAL,VE_FORMS,PVH_INVL,PEDS,PERSONS,PERMVIT,PERNOTMVIT,COUNTY,COUNTYNAME,CITYNAME,DAY,MONTH,YEAR,DAY_WEEK,DAY_WEEKNAME,HOUR,HOURNAME,MINUTENAME,NHSNAME,ROUTE,ROUTENAME,TWAY_ID,TWAY_ID2,RUR_URB,RUR_URBNAME,FUNC_SYS,FUNC_SYSNAME,RD_OWNER,RD_OWNERNAME,MILEPT,MILEPTNAME,LATITUDENAME,LONGITUDNAME,SP_JURNAME,HARM_EV,HARM_EVNAME,MAN_COLL,MAN_COLLNAME,RELJCT1,RELJCT1NAME,RELJCT2,RELJCT2NAME,TYP_INT,TYP_INTNAME,WRK_ZONENAME,REL_ROAD,REL_ROADNAME,LGT_COND,LGT_CONDNAME,WEATHER,WEATHERNAME,SCH_BUS,NOT_HOUR,NOT_HOURNAME,NOT_MINNAME,ARR_HOUR,ARR_HOURNAME,ARR_MINNAME,HOSP_HR,HOSP_HRNAME,HOSP_MNNAME,FATALS,DRUNK_DR
2017,4,Arizona,40541,2,2,0,0,3,3,0,13,MARICOPA (13),PHOENIX,27,8,2017,1,Sunday,21,9:00pm-9:59pm,43,This section IS ON the NHS,3,State Highway,SR-101,,2,Urban,2,Principal Arterial - Other Freeways and Expressways,1,State Highway Agency,275,275,33.672875,-112.01848333,No Special Jurisdiction,12,Motor Vehicle In-Transport,1,Front-to-Rear,0,No,1,Non-Junction,1,Not an Intersection,None,1,On Roadway,3,Dark - Lighted,1,Clear,0,21,9:00pm-9:59pm,49,21,9:00pm-9:59pm,55,22,10:00pm-10:59pm,15,1,0
2017,4,Arizona,40542,1,1,0,0,1,1,0,13,MARICOPA (13),BUCKEYE,28,8,2017,2,Monday,3,3:00am-3:59am,7,This section IS ON the NHS,1,Interstate,I-10,,2,Urban,1,Interstate,1,State Highway Agency,1160,1160,33.43916111,-112.57306667,No Special Jurisdiction,1,Rollover/Overturn,0,Not a Collision with Motor Vehicle In-Transport,0,No,1,Non-Junction,1,Not an Intersection,None,3,On Median,3,Dark - Lighted,1,Clear,0,3,3:00am-3:59am,9,3,3:00am-3:59am,15,88,Not Applicable (Not Transported),Not Applicable (Not Transported),1,0
2017,4,Arizona,40543,2,1,1,0,3,2,1,12,LA PAZ (12),NOT APPLICABLE,31,8,2017,5,Thursday,6,6:00am-6:59am,56,This section IS ON the NHS,1,Interstate,I-10,,1,Rural,1,Interstate,1,State Highway Agency,393,393,33.64475556,-113.87194444,No Special Jurisdiction,14,Parked Motor Vehicle,0,Not a Collision with Motor Vehicle In-Transport,0,No,1,Non-Junction,1,Not an Intersection,None,2,On Shoulder,4,Dawn,1,Clear,0,6,6:00am-6:59am,58,7,7:00am-7:59am,20,99,Unknown,Unknown EMS Hospital Arrival Time,1,0
2017,4,Arizona,40544,1,1,0,0,1,1,0,13,MARICOPA (13),NOT APPLICABLE,31,8,2017,5,Thursday,10,10:00am-10:59am,51,This section IS ON the NHS,3,State Highway,SR-87,,1,Rural,3,Principal Arterial - Other,1,State Highway Agency,1040,1040,33.88104722,-111.45421389,No Special Jurisdiction,25,Concrete Traffic Barrier,0,Not a Collision with Motor Vehicle In-Transport,0,No,1,Non-Junction,1,Not an Intersection,None,3,On Median,1,Daylight,1,Clear,0,10,10:00am-10:59am,52,11,11:00am-11:59am,28,88,Not Applicable (Not Transported),Not Applicable (Not Transported),1,0
2017,4,Arizona,40545,1,1,0,0,1,1,0,13,MARICOPA (13),MESA,31,8,2017,5,Thursday,11,11:00am-11:59am,14,This section IS ON the NHS,3,State Highway,SR-202,,2,Urban,2,Principal Arterial - Other Freeways and Expressways,1,State Highway Agency,98,98,33.43374722,-111.89028611,No Special Jurisdiction,25,Concrete Traffic Barrier,0,Not a Collision with Motor Vehicle In-Transport,0,No,1,Non-Junction,1,Not an Intersection,None,4,On Roadside,1,Daylight,1,Clear,0,11,11:00am-11:59am,16,11,11:00am-11:59am,24,88,Not Applicable (Not Transported),Not Applicable (Not Transported),1,0
2017,4,Arizona,40546,1,1,0,0,1,1,0,21,PINAL (21),NOT APPLICABLE,31,8,2017,5,Thursday,20,8:00pm-8:59pm,45,This section IS ON the NHS,2,U.S. Highway,US-60,,1,Rural,3,Principal Arterial - Other,1,State Highway Agency,1970,1970,33.30624167,-111.07773611,No Special Jurisdiction,35,Embankment,0,Not a Collision with Motor Vehicle In-Transport,0,No,1,Non-Junction,1,Not an Intersection,None,4,On Roadside,2,Dark - Not Lighted,1,Clear,0,20,8:00pm-8:59pm,47,20,8:00pm-8:59pm,58,22,10:00pm-10:59pm,6,1,1
2017,4,Arizona,40547,2,2,0,0,3,3,0,13,MARICOPA (13),PHOENIX,9,8,2017,4,Wednesday,11,11:00am-11:59am,42,This section IS ON the NHS,6,Local Street - Municipality,7TH ST,MCDOWELL RD,2,Urban,3,Principal Arterial - Other,4,City or Municipal Highway Agency,0,None,33.46576667,-112.06507778,No Special Jurisdiction,12,Motor Vehicle In-Transport,2,Front-to-Front,0,No,2,Intersection,2,Four-Way Intersection,None,1,On Roadway,1,Daylight,1,Clear,0,99,Unknown,Unknown if Notified,99,Unknown EMS Scene Arrival Hour,Unknown if Arrived,99,Unknown,Unknown if Transported,1,0
2017,4,Arizona,40548,2,2,0,0,2,2,0,19,PIMA (19),NOT APPLICABLE,10,8,2017,5,Thursday,16,4:00pm-4:59pm,29,This section IS NOT on the NHS,4,County Road,CR-SUNRISE DR,,2,Urban,3,Principal Arterial - Other,2,County Highway Agency,0,None,32.305975,-110.86718333,No Special Jurisdiction,12,Motor Vehicle In-Transport,2,Front-to-Front,0,No,1,Non-Junction,1,Not an Intersection,None,1,On Roadway,1,Daylight,3,Sleet or Hail,0,99,Unknown,Unknown,99,Unknown EMS Scene Arrival Hour,Unknown EMS Scene Arrival Minutes,99,Unknown,Unknown EMS Hospital Arrival Time,1,0
2017,4,Arizona,40549,2,2,0,0,2,2,0,3,COCHISE (3),SIERRA VISTA,25,8,2017,6,Friday,9,9:00am-9:59am,40,This section IS NOT on the NHS,6,Local Street - Municipality,WILCOX DR,CARMICHAEL AVE,2,Urban,5,Major Collector,4,City or Municipal Highway Agency,0,None,31.55226111,-110.29985,No Special Jurisdiction,12,Motor Vehicle In-Transport,6,Angle,0,No,3,Intersection-Related,2,Four-Way Intersection,None,1,On Roadway,1,Daylight,1,Clear,0,99,Unknown,Unknown,99,Unknown EMS Scene Arrival Hour,Unknown EMS Scene Arrival Minutes,99,Unknown,Unknown EMS Hospital Arrival Time,1,0
2017,4,Arizona,40550,2,1,1,0,1,1,0,13,MARICOPA (13),NOT APPLICABLE,3,6,2017,7,Saturday,0,0:00am-0:59am,31,This section IS NOT on the NHS,5,Local Street - Township,KYRENE RD,,2,Urban,7,Local,98,Not Reported,0,None,33.28758056,-111.94585556,Indian Reservation,33,Curb,0,Not a Collision with Motor Vehicle In-Transport,0,No,1,Non-Junction,1,Not an Intersection,None,4,On Roadside,3,Dark - Lighted,1,Clear,0,0,0:00am-0:59am,31,0,0:00am-0:59am,40,88,Not Applicable (Not Transported),Not Applicable (Not Transported),1,1
2017,4,Arizona,40552,1,1,0,0,2,2,0,17,NAVAJO (17),NOT APPLICABLE,7,5,2017,1,Sunday,11,11:00am-11:59am,23,This section IS NOT on the NHS,9,Unknown,UNKNOWN RD,,1,Rural,99,Unknown,99,Unknown,0,None,Unknown,Unknown,Indian Reservation,1,Rollover/Overturn,0,Not a Collision with Motor Vehicle In-Transport,0,No,99,Unknown,99,Unknown,None,99,Unknown,1,Daylight,99,Unknown,0,99,Unknown,Unknown,99,Unknown EMS Scene Arrival Hour,Unknown EMS Scene Arrival Minutes,88,Not Applicable (Not Transported),Not Applicable (Not Transported),2,0
2017,4,Arizona,40553,1,1,0,0,1,1,0,25,YAVAPAI (25),NOT APPLICABLE,7,7,2017,6,Friday,11,11:00am-11:59am,13,This section IS NOT on the NHS,3,State Highway,SR-169,,1,Rural,4,Minor Arterial,1,State Highway Agency,49,49,34.54664722,-112.16093056,No Special Jurisdiction,32,Culvert,0,Not a Collision with Motor Vehicle In-Transport,0,No,1,Non-Junction,1,Not an Intersection,None,4,On Roadside,1,Daylight,1,Clear,0,99,Unknown,Unknown,99,Unknown EMS Scene Arrival Hour,Unknown EMS Scene Arrival Minutes,99,Unknown,Unknown EMS Hospital Arrival Time,1,0
2017,4,Arizona,40554,1,1,0,0,1,1,0,1,APACHE (1),NOT APPLICABLE,1,7,2017,7,Saturday,13,1:00pm-1:59pm,13,This section IS NOT on the NHS,5,Local Street - Township,CEDAR RD,,1,Rural,7,Local,98,Not Reported,0,None,Unknown,Unknown,No Special Jurisdiction,1,Rollover/Overturn,0,Not a Collision with Motor Vehicle In-Transport,0,No,99,Unknown,99,Unknown,None,99,Unknown,1,Daylight,98,Not Reported,0,99,Unknown,Unknown,99,Unknown EMS Scene Arrival Hour,Unknown EMS Scene Arrival Minutes,88,Not Applicable (Not Transported),Not Applicable (Not Transported),1,0
2017,4,Arizona,40555,1,1,0,1,1,1,1,13,MARICOPA (13),PHOENIX,6,7,2017,5,Thursday,20,8:00pm-8:59pm,5,This section IS NOT on the NHS,6,Local Street - Municipality,THOMAS RD,,2,Urban,3,Principal Arterial - Other,4,City or Municipal Highway Agency,0,None,33.48048611,-112.01193889,No Special Jurisdiction,8,Pedestrian,0,Not a Collision with Motor Vehicle In-Transport,0,No,1,Non-Junction,1,Not an Intersection,None,11,Continuous Left - Turn Lane,3,Dark - Lighted,1,Clear,0,20,8:00pm-8:59pm,7,20,8:00pm-8:59pm,12,20,8:00pm-8:59pm,22,1,0
2017,4,Arizona,40556,2,2,0,0,4,4,0,13,MARICOPA (13),PHOENIX,9,7,2017,1,Sunday,20,8:00pm-8:59pm,0,This section IS NOT on the NHS,6,Local Street - Municipality,43RD AVE,CITRUS WAY,2,Urban,4,Minor Arterial,4,City or Municipal Highway Agency,0,None,33.52969722,-112.15146667,No Special Jurisdiction,12,Motor Vehicle In-Transport,6,Angle,0,No,2,Intersection,3,T-Intersection,None,1,On Roadway,5,Dusk,1,Clear,0,20,8:00pm-8:59pm,2,20,8:00pm-8:59pm,4,20,8:00pm-8:59pm,20,1,0
2017,4,Arizona,40557,1,1,0,0,1,1,0,17,NAVAJO (17),NOT APPLICABLE,10,7,2017,2,Monday,14,2:00pm-2:59pm,46,This section IS NOT on the NHS,4,County Road,CR-PAPERMILL RD,,1,Rural,5,Major Collector,2,County Highway Agency,0,None,34.47793333,-110.197875,No Special Jurisdiction,38,Fence,0,Not a Collision with Motor Vehicle In-Transport,0,No,1,Non-Junction,1,Not an Intersection,None,4,On Roadside,1,Daylight,1,Clear,0,14,2:00pm-2:59pm,35,14,2:00pm-2:59pm,41,88,Not Applicable (Not Transported),Not Applicable (Not Transported),1,0
2017,4,Arizona,40558,2,2,0,0,2,2,0,13,MARICOPA (13),CHANDLER,12,7,2017,4,Wednesday,16,4:00pm-4:59pm,8,This section IS NOT on the NHS,6,Local Street - Municipality,MCCLINTOCK DR,RAY RD,2,Urban,3,Principal Arterial - Other,4,City or Municipal Highway Agency,0,None,33.31994167,-111.91110556,No Special Jurisdiction,12,Motor Vehicle In-Transport,99,Unknown,0,No,2,Intersection,2,Four-Way Intersection,None,1,On Roadway,1,Daylight,1,Clear,0,16,4:00pm-4:59pm,8,16,4:00pm-4:59pm,13,16,4:00pm-4:59pm,28,1,0
2017,4,Arizona,40560,1,1,0,0,1,1,0,13,MARICOPA (13),NOT APPLICABLE,14,7,2017,6,Friday,17,5:00pm-5:59pm,2,This section IS NOT on the NHS,4,County Road,CR-DEER VALLEY DR,,2,Urban,5,Major Collector,2,County Highway Agency,0,None,33.68734167,-112.36563889,No Special Jurisdiction,33,Curb,0,Not a Collision with Motor Vehicle In-Transport,0,No,1,Non-Junction,1,Not an Intersection,None,4,On Roadside,1,Daylight,6,Severe Crosswinds,0,17,5:00pm-5:59pm,2,17,5:00pm-5:59pm,5,88,Not Applicable (Not Transported),Not Applicable (Not Transported),1,0
2017,4,Arizona,40561,1,1,0,0,1,1,0,13,MARICOPA (13),PHOENIX,14,7,2017,6,Friday,4,4:00am-4:59am,49,This section IS NOT on the NHS,6,Local Street - Municipality,ELWOOD ST,,2,Urban,7,Local,98,Not Reported,0,None,33.41396389,-112.06168333,No Special Jurisdiction,1,Rollover/Overturn,0,Not a Collision with Motor Vehicle In-Transport,0,No,1,Non-Junction,1,Not an Intersection,None,1,On Roadway,2,Dark - Not Lighted,1,Clear,0,4,4:00am-4:59am,51,5,5:00am-5:59am,1,88,Not Applicable (Not Transported),Not Applicable (Not Transported),1,0
2017,4,Arizona,40562,1,1,0,1,1,1,1,13,MARICOPA (13),PHOENIX,17,7,2017,2,Monday,21,9:00pm-9:59pm,4,This section IS NOT on the NHS,6,Local Street - Municipality,OSBORN RD,78TH AVE,2,Urban,5,Major Collector,4,City or Municipal Highway Agency,0,None,33.48728611,-112.22702222,No Special Jurisdiction,8,Pedestrian,0,Not a Collision with Motor Vehicle In-Transport,0,No,3,Intersection-Related,2,Four-Way Intersection,None,1,On Roadway,3,Dark - Lighted,10,Cloudy,0,21,9:00pm-9:59pm,6,21,9:00pm-9:59pm,7,21,9:00pm-9:59pm,38,1,1
2017,4,Arizona,40563,1,1,0,1,1,1,1,13,MARICOPA (13),TEMPE,18,7,2017,3,Tuesday,20,8:00pm-8:59pm,44,This section IS NOT on the NHS,6,Local Street - Municipality,BASELINE RD,,2,Urban,3,Principal Arterial - Other,4,City or Municipal Highway Agency,0,None,33.37827778,-111.92398333,No Special Jurisdiction,8,Pedestrian,0,Not a Collision with Motor Vehicle In-Transport,0,No,1,Non-Junction,1,Not an Intersection,None,1,On Roadway,3,Dark - Lighted,1,Clear,0,20,8:00pm-8:59pm,44,20,8:00pm-8:59pm,53,21,9:00pm-9:59pm,8,1,0
2017,4,Arizona,40564,1,1,0,1,1,1,1,13,MARICOPA (13),PHOENIX,20,7,2017,5,Thursday,11,11:00am-11:59am,12,This section IS NOT on the NHS,6,Local Street - Municipality,SOUTHERN AVE,18TH ST,2,Urban,4,Minor Arterial,4,City or Municipal Highway Agency,0,None,33.39288333,-112.042425,No Special Jurisdiction,9,Pedalcyclist,0,Not a Collision with Motor Vehicle In-Transport,0,No,2,Intersection,2,Four-Way Intersection,None,1,On Roadway,1,Daylight,1,Clear,0,11,11:00am-11:59am,13,11,11:00am-11:59am,17,11,11:00am-11:59am,34,1,0
2017,4,Arizona,40565,1,1,0,1,1,1,1,13,MARICOPA (13),PHOENIX,27,7,2017,5,Thursday,0,0:00am-0:59am,43,This section IS NOT on the NHS,6,Local Street - Municipality,OSBORN RD,,2,Urban,5,Major Collector,4,City or Municipal Highway Agency,0,None,33.48739167,-112.05145,No Special Jurisdiction,8,Pedestrian,0,Not a Collision with Motor Vehicle In-Transport,0,No,1,Non-Junction,1,Not an Intersection,None,1,On Roadway,3,Dark - Lighted,1,Clear,0,0,0:00am-0:59am,43,0,0:00am-0:59am,47,1,1:00am-1:59am,9,1,1
2017,4,Arizona,40566,8,2,6,0,3,3,0,13,MARICOPA (13),PHOENIX,27,7,2017,5,Thursday,1,1:00am-1:59am,39,This section IS ON the NHS,7,Local Street - Frontage Road,I-17 FRONTAGE RD,,2,Urban,1,Interstate,1,State Highway Agency,100,100,33.53370556,-112.11206944,No Special Jurisdiction,12,Motor Vehicle In-Transport,1,Front-to-Rear,1,Yes,18,Through Roadway,1,Not an Intersection,None,1,On Roadway,3,Dark - Lighted,1,Clear,0,1,1:00am-1:59am,42,1,1:00am-1:59am,48,2,2:00am-2:59am,4,1,1
2017,4,Arizona,40568,1,1,0,1,1,1,1,12,LA PAZ (12),NOT APPLICABLE,29,7,2017,7,Saturday,22,10:00pm-10:59pm,9,This section IS NOT on the NHS,8,Other,DANIELS RD,,1,Rural,7,Local,62,Bureau of Indian Affairs,0,None,Unknown,Unknown,Indian Reservation,8,Pedestrian,0,Not a Collision with Motor Vehicle In-Transport,0,No,1,Non-Junction,1,Not an Intersection,None,1,On Roadway,6,Dark - Unknown Lighting,98,Not Reported,0,99,Unknown,Unknown,99,Unknown EMS Scene Arrival Hour,Unknown EMS Scene Arrival Minutes,99,Unknown,Unknown EMS Hospital Arrival Time,1,0
2017,4,Arizona,40569,1,1,0,0,1,1,0,13,MARICOPA (13),PHOENIX,30,7,2017,1,Sunday,5,5:00am-5:59am,28,This section IS NOT on the NHS,6,Local Street - Municipality,CENTRAL AVE,,2,Urban,3,Principal Arterial - Other,4,City or Municipal Highway Agency,0,None,33.47240278,-112.07371111,No Special Jurisdiction,33,Curb,0,Not a Collision with Motor Vehicle In-Transport,0,No,1,Non-Junction,1,Not an Intersection,None,3,On Median,4,Dawn,10,Cloudy,0,5,5:00am-5:59am,29,5,5:00am-5:59am,33,88,Not Applicable (Not Transported),Not Applicable (Not Transported),1,0
2017,4,Arizona,40570,2,2,0,0,2,2,0,13,MARICOPA (13),SCOTTSDALE,13,8,2017,1,Sunday,11,11:00am-11:59am,53,This section IS ON the NHS,6,Local Street - Municipality,SCOTTSDALE RD,PRINCESS BLVD,2,Urban,3,Principal Arterial - Other,4,City or Municipal Highway Agency,0,None,33.64695556,-111.92546667,No Special Jurisdiction,12,Motor Vehicle In-Transport,1,Front-to-Rear,0,No,3,Intersection-Related,2,Four-Way Intersection,None,1,On Roadway,1,Daylight,1,Clear,0,11,11:00am-11:59am,53,12,12:00pm-12:59pm,0,99,Unknown,Unknown EMS Hospital Arrival Time,1,1
2017,4,Arizona,40571,1,1,0,0,1,1,0,5,COCONINO (5),FLAGSTAFF,20,8,2017,1,Sunday,2,2:00am-2:59am,6,This section IS NOT on the NHS,6,Local Street - Municipality,ROUTE 66,,2,Urban,5,Major Collector,4,City or Municipal Highway Agency,0,None,35.21893333,-111.54535278,No Special Jurisdiction,35,Embankment,0,Not a Collision with Motor Vehicle In-Transport,0,No,1,Non-Junction,1,Not an Intersection,None,4,On Roadside,2,Dark - Not Lighted,1,Clear,0,2,2:00am-2:59am,7,2,2:00am-2:59am,14,88,Not Applicable (Not Transported),Not Applicable (Not Transported),1,1
2017,4,Arizona,40572,2,2,0,0,2,2,0,19,PIMA (19),MARANA,21,8,2017,2,Monday,1,1:00am-1:59am,55,This section IS ON the NHS,1,Interstate,I-10,,1,Rural,1,Interstate,1,State Highway Agency,2339,2339,32.48875,-111.25364722,No Special Jurisdiction,12,Motor Vehicle In-Transport,2,Front-to-Front,0,No,1,Non-Junction,1,Not an Intersection,None,1,On Roadway,2,Dark - Not Lighted,1,Clear,0,1,1:00am-1:59am,55,2,2:00am-2:59am,8,88,Not Applicable (Not Transported),Not Applicable (Not Transported),1,1
2017,4,Arizona,40573,2,2,0,0,3,3,0,19,PIMA (19),TUCSON,26,8,2017,7,Saturday,2,2:00am-2:59am,9,This section IS NOT on the NHS,6,Local Street - Municipality,GREASEWOOD RD,,2,Urban,4,Minor Arterial,4,City or Municipal Highway Agency,0,None,32.23274722,-111.02053889,No Special Jurisdiction,12,Motor Vehicle In-Transport,2,Front-to-Front,0,No,1,Non-Junction,1,Not an Intersection,None,1,On Roadway,2,Dark - Not Lighted,1,Clear,0,2,2:00am-2:59am,9,2,2:00am-2:59am,16,99,Unknown,Unknown EMS Hospital Arrival Time,1,1
2017,4,Arizona,40574,2,2,0,0,3,3,0,13,MARICOPA (13),NOT APPLICABLE,3,8,2017,5,Thursday,22,10:00pm-10:59pm,15,This section IS NOT on the NHS,3,State Highway,SR-101050E MCKELLIPS RD,SR-101 RAMP,2,Urban,3,Principal Arterial - Other,1,State Highway Agency,0,None,33.45132778,-111.89109167,Indian Reservation,12,Motor Vehicle In-Transport,6,Angle,1,Yes,2,Intersection,2,Four-Way Intersection,None,1,On Roadway,3,Dark - Lighted,10,Cloudy,0,99,Unknown,Unknown,99,Unknown EMS Scene Arrival Hour,Unknown EMS Scene Arrival Minutes,99,Unknown,Unknown EMS Hospital Arrival Time,1,0
2017,4,Arizona,40575,2,2,0,0,2,2,0,13,MARICOPA (13),NOT APPLICABLE,19,8,2017,7,Saturday,3,3:00am-3:59am,45,This section IS NOT on the NHS,4,County Road,CR-67TH AVE,,2,Urban,4,Minor Arterial,2,County Highway Agency,0,None,33.39908056,-112.2038,No Special Jurisdiction,12,Motor Vehicle In-Transport,2,Front-to-Front,0,No,1,Non-Junction,1,Not an Intersection,None,1,On Roadway,2,Dark - Not Lighted,1,Clear,0,3,3:00am-3:59am,45,3,3:00am-3:59am,50,99,Unknown,Unknown EMS Hospital Arrival Time,1,1
2017,4,Arizona,40576,1,1,0,0,1,1,0,11,GREENLEE (11),DUNCAN,24,4,2017,2,Monday,0,0:00am-0:59am,38,This section IS NOT on the NHS,2,U.S. Highway,US-70,,1,Rural,4,Minor Arterial,1,State Highway Agency,1158,1158,32.71993611,-109.10298611,No Special Jurisdiction,33,Curb,0,Not a Collision with Motor Vehicle In-Transport,0,No,1,Non-Junction,1,Not an Intersection,None,4,On Roadside,6,Dark - Unknown Lighting,99,Unknown,0,99,Unknown,Unknown,99,Unknown EMS Scene Arrival Hour,Unknown EMS Scene Arrival Minutes,88,Not Applicable (Not Transported),Not Applicable (Not Transported),1,1
2017,4,Arizona,40578,2,2,0,0,6,6,0,7,GILA (7),NOT APPLICABLE,1,9,2017,6,Friday,20,8:00pm-8:59pm,54,This section IS NOT on the NHS,3,State Highway,SR-87,,1,Rural,4,Minor Arterial,1,State Highway Agency,1385,1385,34.28423611,-111.33366944,No Special Jurisdiction,12,Motor Vehicle In-Transport,2,Front-to-Front,0,No,1,Non-Junction,1,Not an Intersection,None,1,On Roadway,2,Dark - Not Lighted,1,Clear,0,20,8:00pm-8:59pm,54,21,9:00pm-9:59pm,3,99,Unknown,Unknown EMS Hospital Arrival Time,1,0
2017,4,Arizona,40579,1,1,0,1,1,1,1,13,MARICOPA (13),MESA,2,9,2017,7,Saturday,18,6:00pm-6:59pm,58,This section IS NOT on the NHS,6,Local Street - Municipality,GILBERT RD,,2,Urban,3,Principal Arterial - Other,4,City or Municipal Highway Agency,0,None,33.42725833,-111.78814722,No Special Jurisdiction,8,Pedestrian,0,Not a Collision with Motor Vehicle In-Transport,0,No,1,Non-Junction,1,Not an Intersection,None,1,On Roadway,3,Dark - Lighted,1,Clear,0,99,Unknown,Unknown,99,Unknown EMS Scene Arrival Hour,Unknown EMS Scene Arrival Minutes,19,7:00pm-7:59pm,20,1,0
2017,4,Arizona,40580,1,1,0,0,1,1,0,13,MARICOPA (13),SCOTTSDALE,2,9,2017,7,Saturday,22,10:00pm-10:59pm,4,This section IS ON the NHS,3,State Highway,SR-101 RAMP,,2,Urban,2,Principal Arterial - Other Freeways and Expressways,1,State Highway Agency,389,389,33.59713611,-111.89211667,No Special Jurisdiction,33,Curb,0,Not a Collision with Motor Vehicle In-Transport,1,Yes,5,Entrance/Exit Ramp Related,1,Not an Intersection,None,8,Gore,1,Daylight,1,Clear,0,22,10:00pm-10:59pm,4,22,10:00pm-10:59pm,11,22,10:00pm-10:59pm,37,1,0
2017,4,Arizona,40581,1,1,0,1,1,1,1,25,YAVAPAI (25),NOT APPLICABLE,4,9,2017,2,Monday,18,6:00pm-6:59pm,34,This section IS ON the NHS,3,State Highway,SR-69,,2,Urban,3,Principal Arterial - Other,1,State Highway Agency,288,288,34.56818333,-112.37229167,No Special Jurisdiction,9,Pedalcyclist,0,Not a Collision with Motor Vehicle In-Transport,0,No,1,Non-Junction,1,Not an Intersection,None,2,On Shoulder,5,Dusk,10,Cloudy,0,18,6:00pm-6:59pm,34,18,6:00pm-6:59pm,40,88,Not Applicable (Not Transported),Not Applicable (Not Transported),1,0
2017,4,Arizona,40582,1,1,0,0,1,1,0,25,YAVAPAI (25),PRESCOTT,4,9,2017,2,Monday,20,8:00pm-8:59pm,19,This section IS NOT on the NHS,6,Local Street - Municipality,PRESCOTT LAKES PKWY,SUNDOG CONNECTOR RD,2,Urban,4,Minor Arterial,4,City or Municipal Highway Agency,0,None,34.56835,-112.42428611,No Special Jurisdiction,33,Curb,0,Not a Collision with Motor Vehicle In-Transport,0,No,3,Intersection-Related,6,Roundabout,None,4,On Roadside,3,Dark - Lighted,10,Cloudy,0,20,8:00pm-8:59pm,19,20,8:00pm-8:59pm,21,88,Not Applicable (Not Transported),Not Applicable (Not Transported),1,1
2017,4,Arizona,40583,2,2,0,0,3,3,0,5,COCONINO (5),NOT APPLICABLE,5,9,2017,3,Tuesday,11,11:00am-11:59am,4,This section IS ON the NHS,2,U.S. Highway,US-89,,1,Rural,3,Principal Arterial - Other,1,State Highway Agency,346,346,35.69133333,-111.50409444,No Special Jurisdiction,12,Motor Vehicle In-Transport,2,Front-to-Front,0,No,1,Non-Junction,1,Not an Intersection,None,1,On Roadway,1,Daylight,1,Clear,0,11,11:00am-11:59am,5,11,11:00am-11:59am,37,99,Unknown,Unknown EMS Hospital Arrival Time,1,0
2017,4,Arizona,40585,2,2,0,0,3,3,0,13,MARICOPA (13),BUCKEYE,7,9,2017,5,Thursday,16,4:00pm-4:59pm,28,This section IS ON the NHS,1,Interstate,I-10,,1,Rural,1,Interstate,1,State Highway Agency,1076,1076,33.44731944,-112.71266389,No Special Jurisdiction,1,Rollover/Overturn,0,Not a Collision with Motor Vehicle In-Transport,0,No,1,Non-Junction,1,Not an Intersection,None,3,On Median,1,Daylight,10,Cloudy,0,16,4:00pm-4:59pm,28,16,4:00pm-4:59pm,38,99,Unknown,Unknown EMS Hospital Arrival Time,1,0
2017,4,Arizona,40587,1,1,0,0,2,2,0,13,MARICOPA (13),PEORIA,10,9,2017,1,Sunday,1,1:00am-1:59am,49,This section IS ON the NHS,3,State Highway,SR-101,,2,Urban,2,Principal Arterial - Other Freeways and Expressways,1,State Highway Agency,86,86,33.57323056,-112.25743889,No Special Jurisdiction,42,Tree (Standing Only),0,Not a Collision with Motor Vehicle In-Transport,0,No,1,Non-Junction,1,Not an Intersection,None,4,On Roadside,3,Dark - Lighted,1,Clear,0,1,1:00am-1:59am,49,1,1:00am-1:59am,59,2,2:00am-2:59am,31,1,0
2017,4,Arizona,40588,1,1,0,0,1,1,0,19,PIMA (19),TUCSON,12,9,2017,3,Tuesday,3,3:00am-3:59am,13,This section IS NOT on the NHS,6,Local Street - Municipality,RIVER RD,,2,Urban,3,Principal Arterial - Other,4,City or Municipal Highway Agency,0,None,32.29346111,-110.95839444,No Special Jurisdiction,33,Curb,0,Not a Collision with Motor Vehicle In-Transport,0,No,1,Non-Junction,1,Not an Intersection,None,3,On Median,2,Dark - Not Lighted,1,Clear,0,3,3:00am-3:59am,13,3,3:00am-3:59am,19,88,Not Applicable (Not Transported),Not Applicable (Not Transported),1,1
2017,4,Arizona,40589,1,1,0,1,1,1,1,13,MARICOPA (13),GILBERT,12,9,2017,3,Tuesday,9,9:00am-9:59am,58,This section IS NOT on the NHS,6,Local Street - Municipality,ELLIOT RD,,2,Urban,4,Minor Arterial,98,Not Reported,0,None,33.34997222,-111.80293333,No Special Jurisdiction,9,Pedalcyclist,0,Not a Collision with Motor Vehicle In-Transport,0,No,1,Non-Junction,1,Not an Intersection,None,1,On Roadway,1,Daylight,1,Clear,0,10,10:00am-10:59am,0,10,10:00am-10:59am,5,10,10:00am-10:59am,22,1,0