AccidentYear,STATE,STATENAME,ST_CASE,VE_TOTAL,VE_FORMS,PVH_INVL,PEDS,PERSONS,PERMVIT,PERNOTMVIT,COUNTY,COUNTYNAME,CITYNAME,DAY,MONTH,YEAR,DAY_WEEK,DAY_WEEKNAME,HOUR,HOURNAME,MINUTENAME,NHSNAME,ROUTE,ROUTENAME,TWAY_ID,TWAY_ID2,RUR_URB,RUR_URBNAME,FUNC_SYS,FUNC_SYSNAME,RD_OWNER,RD_OWNERNAME,MILEPT,MILEPTNAME,LATITUDENAME,LONGITUDNAME,SP_JURNAME,HARM_EV,HARM_EVNAME,MAN_COLL,MAN_COLLNAME,RELJCT1,RELJCT1NAME,RELJCT2,RELJCT2NAME,TYP_INT,TYP_INTNAME,WRK_ZONENAME,REL_ROAD,REL_ROADNAME,LGT_COND,LGT_CONDNAME,WEATHER,WEATHERNAME,SCH_BUS,NOT_HOUR,NOT_HOURNAME,NOT_MINNAME,ARR_HOUR,ARR_HOURNAME,ARR_MINNAME,HOSP_HR,HOSP_HRNAME,HOSP_MNNAME,FATALS,DRUNK_DR
2017,4,Arizona,40685,2,2,0,0,5,5,0,13,MARICOPA (13),NOT APPLICABLE,12,10,2017,5,Thursday,19,7:00pm-7:59pm,16,This section IS ON the NHS,1,Interstate,I-10,,1,Rural,1,Interstate,1,State Highway Agency,1052,1052,33.45606111,-112.75293333,No Special Jurisdiction,12,Motor Vehicle In-Transport,1,Front-to-Rear,0,No,1,Non-Junction,1,Not an Intersection,None,1,On Roadway,2,Dark - Not Lighted,1,Clear,0,99,Unknown,Unknown,99,Unknown EMS Scene Arrival Hour,Unknown EMS Scene Arrival Minutes,99,Unknown,Unknown EMS Hospital Arrival Time,1,0
2017,4,Arizona,40686,1,1,0,1,1,1,1,25,YAVAPAI (25),PRESCOTT,13,10,2017,6,Friday,5,5:00am-5:59am,50,This section IS NOT on the NHS,6,Local Street - Municipality,WHIPPLE ST,RUTH ST,2,Urban,4,Minor Arterial,4,City or Municipal Highway Agency,0,None,34.55691667,-112.47699444,No Special Jurisdiction,8,Pedestrian,0,Not a Collision with Motor Vehicle In-Transport,0,No,3,Intersection-Related,2,Four-Way Intersection,None,1,On Roadway,2,Dark - Not Lighted,1,Clear,0,99,Unknown,Unknown,99,Unknown EMS Scene Arrival Hour,Unknown EMS Scene Arrival Minutes,99,Unknown,Unknown EMS Hospital Arrival Time,1,0
2017,4,Arizona,40687,2,2,0,0,2,2,0,5,COCONINO (5),NOT APPLICABLE,13,10,2017,6,Friday,7,7:00am-7:59am,51,This section IS ON the NHS,1,Interstate,I-17,,1,Rural,1,Interstate,1,State Highway Agency,1371,1371,35.06718889,-111.68402222,No Special Jurisdiction,12,Motor Vehicle In-Transport,6,Angle,0,No,1,Non-Junction,1,Not an Intersection,None,1,On Roadway,1,Daylight,1,Clear,0,7,7:00am-7:59am,51,8,8:00am-8:59am,6,99,Unknown,Unknown EMS Hospital Arrival Time,1,0
2017,4,Arizona,40688,1,1,0,0,2,2,0,7,GILA (7),NOT APPLICABLE,14,10,2017,7,Saturday,15,3:00pm-3:59pm,43,This section IS NOT on the NHS,2,U.S. Highway,US-70,,1,Rural,4,Minor Arterial,1,State Highway Agency,146,146,33.31882778,-110.53143056,Indian Reservation,32,Culvert,0,Not a Collision with Motor Vehicle In-Transport,0,No,1,Non-Junction,1,Not an Intersection,None,4,On Roadside,1,Daylight,1,Clear,0,15,3:00pm-3:59pm,43,15,3:00pm-3:59pm,53,88,Not Applicable (Not Transported),Not Applicable (Not Transported),2,0
2017,4,Arizona,40689,1,1,0,0,5,5,0,19,PIMA (19),TUCSON,15,10,2017,1,Sunday,5,5:00am-5:59am,14,This section IS NOT on the NHS,6,Local Street - Municipality,SPEEDWAY BLVD,,2,Urban,4,Minor Arterial,4,City or Municipal Highway Agency,0,None,32.23593333,-111.01268611,No Special Jurisdiction,35,Embankment,0,Not a Collision with Motor Vehicle In-Transport,0,No,1,Non-Junction,1,Not an Intersection,None,4,On Roadside,2,Dark - Not Lighted,1,Clear,0,99,Unknown,Unknown,99,Unknown EMS Scene Arrival Hour,Unknown EMS Scene Arrival Minutes,88,Not Applicable (Not Transported),Not Applicable (Not Transported),1,1
2017,4,Arizona,40690,1,1,0,1,3,3,1,1,APACHE (1),NOT APPLICABLE,15,10,2017,1,Sunday,12,12:00pm-12:59pm,21,This section IS NOT on the NHS,2,U.S. Highway,US-191,,1,Rural,5,Major Collector,1,State Highway Agency,4356,4356,36.02585,-109.606075,Indian Reservation,18,Other Object (not fixed),0,Not a Collision with Motor Vehicle In-Transport,0,No,1,Non-Junction,1,Not an Intersection,None,1,On Roadway,1,Daylight,1,Clear,0,12,12:00pm-12:59pm,21,12,12:00pm-12:59pm,45,88,Not Applicable (Not Transported),Not Applicable (Not Transported),1,0
2017,4,Arizona,40691,2,2,0,0,2,2,0,13,MARICOPA (13),PHOENIX,15,10,2017,1,Sunday,20,8:00pm-8:59pm,17,This section IS ON the NHS,1,Interstate,I-10,,2,Urban,1,Interstate,1,State Highway Agency,1405,1405,33.46228333,-112.15529722,No Special Jurisdiction,1,Rollover/Overturn,0,Not a Collision with Motor Vehicle In-Transport,1,Yes,18,Through Roadway,1,Not an Intersection,None,1,On Roadway,3,Dark - Lighted,1,Clear,0,20,8:00pm-8:59pm,17,20,8:00pm-8:59pm,29,20,8:00pm-8:59pm,42,1,1
2017,4,Arizona,40692,1,1,0,0,1,1,0,25,YAVAPAI (25),PRESCOTT,16,10,2017,2,Monday,8,8:00am-8:59am,45,This section IS NOT on the NHS,6,Local Street - Municipality,WILLIAMSON VALLEY RD,,2,Urban,4,Minor Arterial,4,City or Municipal Highway Agency,0,None,34.57976667,-112.50049722,No Special Jurisdiction,33,Curb,0,Not a Collision with Motor Vehicle In-Transport,0,No,1,Non-Junction,1,Not an Intersection,None,4,On Roadside,1,Daylight,1,Clear,0,8,8:00am-8:59am,45,8,8:00am-8:59am,50,9,9:00am-9:59am,14,1,0
2017,4,Arizona,40693,1,1,0,0,7,7,0,12,LA PAZ (12),NOT APPLICABLE,17,10,2017,3,Tuesday,6,6:00am-6:59am,37,This section IS ON the NHS,1,Interstate,I-10,,1,Rural,1,Interstate,1,State Highway Agency,684,684,33.57191667,-113.37401944,No Special Jurisdiction,1,Rollover/Overturn,0,Not a Collision with Motor Vehicle In-Transport,0,No,1,Non-Junction,1,Not an Intersection,None,4,On Roadside,4,Dawn,1,Clear,0,6,6:00am-6:59am,41,7,7:00am-7:59am,14,99,Unknown,Unknown EMS Hospital Arrival Time,1,0
2017,4,Arizona,40694,2,2,0,0,2,2,0,21,PINAL (21),COOLIDGE,18,10,2017,4,Wednesday,6,6:00am-6:59am,22,This section IS NOT on the NHS,3,State Highway,SR-87,BARTLETT RD,2,Urban,4,Minor Arterial,1,State Highway Agency,156,156,32.94443611,-111.51601111,No Special Jurisdiction,12,Motor Vehicle In-Transport,6,Angle,0,No,2,Intersection,2,Four-Way Intersection,None,1,On Roadway,4,Dawn,1,Clear,0,6,6:00am-6:59am,22,6,6:00am-6:59am,35,7,7:00am-7:59am,36,1,0
2017,4,Arizona,40695,3,3,0,0,3,3,0,13,MARICOPA (13),NOT APPLICABLE,18,10,2017,4,Wednesday,13,1:00pm-1:59pm,14,This section IS ON the NHS,3,State Highway,SR-347 MARICOPA RD,RIGGS RD,1,Rural,3,Principal Arterial - Other,1,State Highway Agency,246,246,33.22138889,-111.98827778,Indian Reservation,12,Motor Vehicle In-Transport,1,Front-to-Rear,0,No,3,Intersection-Related,2,Four-Way Intersection,None,1,On Roadway,1,Daylight,1,Clear,0,13,1:00pm-1:59pm,18,13,1:00pm-1:59pm,24,13,1:00pm-1:59pm,54,2,0
2017,4,Arizona,40696,1,1,0,1,1,1,1,13,MARICOPA (13),MESA,18,10,2017,4,Wednesday,20,8:00pm-8:59pm,42,This section IS NOT on the NHS,6,Local Street - Municipality,DOBSON RD,,2,Urban,3,Principal Arterial - Other,4,City or Municipal Highway Agency,0,None,33.40424444,-111.87457222,No Special Jurisdiction,8,Pedestrian,0,Not a Collision with Motor Vehicle In-Transport,0,No,1,Non-Junction,1,Not an Intersection,None,1,On Roadway,3,Dark - Lighted,1,Clear,0,99,Unknown,Unknown,99,Unknown EMS Scene Arrival Hour,Unknown EMS Scene Arrival Minutes,88,Not Applicable (Not Transported),Not Applicable (Not Transported),1,0
2017,4,Arizona,40698,1,1,0,0,7,7,0,13,MARICOPA (13),PHOENIX,20,10,2017,6,Friday,15,3:00pm-3:59pm,51,This section IS ON the NHS,1,Interstate,I-17,,2,Urban,1,Interstate,1,State Highway Agency,110,110,33.52733889,-112.11240278,No Special Jurisdiction,25,Concrete Traffic Barrier,0,Not a Collision with Motor Vehicle In-Transport,1,Yes,19,Other location within Interchange Area,1,Not an Intersection,None,3,On Median,1,Daylight,1,Clear,0,15,3:00pm-3:59pm,51,15,3:00pm-3:59pm,59,99,Unknown,Unknown EMS Hospital Arrival Time,1,0
2017,4,Arizona,40699,2,2,0,0,2,2,0,5,COCONINO (5),NOT APPLICABLE,21,10,2017,7,Saturday,7,7:00am-7:59am,59,This section IS ON the NHS,1,Interstate,I-40,,1,Rural,1,Interstate,1,State Highway Agency,2059,2059,35.20491667,-111.49568056,No Special Jurisdiction,12,Motor Vehicle In-Transport,1,Front-to-Rear,0,No,1,Non-Junction,1,Not an Intersection,None,1,On Roadway,2,Dark - Not Lighted,1,Clear,0,7,7:00am-7:59am,59,8,8:00am-8:59am,9,9,9:00am-9:59am,9,2,1
2017,4,Arizona,40700,5,5,0,0,12,12,0,13,MARICOPA (13),NOT APPLICABLE,21,10,2017,7,Saturday,21,9:00pm-9:59pm,10,This section IS ON the NHS,1,Interstate,I-10,,2,Urban,1,Interstate,1,State Highway Agency,1642,1642,33.26325833,-111.95440556,Indian Reservation,12,Motor Vehicle In-Transport,1,Front-to-Rear,0,No,1,Non-Junction,1,Not an Intersection,None,1,On Roadway,2,Dark - Not Lighted,1,Clear,0,21,9:00pm-9:59pm,11,21,9:00pm-9:59pm,20,21,9:00pm-9:59pm,48,2,2
2017,4,Arizona,40701,1,1,0,1,2,2,1,13,MARICOPA (13),PHOENIX,21,10,2017,7,Saturday,21,9:00pm-9:59pm,31,This section IS ON the NHS,6,Local Street - Municipality,7TH ST,,2,Urban,3,Principal Arterial - Other,4,City or Municipal Highway Agency,0,None,33.65412222,-112.06558056,No Special Jurisdiction,8,Pedestrian,0,Not a Collision with Motor Vehicle In-Transport,0,No,1,Non-Junction,1,Not an Intersection,None,1,On Roadway,3,Dark - Lighted,1,Clear,0,21,9:00pm-9:59pm,33,21,9:00pm-9:59pm,38,21,9:00pm-9:59pm,55,1,0
2017,4,Arizona,40702,2,2,0,0,2,2,0,19,PIMA (19),TUCSON,22,10,2017,1,Sunday,12,12:00pm-12:59pm,13,This section IS NOT on the NHS,6,Local Street - Municipality,STONE AVE,,2,Urban,4,Minor Arterial,4,City or Municipal Highway Agency,0,None,32.25706667,-110.97199444,No Special Jurisdiction,12,Motor Vehicle In-Transport,6,Angle,0,No,8,Driveway Access Related,1,Not an Intersection,None,1,On Roadway,1,Daylight,1,Clear,0,12,12:00pm-12:59pm,13,12,12:00pm-12:59pm,17,88,Not Applicable (Not Transported),Not Applicable (Not Transported),1,1
2017,4,Arizona,40703,1,1,0,1,1,1,1,19,PIMA (19),NOT APPLICABLE,22,10,2017,1,Sunday,23,11:00pm-11:59pm,4,This section IS ON the NHS,3,State Highway,SR-77 ORACLE RD,,2,Urban,3,Principal Arterial - Other,1,State Highway Agency,49,49,32.31111389,-110.97848889,No Special Jurisdiction,8,Pedestrian,0,Not a Collision with Motor Vehicle In-Transport,0,No,1,Non-Junction,1,Not an Intersection,None,1,On Roadway,2,Dark - Not Lighted,1,Clear,0,23,11:00pm-11:59pm,5,23,11:00pm-11:59pm,11,23,11:00pm-11:59pm,52,1,0
2017,4,Arizona,40704,2,2,0,0,4,4,0,13,MARICOPA (13),MESA,23,10,2017,2,Monday,12,12:00pm-12:59pm,17,This section IS NOT on the NHS,6,Local Street - Municipality,BASELINE RD,SOSSAMAN RD,2,Urban,3,Principal Arterial - Other,4,City or Municipal Highway Agency,0,None,33.37927778,-111.66753333,No Special Jurisdiction,12,Motor Vehicle In-Transport,6,Angle,0,No,2,Intersection,2,Four-Way Intersection,None,1,On Roadway,1,Daylight,1,Clear,0,12,12:00pm-12:59pm,17,12,12:00pm-12:59pm,22,12,12:00pm-12:59pm,41,2,0
2017,4,Arizona,40705,1,1,0,0,1,1,0,7,GILA (7),NOT APPLICABLE,23,10,2017,2,Monday,21,9:00pm-9:59pm,4,This section IS ON the NHS,3,State Highway,SR-260,,1,Rural,3,Principal Arterial - Other,1,State Highway Agency,965,965,34.29841389,-110.96297222,No Special Jurisdiction,52,Guardrail End,0,Not a Collision with Motor Vehicle In-Transport,0,No,1,Non-Junction,1,Not an Intersection,None,4,On Roadside,2,Dark - Not Lighted,6,Severe Crosswinds,0,21,9:00pm-9:59pm,4,21,9:00pm-9:59pm,10,88,Not Applicable (Not Transported),Not Applicable (Not Transported),1,0
2017,4,Arizona,40706,2,2,0,0,3,3,0,13,MARICOPA (13),NOT APPLICABLE,24,10,2017,3,Tuesday,2,2:00am-2:59am,51,This section IS ON the NHS,1,Interstate,I-10,,1,Rural,1,Interstate,1,State Highway Agency,1042,1042,33.45982222,-112.76969167,No Special Jurisdiction,12,Motor Vehicle In-Transport,1,Front-to-Rear,0,No,1,Non-Junction,1,Not an Intersection,None,1,On Roadway,2,Dark - Not Lighted,1,Clear,0,2,2:00am-2:59am,52,3,3:00am-3:59am,11,99,Unknown,Unknown EMS Hospital Arrival Time,1,0
2017,4,Arizona,40709,1,1,0,0,1,1,0,13,MARICOPA (13),SCOTTSDALE,28,10,2017,7,Saturday,8,8:00am-8:59am,11,This section IS NOT on the NHS,8,Other,PIMA RD,,2,Urban,3,Principal Arterial - Other,62,Bureau of Indian Affairs,0,None,33.56233056,-111.89134444,Indian Reservation,40,Fire Hydrant,0,Not a Collision with Motor Vehicle In-Transport,0,No,1,Non-Junction,1,Not an Intersection,None,4,On Roadside,1,Daylight,1,Clear,0,8,8:00am-8:59am,10,8,8:00am-8:59am,16,8,8:00am-8:59am,35,1,0
2017,4,Arizona,40710,2,2,0,0,6,6,0,13,MARICOPA (13),MESA,28,10,2017,7,Saturday,13,1:00pm-1:59pm,50,This section IS NOT on the NHS,6,Local Street - Municipality,ELLSWORTH RD,,2,Urban,4,Minor Arterial,4,City or Municipal Highway Agency,0,None,33.29321111,-111.63501389,No Special Jurisdiction,33,Curb,0,Not a Collision with Motor Vehicle In-Transport,0,No,1,Non-Junction,1,Not an Intersection,None,3,On Median,1,Daylight,1,Clear,0,13,1:00pm-1:59pm,50,13,1:00pm-1:59pm,56,14,2:00pm-2:59pm,29,1,0
2017,4,Arizona,40711,1,1,0,0,1,1,0,13,MARICOPA (13),PEORIA,28,10,2017,7,Saturday,23,11:00pm-11:59pm,5,This section IS ON the NHS,3,State Highway,SR-101,,2,Urban,2,Principal Arterial - Other Freeways and Expressways,1,State Highway Agency,120,120,33.61422778,-112.24016389,No Special Jurisdiction,42,Tree (Standing Only),0,Not a Collision with Motor Vehicle In-Transport,1,Yes,19,Other location within Interchange Area,1,Not an Intersection,None,4,On Roadside,3,Dark - Lighted,1,Clear,0,23,11:00pm-11:59pm,7,23,11:00pm-11:59pm,10,23,11:00pm-11:59pm,36,1,1
2017,4,Arizona,40712,1,1,0,0,1,1,0,7,GILA (7),NOT APPLICABLE,29,10,2017,1,Sunday,13,1:00pm-1:59pm,51,This section IS ON the NHS,3,State Highway,SR-87,,1,Rural,3,Principal Arterial - Other,1,State Highway Agency,1145,1145,33.98603889,-111.38313889,No Special Jurisdiction,24,Guardrail Face,0,Not a Collision with Motor Vehicle In-Transport,0,No,1,Non-Junction,1,Not an Intersection,None,3,On Median,1,Daylight,1,Clear,0,13,1:00pm-1:59pm,53,14,2:00pm-2:59pm,15,88,Not Applicable (Not Transported),Not Applicable (Not Transported),1,0
2017,4,Arizona,40715,11,10,1,0,11,10,1,13,MARICOPA (13),SCOTTSDALE,30,10,2017,2,Monday,6,6:00am-6:59am,13,This section IS ON the NHS,3,State Highway,SR-101,,2,Urban,2,Principal Arterial - Other Freeways and Expressways,1,State Highway Agency,406,406,33.56914722,-111.89077778,No Special Jurisdiction,14,Parked Motor Vehicle,0,Not a Collision with Motor Vehicle In-Transport,1,Yes,19,Other location within Interchange Area,1,Not an Intersection,None,2,On Shoulder,3,Dark - Lighted,1,Clear,0,6,6:00am-6:59am,13,6,6:00am-6:59am,23,88,Not Applicable (Not Transported),Not Applicable (Not Transported),1,0
2017,4,Arizona,40716,3,3,0,0,7,7,0,19,PIMA (19),TUCSON,7,10,2017,7,Saturday,12,12:00pm-12:59pm,53,This section IS NOT on the NHS,6,Local Street - Municipality,MIDVALE PARK RD,OAK TREE DR,2,Urban,4,Minor Arterial,4,City or Municipal Highway Agency,0,None,32.15531944,-110.999025,No Special Jurisdiction,12,Motor Vehicle In-Transport,6,Angle,0,No,2,Intersection,2,Four-Way Intersection,None,1,On Roadway,1,Daylight,1,Clear,0,12,12:00pm-12:59pm,53,12,12:00pm-12:59pm,59,13,1:00pm-1:59pm,41,1,0
2017,4,Arizona,40717,1,1,0,0,2,2,0,9,GRAHAM (9),NOT APPLICABLE,27,8,2017,1,Sunday,22,10:00pm-10:59pm,31,This section IS NOT on the NHS,5,Local Street - Township,ARTESIA RANCH RD,,1,Rural,7,Local,98,Not Reported,0,None,32.67040556,-109.60197778,No Special Jurisdiction,34,Ditch,0,Not a Collision with Motor Vehicle In-Transport,0,No,1,Non-Junction,1,Not an Intersection,None,1,On Roadway,2,Dark - Not Lighted,1,Clear,0,22,10:00pm-10:59pm,31,23,11:00pm-11:59pm,12,88,Not Applicable (Not Transported),Not Applicable (Not Transported),1,1
2017,4,Arizona,40718,1,1,0,1,1,1,1,13,MARICOPA (13),MESA,30,9,2017,7,Saturday,18,6:00pm-6:59pm,42,This section IS NOT on the NHS,6,Local Street - Municipality,MCKELLIPS RD,,2,Urban,3,Principal Arterial - Other,4,City or Municipal Highway Agency,0,None,33.45143056,-111.829975,No Special Jurisdiction,8,Pedestrian,0,Not a Collision with Motor Vehicle In-Transport,0,No,1,Non-Junction,1,Not an Intersection,None,1,On Roadway,3,Dark - Lighted,1,Clear,0,99,Unknown,Unknown,99,Unknown EMS Scene Arrival Hour,Unknown EMS Scene Arrival Minutes,99,Unknown,Unknown EMS Hospital Arrival Time,1,0
2017,4,Arizona,40719,1,1,0,2,1,1,2,19,PIMA (19),TUCSON,11,10,2017,4,Wednesday,7,7:00am-7:59am,36,This section IS NOT on the NHS,6,Local Street - Municipality,PIMA ST,MOUNTAIN VIEW AVE,2,Urban,4,Minor Arterial,4,City or Municipal Highway Agency,0,None,32.24338611,-110.89052778,No Special Jurisdiction,8,Pedestrian,0,Not a Collision with Motor Vehicle In-Transport,0,No,2,Intersection,2,Four-Way Intersection,None,1,On Roadway,1,Daylight,1,Clear,0,7,7:00am-7:59am,36,7,7:00am-7:59am,39,7,7:00am-7:59am,57,2,0
2017,4,Arizona,40720,1,1,0,0,1,1,0,19,PIMA (19),TUCSON,11,10,2017,4,Wednesday,20,8:00pm-8:59pm,45,This section IS NOT on the NHS,6,Local Street - Municipality,WILMOT RD,,2,Urban,5,Major Collector,1,State Highway Agency,0,None,32.11462222,-110.85794722,No Special Jurisdiction,21,Bridge Pier or Support,0,Not a Collision with Motor Vehicle In-Transport,1,Yes,19,Other location within Interchange Area,1,Not an Intersection,None,4,On Roadside,2,Dark - Not Lighted,1,Clear,0,99,Unknown,Unknown,99,Unknown EMS Scene Arrival Hour,Unknown EMS Scene Arrival Minutes,88,Not Applicable (Not Transported),Not Applicable (Not Transported),1,1
2017,4,Arizona,40721,2,2,0,0,3,3,0,21,PINAL (21),FLORENCE,14,10,2017,7,Saturday,13,1:00pm-1:59pm,52,This section IS NOT on the NHS,3,State Highway,SR-79 PINAL PKWY,,2,Urban,3,Principal Arterial - Other,1,State Highway Agency,428,428,33.03656389,-111.37917222,No Special Jurisdiction,12,Motor Vehicle In-Transport,6,Angle,0,No,8,Driveway Access Related,1,Not an Intersection,None,1,On Roadway,1,Daylight,1,Clear,0,13,1:00pm-1:59pm,52,13,1:00pm-1:59pm,59,15,3:00pm-3:59pm,19,1,1
2017,4,Arizona,40722,2,2,0,0,3,3,0,21,PINAL (21),COOLIDGE,25,10,2017,4,Wednesday,18,6:00pm-6:59pm,30,This section IS NOT on the NHS,6,Local Street - Municipality,VAH KI INN RD,,2,Urban,5,Major Collector,4,City or Municipal Highway Agency,0,None,32.98770833,-111.55044722,No Special Jurisdiction,12,Motor Vehicle In-Transport,2,Front-to-Front,0,No,1,Non-Junction,1,Not an Intersection,None,2,On Shoulder,2,Dark - Not Lighted,1,Clear,0,18,6:00pm-6:59pm,32,18,6:00pm-6:59pm,37,19,7:00pm-7:59pm,1,1,0
2017,4,Arizona,40723,1,1,0,0,1,1,0,13,MARICOPA (13),NOT APPLICABLE,9,8,2017,4,Wednesday,21,9:00pm-9:59pm,49,This section IS NOT on the NHS,4,County Road,CR-BUSH HWY,,1,Rural,5,Major Collector,2,County Highway Agency,0,None,33.54903056,-111.58842222,No Special Jurisdiction,24,Guardrail Face,0,Not a Collision with Motor Vehicle In-Transport,0,No,1,Non-Junction,1,Not an Intersection,None,4,On Roadside,2,Dark - Not Lighted,1,Clear,0,21,9:00pm-9:59pm,50,22,10:00pm-10:59pm,11,88,Not Applicable (Not Transported),Not Applicable (Not Transported),1,0
2017,4,Arizona,40724,1,1,0,0,2,2,0,19,PIMA (19),NOT APPLICABLE,29,8,2017,3,Tuesday,20,8:00pm-8:59pm,19,This section IS NOT on the NHS,4,County Road,CR-SNYDER RD,BOWES RD,2,Urban,4,Minor Arterial,2,County Highway Agency,0,None,32.29491111,-110.78948611,No Special Jurisdiction,5,Fell/Jumped from Vehicle,0,Not a Collision with Motor Vehicle In-Transport,0,No,3,Intersection-Related,2,Four-Way Intersection,None,1,On Roadway,6,Dark - Unknown Lighting,99,Unknown,0,99,Unknown,Unknown,99,Unknown EMS Scene Arrival Hour,Unknown EMS Scene Arrival Minutes,99,Unknown,Unknown EMS Hospital Arrival Time,1,0
2017,4,Arizona,40725,2,2,0,0,7,7,0,21,PINAL (21),NOT APPLICABLE,16,9,2017,7,Saturday,20,8:00pm-8:59pm,18,This section IS NOT on the NHS,4,County Road,CR-HUNT HWT,CR-VILLAGE LN,2,Urban,4,Minor Arterial,2,County Highway Agency,0,None,33.18466389,-111.59166111,No Special Jurisdiction,12,Motor Vehicle In-Transport,6,Angle,0,No,2,Intersection,2,Four-Way Intersection,None,1,On Roadway,3,Dark - Lighted,1,Clear,0,20,8:00pm-8:59pm,18,20,8:00pm-8:59pm,27,99,Unknown,Unknown EMS Hospital Arrival Time,1,0
2017,4,Arizona,40727,1,1,0,0,3,3,0,17,NAVAJO (17),NOT APPLICABLE,15,10,2017,1,Sunday,15,3:00pm-3:59pm,58,This section IS NOT on the NHS,8,Other,FOREST ROAD 139,,1,Rural,7,Local,98,Not Reported,0,None,34.3078,-110.33265278,No Special Jurisdiction,34,Ditch,0,Not a Collision with Motor Vehicle In-Transport,0,No,1,Non-Junction,1,Not an Intersection,None,4,On Roadside,1,Daylight,1,Clear,0,16,4:00pm-4:59pm,2,16,4:00pm-4:59pm,15,99,Unknown,Unknown EMS Hospital Arrival Time,1,1
2017,4,Arizona,40728,1,1,0,0,2,2,0,23,SANTA CRUZ (23),NOT APPLICABLE,18,10,2017,4,Wednesday,1,1:00am-1:59am,11,This section IS ON the NHS,1,Interstate,I-19,,2,Urban,1,Interstate,1,State Highway Agency,112,112,31.46801944,-110.99643056,No Special Jurisdiction,1,Rollover/Overturn,0,Not a Collision with Motor Vehicle In-Transport,0,No,1,Non-Junction,1,Not an Intersection,None,4,On Roadside,2,Dark - Not Lighted,1,Clear,0,1,1:00am-1:59am,9,1,1:00am-1:59am,15,99,Unknown,Unknown EMS Hospital Arrival Time,1,0
2017,4,Arizona,40729,2,2,0,1,3,3,1,21,PINAL (21),NOT APPLICABLE,24,10,2017,3,Tuesday,20,8:00pm-8:59pm,26,This section IS ON the NHS,1,Interstate,I-10,,1,Rural,1,Interstate,1,State Highway Agency,2196,2196,32.65208889,-111.40041667,No Special Jurisdiction,8,Pedestrian,0,Not a Collision with Motor Vehicle In-Transport,0,No,1,Non-Junction,1,Not an Intersection,None,1,On Roadway,2,Dark - Not Lighted,1,Clear,0,20,8:00pm-8:59pm,26,20,8:00pm-8:59pm,30,88,Not Applicable (Not Transported),Not Applicable (Not Transported),1,0
2017,4,Arizona,40731,1,1,0,1,1,1,1,13,MARICOPA (13),PHOENIX,17,9,2017,1,Sunday,18,6:00pm-6:59pm,58,This section IS NOT on the NHS,6,Local Street - Municipality,83RD AVE,AVALON DR,2,Urban,4,Minor Arterial,4,City or Municipal Highway Agency,0,None,33.48218333,-112.23778611,No Special Jurisdiction,8,Pedestrian,0,Not a Collision with Motor Vehicle In-Transport,0,No,3,Intersection-Related,3,T-Intersection,None,1,On Roadway,3,Dark - Lighted,1,Clear,0,99,Unknown,Unknown,99,Unknown EMS Scene Arrival Hour,Unknown EMS Scene Arrival Minutes,99,Unknown,Unknown EMS Hospital Arrival Time,1,0
2017,4,Arizona,40732,1,1,0,1,1,1,1,13,MARICOPA (13),PHOENIX,28,9,2017,5,Thursday,19,7:00pm-7:59pm,36,This section IS NOT on the NHS,6,Local Street - Municipality,THOMAS RD,29TH ST,2,Urban,3,Principal Arterial - Other,4,City or Municipal Highway Agency,0,None,33.480425,-112.01938889,No Special Jurisdiction,15,Non-Motorist on Personal Conveyance,0,Not a Collision with Motor Vehicle In-Transport,0,No,2,Intersection,2,Four-Way Intersection,None,1,On Roadway,2,Dark - Not Lighted,1,Clear,0,99,Unknown,Unknown,99,Unknown EMS Scene Arrival Hour,Unknown EMS Scene Arrival Minutes,99,Unknown,Unknown EMS Hospital Arrival Time,1,0
2017,4,Arizona,40733,1,1,0,2,1,1,2,13,MARICOPA (13),PHOENIX,5,9,2017,3,Tuesday,19,7:00pm-7:59pm,11,This section IS NOT on the NHS,6,Local Street - Municipality,MCDOWELL RD,,2,Urban,4,Minor Arterial,4,City or Municipal Highway Agency,0,None,33.465975,-112.14846667,No Special Jurisdiction,8,Pedestrian,0,Not a Collision with Motor Vehicle In-Transport,0,No,1,Non-Junction,1,Not an Intersection,None,1,On Roadway,3,Dark - Lighted,1,Clear,0,99,Unknown,Unknown,99,Unknown EMS Scene Arrival Hour,Unknown EMS Scene Arrival Minutes,99,Unknown,Unknown EMS Hospital Arrival Time,1,0
2017,4,Arizona,40734,1,1,0,1,1,1,1,13,MARICOPA (13),PHOENIX,12,10,2017,5,Thursday,2,2:00am-2:59am,31,This section IS NOT on the NHS,6,Local Street - Municipality,CAMELBACK RD,,2,Urban,4,Minor Arterial,4,City or Municipal Highway Agency,0,None,33.50829722,-112.27610278,No Special Jurisdiction,8,Pedestrian,0,Not a Collision with Motor Vehicle In-Transport,0,No,1,Non-Junction,1,Not an Intersection,None,11,Continuous Left - Turn Lane,3,Dark - Lighted,1,Clear,0,2,2:00am-2:59am,33,2,2:00am-2:59am,37,2,2:00am-2:59am,56,1,1