AccidentYear,STATE,STATENAME,ST_CASE,VE_TOTAL,VE_FORMS,PVH_INVL,PEDS,PERSONS,PERMVIT,PERNOTMVIT,COUNTY,COUNTYNAME,CITYNAME,DAY,MONTH,YEAR,DAY_WEEK,DAY_WEEKNAME,HOUR,HOURNAME,MINUTENAME,NHSNAME,ROUTE,ROUTENAME,TWAY_ID,TWAY_ID2,RUR_URB,RUR_URBNAME,FUNC_SYS,FUNC_SYSNAME,RD_OWNER,RD_OWNERNAME,MILEPT,MILEPTNAME,LATITUDENAME,LONGITUDNAME,SP_JURNAME,HARM_EV,HARM_EVNAME,MAN_COLL,MAN_COLLNAME,RELJCT1,RELJCT1NAME,RELJCT2,RELJCT2NAME,TYP_INT,TYP_INTNAME,WRK_ZONENAME,REL_ROAD,REL_ROADNAME,LGT_COND,LGT_CONDNAME,WEATHER,WEATHERNAME,SCH_BUS,NOT_HOUR,NOT_HOURNAME,NOT_MINNAME,ARR_HOUR,ARR_HOURNAME,ARR_MINNAME,HOSP_HR,HOSP_HRNAME,HOSP_MNNAME,FATALS,DRUNK_DR
2017,4,Arizona,40833,1,1,0,1,1,1,1,13,MARICOPA (13),PHOENIX,22,12,2017,6,Friday,19,7:00pm-7:59pm,36,This section IS NOT on the NHS,6,Local Street - Municipality,MCDOWELL RD,,2,Urban,4,Minor Arterial,4,City or Municipal Highway Agency,0,None,33.465725,-112.05681667,No Special Jurisdiction,8,Pedestrian,0,Not a Collision with Motor Vehicle In-Transport,0,No,1,Non-Junction,1,Not an Intersection,None,1,On Roadway,3,Dark - Lighted,1,Clear,0,19,7:00pm-7:59pm,38,19,7:00pm-7:59pm,42,19,7:00pm-7:59pm,52,1,0
2017,4,Arizona,40834,2,2,0,0,2,2,0,7,GILA (7),NOT APPLICABLE,23,12,2017,7,Saturday,15,3:00pm-3:59pm,37,This section IS NOT on the NHS,2,U.S. Highway,US-70,,1,Rural,4,Minor Arterial,1,State Highway Agency,141,141,33.32144167,-110.53974722,Indian Reservation,12,Motor Vehicle In-Transport,1,Front-to-Rear,0,No,1,Non-Junction,1,Not an Intersection,None,1,On Roadway,1,Daylight,1,Clear,0,15,3:00pm-3:59pm,37,15,3:00pm-3:59pm,50,88,Not Applicable (Not Transported),Not Applicable (Not Transported),1,0
2017,4,Arizona,40835,1,1,0,1,2,2,1,19,PIMA (19),TUCSON,23,12,2017,7,Saturday,18,6:00pm-6:59pm,32,This section IS NOT on the NHS,6,Local Street - Municipality,12TH AVE,CANADA ST,2,Urban,4,Minor Arterial,4,City or Municipal Highway Agency,0,None,32.15236389,-110.97755,No Special Jurisdiction,8,Pedestrian,0,Not a Collision with Motor Vehicle In-Transport,0,No,3,Intersection-Related,3,T-Intersection,None,1,On Roadway,3,Dark - Lighted,1,Clear,0,18,6:00pm-6:59pm,32,18,6:00pm-6:59pm,36,19,7:00pm-7:59pm,7,1,0
2017,4,Arizona,40837,2,2,0,0,6,6,0,13,MARICOPA (13),NOT APPLICABLE,26,12,2017,3,Tuesday,12,12:00pm-12:59pm,14,This section IS ON the NHS,1,Interstate,I-10,,2,Urban,1,Interstate,1,State Highway Agency,1673,1673,33.22551667,-111.92481111,Indian Reservation,12,Motor Vehicle In-Transport,1,Front-to-Rear,0,No,1,Non-Junction,1,Not an Intersection,None,1,On Roadway,1,Daylight,10,Cloudy,0,12,12:00pm-12:59pm,17,12,12:00pm-12:59pm,30,12,12:00pm-12:59pm,59,1,0
2017,4,Arizona,40838,1,1,0,0,1,1,0,17,NAVAJO (17),NOT APPLICABLE,26,12,2017,3,Tuesday,12,12:00pm-12:59pm,59,This section IS ON the NHS,3,State Highway,SR-260,,1,Rural,3,Principal Arterial - Other,1,State Highway Agency,1410,1410,34.35526111,-110.31657222,No Special Jurisdiction,38,Fence,0,Not a Collision with Motor Vehicle In-Transport,0,No,1,Non-Junction,1,Not an Intersection,None,4,On Roadside,1,Daylight,1,Clear,0,13,1:00pm-1:59pm,0,13,1:00pm-1:59pm,13,88,Not Applicable (Not Transported),Not Applicable (Not Transported),1,0
2017,4,Arizona,40839,1,1,0,1,1,1,1,21,PINAL (21),NOT APPLICABLE,28,12,2017,5,Thursday,7,7:00am-7:59am,13,This section IS NOT on the NHS,4,County Road,CR-HUNT HWY,,2,Urban,4,Minor Arterial,2,County Highway Agency,0,None,33.14753333,-111.55100833,No Special Jurisdiction,8,Pedestrian,0,Not a Collision with Motor Vehicle In-Transport,0,No,1,Non-Junction,1,Not an Intersection,None,99,Unknown,2,Dark - Not Lighted,1,Clear,0,99,Unknown,Unknown,99,Unknown EMS Scene Arrival Hour,Unknown EMS Scene Arrival Minutes,88,Not Applicable (Not Transported),Not Applicable (Not Transported),1,0
2017,4,Arizona,40840,3,3,0,0,10,10,0,5,COCONINO (5),NOT APPLICABLE,28,12,2017,5,Thursday,19,7:00pm-7:59pm,38,This section IS ON the NHS,3,State Highway,SR-64,TALL TREE ST,1,Rural,3,Principal Arterial - Other,1,State Highway Agency,58,58,35.33971667,-112.16286944,No Special Jurisdiction,12,Motor Vehicle In-Transport,2,Front-to-Front,0,No,3,Intersection-Related,3,T-Intersection,None,1,On Roadway,2,Dark - Not Lighted,1,Clear,0,19,7:00pm-7:59pm,39,19,7:00pm-7:59pm,48,21,9:00pm-9:59pm,3,1,0
2017,4,Arizona,40841,1,1,0,0,2,2,0,13,MARICOPA (13),PHOENIX,29,12,2017,6,Friday,8,8:00am-8:59am,38,This section IS NOT on the NHS,6,Local Street - Municipality,DUNLAP AVE,,2,Urban,7,Local,98,Not Reported,0,None,33.56772222,-112.06122778,No Special Jurisdiction,33,Curb,0,Not a Collision with Motor Vehicle In-Transport,0,No,1,Non-Junction,1,Not an Intersection,None,4,On Roadside,1,Daylight,10,Cloudy,0,8,8:00am-8:59am,39,8,8:00am-8:59am,43,8,8:00am-8:59am,58,1,0
2017,4,Arizona,40842,1,1,0,0,1,1,0,19,PIMA (19),NOT APPLICABLE,30,12,2017,7,Saturday,0,0:00am-0:59am,22,This section IS ON the NHS,1,Interstate,I-19,,2,Urban,1,Interstate,1,State Highway Agency,494,494,31.99351667,-110.99191389,No Special Jurisdiction,1,Rollover/Overturn,0,Not a Collision with Motor Vehicle In-Transport,0,No,1,Non-Junction,1,Not an Intersection,None,3,On Median,2,Dark - Not Lighted,1,Clear,0,0,0:00am-0:59am,24,0,0:00am-0:59am,43,1,1:00am-1:59am,30,1,1
2017,4,Arizona,40844,1,1,0,1,1,1,1,7,GILA (7),NOT APPLICABLE,31,12,2017,1,Sunday,6,6:00am-6:59am,30,This section IS ON the NHS,3,State Highway,SR-87,,1,Rural,3,Principal Arterial - Other,1,State Highway Agency,1323,1323,34.20241111,-111.33099444,No Special Jurisdiction,8,Pedestrian,0,Not a Collision with Motor Vehicle In-Transport,0,No,1,Non-Junction,1,Not an Intersection,None,1,On Roadway,2,Dark - Not Lighted,1,Clear,0,6,6:00am-6:59am,30,6,6:00am-6:59am,38,99,Unknown,Unknown EMS Hospital Arrival Time,1,0
2017,4,Arizona,40845,2,2,0,0,2,2,0,1,APACHE (1),NOT APPLICABLE,31,12,2017,1,Sunday,17,5:00pm-5:59pm,7,This section IS NOT on the NHS,2,U.S. Highway,US-191,BIA 102,1,Rural,5,Major Collector,1,State Highway Agency,4454,4454,36.14769722,-109.59518889,Indian Reservation,12,Motor Vehicle In-Transport,6,Angle,0,No,3,Intersection-Related,3,T-Intersection,None,1,On Roadway,5,Dusk,1,Clear,0,17,5:00pm-5:59pm,23,17,5:00pm-5:59pm,25,99,Unknown,Unknown EMS Hospital Arrival Time,1,0
2017,4,Arizona,40846,2,2,0,2,1,1,2,13,MARICOPA (13),AVONDALE,31,10,2017,3,Tuesday,2,2:00am-2:59am,23,This section IS NOT on the NHS,6,Local Street - Municipality,MCDOWELL RD,,2,Urban,4,Minor Arterial,4,City or Municipal Highway Agency,0,None,33.46410278,-112.30986111,No Special Jurisdiction,8,Pedestrian,0,Not a Collision with Motor Vehicle In-Transport,0,No,1,Non-Junction,1,Not an Intersection,None,1,On Roadway,2,Dark - Not Lighted,1,Clear,0,2,2:00am-2:59am,24,2,2:00am-2:59am,29,2,2:00am-2:59am,41,1,0
2017,4,Arizona,40847,1,1,0,1,2,2,1,17,NAVAJO (17),NOT APPLICABLE,31,10,2017,3,Tuesday,16,4:00pm-4:59pm,10,This section IS NOT on the NHS,8,Other,BIA 59,,1,Rural,5,Major Collector,62,Bureau of Indian Affairs,0,None,Unknown,Unknown,Indian Reservation,8,Pedestrian,0,Not a Collision with Motor Vehicle In-Transport,0,No,1,Non-Junction,1,Not an Intersection,None,1,On Roadway,1,Daylight,98,Not Reported,1,99,Unknown,Unknown,99,Unknown EMS Scene Arrival Hour,Unknown EMS Scene Arrival Minutes,99,Unknown,Unknown EMS Hospital Arrival Time,1,1
2017,4,Arizona,40850,2,2,0,0,3,3,0,13,MARICOPA (13),TEMPE,20,11,2017,2,Monday,18,6:00pm-6:59pm,44,This section IS NOT on the NHS,6,Local Street - Municipality,23RD ST,HARDY DR,2,Urban,7,Local,98,Not Reported,0,None,33.40373056,-111.95258611,No Special Jurisdiction,12,Motor Vehicle In-Transport,1,Front-to-Rear,0,No,3,Intersection-Related,3,T-Intersection,None,1,On Roadway,3,Dark - Lighted,1,Clear,0,18,6:00pm-6:59pm,45,18,6:00pm-6:59pm,48,88,Not Applicable (Not Transported),Not Applicable (Not Transported),1,0
2017,4,Arizona,40851,1,1,0,1,1,1,1,13,MARICOPA (13),PHOENIX,1,11,2017,4,Wednesday,18,6:00pm-6:59pm,30,This section IS ON the NHS,6,Local Street - Municipality,7TH ST,JONES ST,2,Urban,3,Principal Arterial - Other,4,City or Municipal Highway Agency,0,None,33.41057778,-112.06457222,No Special Jurisdiction,8,Pedestrian,0,Not a Collision with Motor Vehicle In-Transport,0,No,3,Intersection-Related,3,T-Intersection,None,1,On Roadway,3,Dark - Lighted,1,Clear,0,18,6:00pm-6:59pm,31,18,6:00pm-6:59pm,33,88,Not Applicable (Not Transported),Not Applicable (Not Transported),1,1
2017,4,Arizona,40852,1,1,0,1,1,1,1,13,MARICOPA (13),PHOENIX,2,11,2017,5,Thursday,4,4:00am-4:59am,37,This section IS NOT on the NHS,6,Local Street - Municipality,LAKEWOOD PKWY,AMBERWOOD DR,2,Urban,7,Local,98,Not Reported,0,None,33.29934722,-112.000075,No Special Jurisdiction,33,Curb,0,Not a Collision with Motor Vehicle In-Transport,0,No,3,Intersection-Related,3,T-Intersection,None,4,On Roadside,2,Dark - Not Lighted,1,Clear,0,4,4:00am-4:59am,38,4,4:00am-4:59am,44,5,5:00am-5:59am,8,1,1
2017,4,Arizona,40853,2,2,0,0,5,5,0,13,MARICOPA (13),PHOENIX,2,11,2017,5,Thursday,14,2:00pm-2:59pm,50,This section IS ON the NHS,6,Local Street - Municipality,CAVE CREEK RD,TATUM BLVD,2,Urban,3,Principal Arterial - Other,4,City or Municipal Highway Agency,0,None,33.75568333,-111.99055,No Special Jurisdiction,12,Motor Vehicle In-Transport,6,Angle,0,No,2,Intersection,2,Four-Way Intersection,None,1,On Roadway,1,Daylight,1,Clear,0,14,2:00pm-2:59pm,51,14,2:00pm-2:59pm,55,15,3:00pm-3:59pm,24,1,1
2017,4,Arizona,40854,1,1,0,2,2,2,2,13,MARICOPA (13),PHOENIX,3,11,2017,6,Friday,19,7:00pm-7:59pm,34,This section IS ON the NHS,6,Local Street - Municipality,TATUM BLVD,,2,Urban,3,Principal Arterial - Other,4,City or Municipal Highway Agency,0,None,33.58162222,-111.97788889,No Special Jurisdiction,8,Pedestrian,0,Not a Collision with Motor Vehicle In-Transport,0,No,1,Non-Junction,1,Not an Intersection,None,1,On Roadway,3,Dark - Lighted,1,Clear,0,19,7:00pm-7:59pm,35,19,7:00pm-7:59pm,40,20,8:00pm-8:59pm,1,2,0
2017,4,Arizona,40855,1,1,0,1,1,1,1,13,MARICOPA (13),PHOENIX,4,11,2017,7,Saturday,20,8:00pm-8:59pm,38,This section IS ON the NHS,6,Local Street - Municipality,BELL RD,9TH ST,2,Urban,3,Principal Arterial - Other,4,City or Municipal Highway Agency,0,None,33.64039444,-112.06119167,No Special Jurisdiction,8,Pedestrian,0,Not a Collision with Motor Vehicle In-Transport,0,No,2,Intersection,2,Four-Way Intersection,None,1,On Roadway,3,Dark - Lighted,1,Clear,0,20,8:00pm-8:59pm,40,20,8:00pm-8:59pm,43,20,8:00pm-8:59pm,57,1,0
2017,4,Arizona,40856,1,1,0,0,2,2,0,17,NAVAJO (17),NOT APPLICABLE,5,11,2017,1,Sunday,2,2:00am-2:59am,16,This section IS NOT on the NHS,3,State Highway,SR-73 CHIEF AVE,,1,Rural,4,Minor Arterial,1,State Highway Agency,458,458,34.06668611,-109.91015,Indian Reservation,1,Rollover/Overturn,0,Not a Collision with Motor Vehicle In-Transport,0,No,1,Non-Junction,1,Not an Intersection,None,4,On Roadside,2,Dark - Not Lighted,1,Clear,0,99,Unknown,Unknown,99,Unknown EMS Scene Arrival Hour,Unknown EMS Scene Arrival Minutes,99,Unknown,Unknown EMS Hospital Arrival Time,2,1
2017,4,Arizona,40857,2,2,0,0,8,8,0,13,MARICOPA (13),PHOENIX,6,11,2017,2,Monday,19,7:00pm-7:59pm,59,This section IS ON the NHS,7,Local Street - Frontage Road,I-17 FRONTAGE RD,GREENWAY RD,2,Urban,1,Interstate,1,State Highway Agency,180,180,33.62528889,-112.11598333,No Special Jurisdiction,12,Motor Vehicle In-Transport,6,Angle,1,Yes,2,Intersection,2,Four-Way Intersection,None,1,On Roadway,3,Dark - Lighted,1,Clear,0,20,8:00pm-8:59pm,9,20,8:00pm-8:59pm,10,20,8:00pm-8:59pm,28,3,0
2017,4,Arizona,40858,2,2,0,0,2,2,0,13,MARICOPA (13),CHANDLER,8,11,2017,4,Wednesday,15,3:00pm-3:59pm,50,This section IS NOT on the NHS,6,Local Street - Municipality,RAY RD,PLEASANT DR,2,Urban,3,Principal Arterial - Other,4,City or Municipal Highway Agency,0,None,33.32058333,-111.85722778,No Special Jurisdiction,12,Motor Vehicle In-Transport,1,Front-to-Rear,0,No,3,Intersection-Related,2,Four-Way Intersection,None,1,On Roadway,1,Daylight,1,Clear,0,15,3:00pm-3:59pm,51,15,3:00pm-3:59pm,54,16,4:00pm-4:59pm,8,1,1
2017,4,Arizona,40859,1,1,0,0,1,1,0,13,MARICOPA (13),BUCKEYE,10,11,2017,6,Friday,23,11:00pm-11:59pm,27,This section IS NOT on the NHS,6,Local Street - Municipality,MAIN ST,,2,Urban,7,Local,98,Not Reported,0,None,Unknown,Unknown,No Special Jurisdiction,18,Other Object (not fixed),0,Not a Collision with Motor Vehicle In-Transport,0,No,1,Non-Junction,1,Not an Intersection,None,1,On Roadway,6,Dark - Unknown Lighting,98,Not Reported,0,99,Unknown,Unknown,99,Unknown EMS Scene Arrival Hour,Unknown EMS Scene Arrival Minutes,99,Unknown,Unknown EMS Hospital Arrival Time,1,1
2017,4,Arizona,40860,2,2,0,3,2,2,3,13,MARICOPA (13),GLENDALE,12,11,2017,1,Sunday,5,5:00am-5:59am,17,This section IS NOT on the NHS,6,Local Street - Municipality,CAMELBACK RD,,2,Urban,3,Principal Arterial - Other,4,City or Municipal Highway Agency,0,None,33.50947222,-112.15384444,No Special Jurisdiction,8,Pedestrian,0,Not a Collision with Motor Vehicle In-Transport,0,No,1,Non-Junction,1,Not an Intersection,None,1,On Roadway,3,Dark - Lighted,1,Clear,0,5,5:00am-5:59am,17,5,5:00am-5:59am,19,99,Unknown,Unknown EMS Hospital Arrival Time,1,0
2017,4,Arizona,40862,1,1,0,1,1,1,1,13,MARICOPA (13),PHOENIX,17,11,2017,6,Friday,6,6:00am-6:59am,52,This section IS NOT on the NHS,6,Local Street - Municipality,7TH AVE,,2,Urban,3,Principal Arterial - Other,4,City or Municipal Highway Agency,0,None,33.43438611,-112.08250278,No Special Jurisdiction,8,Pedestrian,0,Not a Collision with Motor Vehicle In-Transport,0,No,1,Non-Junction,1,Not an Intersection,None,1,On Roadway,3,Dark - Lighted,10,Cloudy,0,6,6:00am-6:59am,54,6,6:00am-6:59am,57,7,7:00am-7:59am,8,1,0
2017,4,Arizona,40863,3,3,0,0,4,4,0,13,MARICOPA (13),PHOENIX,18,11,2017,7,Saturday,16,4:00pm-4:59pm,10,This section IS ON the NHS,6,Local Street - Municipality,7TH ST,PARADISE LN,2,Urban,3,Principal Arterial - Other,4,City or Municipal Highway Agency,0,None,33.63298611,-112.06545,No Special Jurisdiction,12,Motor Vehicle In-Transport,6,Angle,0,No,2,Intersection,2,Four-Way Intersection,None,1,On Roadway,1,Daylight,1,Clear,0,16,4:00pm-4:59pm,11,16,4:00pm-4:59pm,13,16,4:00pm-4:59pm,27,1,0
2017,4,Arizona,40864,1,1,0,1,1,1,1,13,MARICOPA (13),CHANDLER,18,11,2017,7,Saturday,17,5:00pm-5:59pm,58,This section IS ON the NHS,3,State Highway,SR-87 ARIZONA AVE,,2,Urban,3,Principal Arterial - Other,4,City or Municipal Highway Agency,0,None,33.24665278,-111.84104444,No Special Jurisdiction,9,Pedalcyclist,0,Not a Collision with Motor Vehicle In-Transport,0,No,8,Driveway Access Related,1,Not an Intersection,None,1,On Roadway,5,Dusk,1,Clear,0,17,5:00pm-5:59pm,59,18,6:00pm-6:59pm,3,18,6:00pm-6:59pm,26,1,0
2017,4,Arizona,40865,1,1,0,0,2,2,0,13,MARICOPA (13),PHOENIX,21,11,2017,3,Tuesday,0,0:00am-0:59am,24,This section IS NOT on the NHS,6,Local Street - Municipality,PYRAMID PEAK PKWY,TETHER TRL,2,Urban,7,Local,98,Not Reported,0,None,33.72361944,-112.20296667,No Special Jurisdiction,33,Curb,0,Not a Collision with Motor Vehicle In-Transport,0,No,3,Intersection-Related,3,T-Intersection,None,4,On Roadside,3,Dark - Lighted,1,Clear,0,0,0:00am-0:59am,27,0,0:00am-0:59am,33,99,Unknown,Unknown EMS Hospital Arrival Time,1,0
2017,4,Arizona,40866,1,1,0,1,2,2,1,13,MARICOPA (13),PHOENIX,22,11,2017,4,Wednesday,14,2:00pm-2:59pm,3,This section IS ON the NHS,6,Local Street - Municipality,INDIAN SCHOOL RD,,2,Urban,3,Principal Arterial - Other,4,City or Municipal Highway Agency,0,None,33.494975,-112.15617222,No Special Jurisdiction,9,Pedalcyclist,0,Not a Collision with Motor Vehicle In-Transport,0,No,1,Non-Junction,1,Not an Intersection,None,1,On Roadway,1,Daylight,1,Clear,0,14,2:00pm-2:59pm,4,14,2:00pm-2:59pm,7,14,2:00pm-2:59pm,22,1,0
2017,4,Arizona,40867,1,1,0,0,1,1,0,13,MARICOPA (13),PHOENIX,22,11,2017,4,Wednesday,16,4:00pm-4:59pm,10,This section IS NOT on the NHS,6,Local Street - Municipality,RAY RD,,2,Urban,4,Minor Arterial,4,City or Municipal Highway Agency,0,None,33.31520556,-112.00828611,No Special Jurisdiction,42,Tree (Standing Only),0,Not a Collision with Motor Vehicle In-Transport,0,No,1,Non-Junction,1,Not an Intersection,None,3,On Median,1,Daylight,1,Clear,0,16,4:00pm-4:59pm,18,16,4:00pm-4:59pm,23,16,4:00pm-4:59pm,56,1,1
2017,4,Arizona,40868,1,1,0,1,1,1,1,13,MARICOPA (13),PHOENIX,23,11,2017,5,Thursday,1,1:00am-1:59am,55,This section IS NOT on the NHS,6,Local Street - Municipality,36TH ST,YALE ST,2,Urban,5,Major Collector,4,City or Municipal Highway Agency,0,None,33.475925,-112.00421111,No Special Jurisdiction,8,Pedestrian,0,Not a Collision with Motor Vehicle In-Transport,0,No,3,Intersection-Related,2,Four-Way Intersection,None,1,On Roadway,3,Dark - Lighted,1,Clear,0,1,1:00am-1:59am,55,2,2:00am-2:59am,1,88,Not Applicable (Not Transported),Not Applicable (Not Transported),1,0
2017,4,Arizona,40869,1,1,0,0,1,1,0,13,MARICOPA (13),PHOENIX,24,11,2017,6,Friday,15,3:00pm-3:59pm,27,This section IS NOT on the NHS,9,Unknown,CAMELBACK RD,33RD AVE,2,Urban,3,Principal Arterial - Other,4,City or Municipal Highway Agency,0,None,33.50944167,-112.12950278,No Special Jurisdiction,33,Curb,0,Not a Collision with Motor Vehicle In-Transport,0,No,3,Intersection-Related,2,Four-Way Intersection,None,4,On Roadside,1,Daylight,1,Clear,0,15,3:00pm-3:59pm,27,15,3:00pm-3:59pm,30,15,3:00pm-3:59pm,46,1,1
2017,4,Arizona,40870,1,1,0,0,2,2,0,13,MARICOPA (13),PHOENIX,26,11,2017,1,Sunday,1,1:00am-1:59am,19,This section IS NOT on the NHS,6,Local Street - Municipality,HAPPY VALLEY RD,19TH AVE,2,Urban,3,Principal Arterial - Other,4,City or Municipal Highway Agency,0,None,33.71285833,-112.10047778,No Special Jurisdiction,33,Curb,0,Not a Collision with Motor Vehicle In-Transport,0,No,3,Intersection-Related,2,Four-Way Intersection,None,3,On Median,3,Dark - Lighted,1,Clear,0,99,Unknown,Unknown,99,Unknown EMS Scene Arrival Hour,Unknown EMS Scene Arrival Minutes,99,Unknown,Unknown EMS Hospital Arrival Time,1,1
2017,4,Arizona,40871,1,1,0,0,1,1,0,13,MARICOPA (13),PHOENIX,26,11,2017,1,Sunday,22,10:00pm-10:59pm,59,This section IS NOT on the NHS,6,Local Street - Municipality,15TH AVE,,2,Urban,5,Major Collector,4,City or Municipal Highway Agency,0,None,33.46521111,-112.09139167,No Special Jurisdiction,38,Fence,0,Not a Collision with Motor Vehicle In-Transport,0,No,1,Non-Junction,1,Not an Intersection,None,4,On Roadside,3,Dark - Lighted,1,Clear,0,23,11:00pm-11:59pm,3,23,11:00pm-11:59pm,6,23,11:00pm-11:59pm,21,1,1
2017,4,Arizona,40872,2,2,0,0,5,5,0,21,PINAL (21),NOT APPLICABLE,29,11,2017,4,Wednesday,15,3:00pm-3:59pm,15,This section IS ON the NHS,3,State Highway,SR-347,,1,Rural,3,Principal Arterial - Other,1,State Highway Agency,182,182,33.13303611,-112.01268611,Indian Reservation,1,Rollover/Overturn,0,Not a Collision with Motor Vehicle In-Transport,0,No,1,Non-Junction,1,Not an Intersection,None,3,On Median,1,Daylight,1,Clear,0,15,3:00pm-3:59pm,15,15,3:00pm-3:59pm,29,99,Unknown,Unknown EMS Hospital Arrival Time,3,0
2017,4,Arizona,40873,1,1,0,1,1,1,1,13,MARICOPA (13),SCOTTSDALE,29,11,2017,4,Wednesday,22,10:00pm-10:59pm,52,This section IS ON the NHS,6,Local Street - Municipality,SHEA BLVD,72ND PL,2,Urban,3,Principal Arterial - Other,4,City or Municipal Highway Agency,0,None,33.582075,-111.924225,No Special Jurisdiction,8,Pedestrian,0,Not a Collision with Motor Vehicle In-Transport,0,No,2,Intersection,2,Four-Way Intersection,None,1,On Roadway,3,Dark - Lighted,1,Clear,0,22,10:00pm-10:59pm,53,22,10:00pm-10:59pm,57,23,11:00pm-11:59pm,27,1,0
2017,4,Arizona,40874,1,1,0,0,1,1,0,13,MARICOPA (13),NOT APPLICABLE,30,11,2017,5,Thursday,16,4:00pm-4:59pm,0,This section IS ON the NHS,3,State Highway,SR-87,,1,Rural,3,Principal Arterial - Other,1,State Highway Agency,667,667,33.505,-111.7851,Indian Reservation,1,Rollover/Overturn,0,Not a Collision with Motor Vehicle In-Transport,0,No,1,Non-Junction,1,Not an Intersection,None,6,Off Roadway-Location Unknown,1,Daylight,98,Not Reported,0,99,Unknown,Unknown,99,Unknown EMS Scene Arrival Hour,Unknown EMS Scene Arrival Minutes,88,Not Applicable (Not Transported),Not Applicable (Not Transported),1,1
2017,4,Arizona,40875,3,3,0,0,6,6,0,21,PINAL (21),NOT APPLICABLE,25,11,2017,7,Saturday,19,7:00pm-7:59pm,23,This section IS NOT on the NHS,4,County Road,CR-HUNT HWY,MOUNTAIN VISTA BLVD,2,Urban,4,Minor Arterial,2,County Highway Agency,0,None,33.19069444,-111.59996111,No Special Jurisdiction,12,Motor Vehicle In-Transport,6,Angle,0,No,2,Intersection,3,T-Intersection,None,1,On Roadway,3,Dark - Lighted,1,Clear,0,19,7:00pm-7:59pm,23,19,7:00pm-7:59pm,29,88,Not Applicable (Not Transported),Not Applicable (Not Transported),1,0
2017,4,Arizona,40876,1,1,0,1,1,1,1,13,MARICOPA (13),GLENDALE,15,12,2017,6,Friday,18,6:00pm-6:59pm,20,This section IS NOT on the NHS,6,Local Street - Municipality,GLENDALE AVE,,2,Urban,3,Principal Arterial - Other,4,City or Municipal Highway Agency,0,None,33.53851667,-112.190225,No Special Jurisdiction,8,Pedestrian,0,Not a Collision with Motor Vehicle In-Transport,0,No,1,Non-Junction,1,Not an Intersection,None,1,On Roadway,3,Dark - Lighted,1,Clear,0,18,6:00pm-6:59pm,20,18,6:00pm-6:59pm,25,88,Not Applicable (Not Transported),Not Applicable (Not Transported),1,0
2017,4,Arizona,40877,1,1,0,0,1,1,0,13,MARICOPA (13),MESA,24,11,2017,6,Friday,18,6:00pm-6:59pm,42,This section IS NOT on the NHS,6,Local Street - Municipality,BROADWAY RD,,2,Urban,3,Principal Arterial - Other,4,City or Municipal Highway Agency,0,None,33.40816944,-111.77243611,No Special Jurisdiction,5,Fell/Jumped from Vehicle,0,Not a Collision with Motor Vehicle In-Transport,0,No,1,Non-Junction,1,Not an Intersection,None,1,On Roadway,3,Dark - Lighted,1,Clear,0,18,6:00pm-6:59pm,42,18,6:00pm-6:59pm,50,19,7:00pm-7:59pm,0,1,0
2017,4,Arizona,40878,2,2,0,0,3,3,0,21,PINAL (21),NOT APPLICABLE,9,12,2017,7,Saturday,14,2:00pm-2:59pm,27,This section IS NOT on the NHS,4,County Road,CR-TRAIL DUST DR,,2,Urban,7,Local,2,County Highway Agency,0,None,33.16222222,-111.56972222,No Special Jurisdiction,12,Motor Vehicle In-Transport,2,Front-to-Front,0,No,1,Non-Junction,1,Not an Intersection,None,1,On Roadway,1,Daylight,1,Clear,0,14,2:00pm-2:59pm,28,14,2:00pm-2:59pm,36,14,2:00pm-2:59pm,50,1,0
2017,4,Arizona,40880,1,1,0,0,1,1,0,21,PINAL (21),NOT APPLICABLE,26,12,2017,3,Tuesday,16,4:00pm-4:59pm,56,This section IS NOT on the NHS,4,County Road,CR-CHARBRAY DR,CR-BELGUIN BLUE CT,2,Urban,7,Local,2,County Highway Agency,0,None,33.20391389,-111.56903889,No Special Jurisdiction,33,Curb,0,Not a Collision with Motor Vehicle In-Transport,0,No,3,Intersection-Related,3,T-Intersection,None,4,On Roadside,1,Daylight,10,Cloudy,0,17,5:00pm-5:59pm,2,17,5:00pm-5:59pm,10,17,5:00pm-5:59pm,54,1,0
2017,4,Arizona,40881,1,1,0,0,2,2,0,13,MARICOPA (13),NOT APPLICABLE,6,5,2017,7,Saturday,99,Unknown Hours,Unknown Minutes,This section IS NOT on the NHS,4,County Road,CR-ALMA SCHOOL RD,,2,Urban,3,Principal Arterial - Other,2,County Highway Agency,0,None,Unknown,Unknown,Indian Reservation,1,Rollover/Overturn,0,Not a Collision with Motor Vehicle In-Transport,0,No,99,Unknown,99,Unknown,None,99,Unknown,9,Unknown,98,Not Reported,0,99,Unknown,Unknown,99,Unknown EMS Scene Arrival Hour,Unknown EMS Scene Arrival Minutes,88,Not Applicable (Not Transported),Not Applicable (Not Transported),1,0
2017,4,Arizona,40882,1,1,0,1,1,1,1,1,APACHE (1),NOT APPLICABLE,16,6,2017,6,Friday,22,10:00pm-10:59pm,12,This section IS NOT on the NHS,8,Other,NAVAJO ROUTE 12,,1,Rural,5,Major Collector,62,Bureau of Indian Affairs,0,None,Unknown,Unknown,Indian Reservation,8,Pedestrian,0,Not a Collision with Motor Vehicle In-Transport,0,No,1,Non-Junction,1,Not an Intersection,None,1,On Roadway,6,Dark - Unknown Lighting,98,Not Reported,0,99,Unknown,Unknown,99,Unknown EMS Scene Arrival Hour,Unknown EMS Scene Arrival Minutes,99,Unknown,Unknown EMS Hospital Arrival Time,1,0