AccidentYear,STATE,STATENAME,ST_CASE,VE_TOTAL,VE_FORMS,PVH_INVL,PEDS,PERSONS,PERMVIT,PERNOTMVIT,COUNTY,COUNTYNAME,CITYNAME,DAY,MONTH,YEAR,DAY_WEEK,DAY_WEEKNAME,HOUR,HOURNAME,MINUTENAME,NHSNAME,ROUTE,ROUTENAME,TWAY_ID,TWAY_ID2,RUR_URB,RUR_URBNAME,FUNC_SYS,FUNC_SYSNAME,RD_OWNER,RD_OWNERNAME,MILEPT,MILEPTNAME,LATITUDENAME,LONGITUDNAME,SP_JURNAME,HARM_EV,HARM_EVNAME,MAN_COLL,MAN_COLLNAME,RELJCT1,RELJCT1NAME,RELJCT2,RELJCT2NAME,TYP_INT,TYP_INTNAME,WRK_ZONENAME,REL_ROAD,REL_ROADNAME,LGT_COND,LGT_CONDNAME,WEATHER,WEATHERNAME,SCH_BUS,NOT_HOUR,NOT_HOURNAME,NOT_MINNAME,ARR_HOUR,ARR_HOURNAME,ARR_MINNAME,HOSP_HR,HOSP_HRNAME,HOSP_MNNAME,FATALS,DRUNK_DR
2018,4,Arizona,40022,1,1,0,0,1,1,0,1,APACHE (1),NOT APPLICABLE,12,1,2018,6,Friday,8,8:00am-8:59am,41,This section IS ON the NHS,1,Interstate,I-40,,1,Rural,1,Interstate,1,State Highway Agency,3283,3283,35.15164167,-109.506175,No Special Jurisdiction,52,Guardrail End,0,Not a Collision with Motor Vehicle In-Transport,0,No,1,Non-Junction,1,Not an Intersection,None,3,On Median,1,Daylight,1,Clear,0,8,8:00am-8:59am,41,8,8:00am-8:59am,52,88,Not Applicable (Not Transported),Not Applicable (Not Transported),1,1
2018,4,Arizona,40023,1,1,0,0,1,1,0,3,COCHISE (3),NOT APPLICABLE,12,1,2018,6,Friday,11,11:00am-11:59am,3,This section IS NOT on the NHS,3,State Highway,SR-82,,1,Rural,5,Major Collector,1,State Highway Agency,468,468,31.691975,-110.40273056,No Special Jurisdiction,11,Live Animal,0,Not a Collision with Motor Vehicle In-Transport,0,No,1,Non-Junction,1,Not an Intersection,None,1,On Roadway,1,Daylight,1,Clear,0,11,11:00am-11:59am,3,11,11:00am-11:59am,12,11,11:00am-11:59am,58,1,0
2018,4,Arizona,40025,1,1,0,1,2,2,1,13,MARICOPA (13),GILBERT,13,1,2018,7,Saturday,5,5:00am-5:59am,42,This section IS NOT on the NHS,6,Local Street - Municipality,BURK ST,DESERT LN,2,Urban,5,Major Collector,4,City or Municipal Highway Agency,0,None,33.37368056,-111.78247778,No Special Jurisdiction,33,Curb,0,Not a Collision with Motor Vehicle In-Transport,0,No,3,Intersection-Related,3,T-Intersection,None,4,On Roadside,3,Dark - Lighted,1,Clear,0,5,5:00am-5:59am,43,5,5:00am-5:59am,48,6,6:00am-6:59am,9,1,1
2018,4,Arizona,40026,1,1,0,0,1,1,0,5,COCONINO (5),NOT APPLICABLE,14,1,2018,1,Sunday,6,6:00am-6:59am,16,This section IS ON the NHS,1,Interstate,I-17,,2,Urban,1,Interstate,1,State Highway Agency,1410,1410,35.12176111,-111.68074167,No Special Jurisdiction,1,Rollover/Overturn,0,Not a Collision with Motor Vehicle In-Transport,0,No,1,Non-Junction,1,Not an Intersection,None,4,On Roadside,2,Dark - Not Lighted,1,Clear,0,99,Unknown,Unknown,99,Unknown EMS Scene Arrival Hour,Unknown EMS Scene Arrival Minutes,99,Unknown,Unknown EMS Hospital Arrival Time,1,0
2018,4,Arizona,40027,1,1,0,0,2,2,0,19,PIMA (19),TUCSON,16,1,2018,3,Tuesday,9,9:00am-9:59am,32,This section IS NOT on the NHS,3,State Highway,SR-86 AJO WAY,,2,Urban,3,Principal Arterial - Other,1,State Highway Agency,1171,1171,32.1779,-111.00151389,No Special Jurisdiction,33,Curb,0,Not a Collision with Motor Vehicle In-Transport,0,No,1,Non-Junction,1,Not an Intersection,None,4,On Roadside,1,Daylight,1,Clear,0,9,9:00am-9:59am,32,9,9:00am-9:59am,38,99,Unknown,Unknown EMS Hospital Arrival Time,1,0
2018,4,Arizona,40028,1,1,0,0,2,2,0,7,GILA (7),PINE,17,1,2018,4,Wednesday,23,11:00pm-11:59pm,41,This section IS NOT on the NHS,3,State Highway,SR-87,,1,Rural,4,Minor Arterial,1,State Highway Agency,1507,1507,34.39195278,-111.45748333,No Special Jurisdiction,32,Culvert,0,Not a Collision with Motor Vehicle In-Transport,0,No,1,Non-Junction,1,Not an Intersection,None,4,On Roadside,2,Dark - Not Lighted,1,Clear,0,23,11:00pm-11:59pm,42,23,11:00pm-11:59pm,47,99,Unknown,Unknown EMS Hospital Arrival Time,1,0
2018,4,Arizona,40029,1,1,0,0,1,1,0,13,MARICOPA (13),SCOTTSDALE,18,1,2018,5,Thursday,0,0:00am-0:59am,54,This section IS ON the NHS,6,Local Street - Municipality,SCOTTSDALE RD,,2,Urban,3,Principal Arterial - Other,4,City or Municipal Highway Agency,0,None,33.56999444,-111.92596667,No Special Jurisdiction,33,Curb,0,Not a Collision with Motor Vehicle In-Transport,0,No,1,Non-Junction,1,Not an Intersection,None,4,On Roadside,3,Dark - Lighted,1,Clear,0,0,0:00am-0:59am,55,1,1:00am-1:59am,1,88,Not Applicable (Not Transported),Not Applicable (Not Transported),1,0
2018,4,Arizona,40030,1,1,0,0,2,2,0,3,COCHISE (3),NOT APPLICABLE,18,1,2018,5,Thursday,12,12:00pm-12:59pm,17,This section IS ON the NHS,1,Interstate,I-10,,1,Rural,1,Interstate,1,State Highway Agency,3647,3647,32.32088611,-109.49891667,No Special Jurisdiction,24,Guardrail Face,0,Not a Collision with Motor Vehicle In-Transport,0,No,1,Non-Junction,1,Not an Intersection,None,3,On Median,1,Daylight,1,Clear,0,12,12:00pm-12:59pm,17,12,12:00pm-12:59pm,33,99,Unknown,Unknown EMS Hospital Arrival Time,1,0
2018,4,Arizona,40031,1,1,0,0,1,1,0,13,MARICOPA (13),PHOENIX,19,1,2018,6,Friday,4,4:00am-4:59am,10,This section IS ON the NHS,3,State Highway,SR-101 RAMP,,2,Urban,2,Principal Arterial - Other Freeways and Expressways,1,State Highway Agency,30,30,33.49505556,-112.26481944,No Special Jurisdiction,33,Curb,0,Not a Collision with Motor Vehicle In-Transport,1,Yes,5,Entrance/Exit Ramp Related,1,Not an Intersection,None,4,On Roadside,3,Dark - Lighted,1,Clear,0,4,4:00am-4:59am,12,4,4:00am-4:59am,29,88,Not Applicable (Not Transported),Not Applicable (Not Transported),1,1
2018,4,Arizona,40032,1,1,0,0,1,1,0,13,MARICOPA (13),PHOENIX,19,1,2018,6,Friday,17,5:00pm-5:59pm,9,This section IS ON the NHS,1,Interstate,I-10,,2,Urban,1,Interstate,1,State Highway Agency,1497,1497,33.42720833,-112.03415278,No Special Jurisdiction,25,Concrete Traffic Barrier,0,Not a Collision with Motor Vehicle In-Transport,0,No,1,Non-Junction,1,Not an Intersection,None,3,On Median,1,Daylight,1,Clear,0,17,5:00pm-5:59pm,9,17,5:00pm-5:59pm,36,17,5:00pm-5:59pm,47,1,0
2018,4,Arizona,40034,1,1,0,0,1,1,0,13,MARICOPA (13),PHOENIX,20,1,2018,7,Saturday,5,5:00am-5:59am,55,This section IS ON the NHS,1,Interstate,I-17,,2,Urban,1,Interstate,1,State Highway Agency,259,259,33.739725,-112.122975,No Special Jurisdiction,38,Fence,0,Not a Collision with Motor Vehicle In-Transport,0,No,1,Non-Junction,1,Not an Intersection,None,10,Separator,3,Dark - Lighted,10,Cloudy,0,5,5:00am-5:59am,58,6,6:00am-6:59am,8,88,Not Applicable (Not Transported),Not Applicable (Not Transported),1,0
2018,4,Arizona,40036,1,1,0,1,1,1,1,13,MARICOPA (13),PHOENIX,20,1,2018,7,Saturday,16,4:00pm-4:59pm,9,This section IS ON the NHS,7,Local Street - Frontage Road,I-17 FRONTAGE RD,,2,Urban,1,Interstate,1,State Highway Agency,130,130,33.55616667,-112.11301389,No Special Jurisdiction,9,Pedalcyclist,0,Not a Collision with Motor Vehicle In-Transport,1,Yes,18,Through Roadway,1,Not an Intersection,None,1,On Roadway,1,Daylight,2,Rain,0,16,4:00pm-4:59pm,10,16,4:00pm-4:59pm,16,16,4:00pm-4:59pm,33,1,0
2018,4,Arizona,40037,3,3,0,0,9,9,0,7,GILA (7),NOT APPLICABLE,21,1,2018,1,Sunday,17,5:00pm-5:59pm,28,This section IS NOT on the NHS,2,U.S. Highway,US-60,,1,Rural,4,Minor Arterial,1,State Highway Agency,2555,2555,33.79143611,-110.50126389,No Special Jurisdiction,12,Motor Vehicle In-Transport,2,Front-to-Front,0,No,1,Non-Junction,1,Not an Intersection,None,1,On Roadway,5,Dusk,1,Clear,0,17,5:00pm-5:59pm,29,18,6:00pm-6:59pm,58,99,Unknown,Unknown EMS Hospital Arrival Time,1,0
2018,4,Arizona,40038,2,2,0,0,3,3,0,13,MARICOPA (13),MESA,23,1,2018,3,Tuesday,11,11:00am-11:59am,11,This section IS NOT on the NHS,6,Local Street - Municipality,SIGNAL BUTTE RD,,2,Urban,4,Minor Arterial,1,State Highway Agency,0,None,33.38558056,-111.59803889,No Special Jurisdiction,38,Fence,0,Not a Collision with Motor Vehicle In-Transport,0,No,1,Non-Junction,1,Not an Intersection,None,4,On Roadside,1,Daylight,1,Clear,0,99,Unknown,Unknown,99,Unknown EMS Scene Arrival Hour,Unknown EMS Scene Arrival Minutes,99,Unknown,Unknown EMS Hospital Arrival Time,1,0
2018,4,Arizona,40039,2,2,0,1,4,4,1,19,PIMA (19),MARANA,23,1,2018,3,Tuesday,19,7:00pm-7:59pm,8,This section IS ON the NHS,1,Interstate,I-10,,2,Urban,1,Interstate,1,State Highway Agency,2486,2486,32.34247222,-111.07189722,No Special Jurisdiction,8,Pedestrian,0,Not a Collision with Motor Vehicle In-Transport,0,No,1,Non-Junction,1,Not an Intersection,Construction,1,On Roadway,2,Dark - Not Lighted,1,Clear,0,19,7:00pm-7:59pm,7,19,7:00pm-7:59pm,26,88,Not Applicable (Not Transported),Not Applicable (Not Transported),1,0
2018,4,Arizona,40040,1,1,0,1,3,3,1,13,MARICOPA (13),TEMPE,23,1,2018,3,Tuesday,22,10:00pm-10:59pm,5,This section IS NOT on the NHS,6,Local Street - Municipality,BASELINE RD,RURAL RD,2,Urban,3,Principal Arterial - Other,4,City or Municipal Highway Agency,0,None,33.37820278,-111.92849444,No Special Jurisdiction,8,Pedestrian,0,Not a Collision with Motor Vehicle In-Transport,0,No,3,Intersection-Related,2,Four-Way Intersection,None,1,On Roadway,3,Dark - Lighted,1,Clear,0,22,10:00pm-10:59pm,5,22,10:00pm-10:59pm,10,22,10:00pm-10:59pm,32,1,0
2018,4,Arizona,40041,1,1,0,0,1,1,0,13,MARICOPA (13),GILBERT,24,1,2018,4,Wednesday,1,1:00am-1:59am,54,This section IS NOT on the NHS,6,Local Street - Municipality,VAL VISTA DR,,2,Urban,3,Principal Arterial - Other,4,City or Municipal Highway Agency,0,None,33.33173056,-111.75573889,No Special Jurisdiction,18,Other Object (not fixed),0,Not a Collision with Motor Vehicle In-Transport,0,No,6,Railway Grade Crossing,1,Not an Intersection,None,1,On Roadway,3,Dark - Lighted,1,Clear,0,1,1:00am-1:59am,55,2,2:00am-2:59am,4,88,Not Applicable (Not Transported),Not Applicable (Not Transported),1,1
2018,4,Arizona,40042,1,1,0,1,2,2,1,13,MARICOPA (13),PHOENIX,24,1,2018,4,Wednesday,18,6:00pm-6:59pm,57,This section IS NOT on the NHS,6,Local Street - Municipality,19TH AVE,,2,Urban,3,Principal Arterial - Other,4,City or Municipal Highway Agency,0,None,33.59380556,-112.09960833,No Special Jurisdiction,8,Pedestrian,0,Not a Collision with Motor Vehicle In-Transport,0,No,1,Non-Junction,1,Not an Intersection,None,1,On Roadway,3,Dark - Lighted,1,Clear,0,18,6:00pm-6:59pm,59,19,7:00pm-7:59pm,2,19,7:00pm-7:59pm,14,1,0
2018,4,Arizona,40043,3,3,0,0,5,5,0,13,MARICOPA (13),PHOENIX,25,1,2018,5,Thursday,14,2:00pm-2:59pm,46,This section IS ON the NHS,3,State Highway,SR-101,,2,Urban,2,Principal Arterial - Other Freeways and Expressways,1,State Highway Agency,11,11,33.47342778,-112.26689444,No Special Jurisdiction,12,Motor Vehicle In-Transport,1,Front-to-Rear,0,No,1,Non-Junction,1,Not an Intersection,None,1,On Roadway,1,Daylight,1,Clear,0,14,2:00pm-2:59pm,46,14,2:00pm-2:59pm,57,15,3:00pm-3:59pm,9,1,0
2018,4,Arizona,40044,1,1,0,0,1,1,0,25,YAVAPAI (25),NOT APPLICABLE,26,1,2018,6,Friday,17,5:00pm-5:59pm,29,This section IS ON the NHS,1,Interstate,I-17,,1,Rural,1,Interstate,1,State Highway Agency,634,634,34.25918333,-112.11681667,No Special Jurisdiction,1,Rollover/Overturn,0,Not a Collision with Motor Vehicle In-Transport,0,No,1,Non-Junction,1,Not an Intersection,None,4,On Roadside,1,Daylight,1,Clear,0,17,5:00pm-5:59pm,30,17,5:00pm-5:59pm,40,88,Not Applicable (Not Transported),Not Applicable (Not Transported),1,0
2018,4,Arizona,40045,1,1,0,1,1,1,1,13,MARICOPA (13),PHOENIX,26,1,2018,6,Friday,21,9:00pm-9:59pm,10,This section IS NOT on the NHS,6,Local Street - Municipality,43RD AVE,,2,Urban,4,Minor Arterial,4,City or Municipal Highway Agency,0,None,33.53685278,-112.15146111,No Special Jurisdiction,8,Pedestrian,0,Not a Collision with Motor Vehicle In-Transport,0,No,1,Non-Junction,1,Not an Intersection,None,1,On Roadway,3,Dark - Lighted,1,Clear,0,21,9:00pm-9:59pm,10,21,9:00pm-9:59pm,12,21,9:00pm-9:59pm,42,1,0
2018,4,Arizona,40046,4,4,0,1,4,4,1,13,MARICOPA (13),PHOENIX,26,1,2018,6,Friday,21,9:00pm-9:59pm,14,This section IS NOT on the NHS,6,Local Street - Municipality,19TH AVE,,2,Urban,3,Principal Arterial - Other,4,City or Municipal Highway Agency,0,None,33.58781389,-112.09968056,No Special Jurisdiction,8,Pedestrian,0,Not a Collision with Motor Vehicle In-Transport,0,No,1,Non-Junction,1,Not an Intersection,None,1,On Roadway,3,Dark - Lighted,1,Clear,0,21,9:00pm-9:59pm,15,21,9:00pm-9:59pm,19,88,Not Applicable (Not Transported),Not Applicable (Not Transported),1,0
2018,4,Arizona,40047,1,1,0,0,2,2,0,5,COCONINO (5),NOT APPLICABLE,26,1,2018,6,Friday,22,10:00pm-10:59pm,34,This section IS ON the NHS,3,State Highway,SR-260,,1,Rural,3,Principal Arterial - Other,1,State Highway Agency,1045,1045,34.31864444,-110.84613056,No Special Jurisdiction,1,Rollover/Overturn,0,Not a Collision with Motor Vehicle In-Transport,0,No,1,Non-Junction,1,Not an Intersection,None,4,On Roadside,2,Dark - Not Lighted,1,Clear,0,22,10:00pm-10:59pm,40,22,10:00pm-10:59pm,55,99,Unknown,Unknown EMS Hospital Arrival Time,1,0
2018,4,Arizona,40048,1,1,0,1,1,1,1,19,PIMA (19),NOT APPLICABLE,26,1,2018,6,Friday,23,11:00pm-11:59pm,40,This section IS ON the NHS,3,State Highway,SR-77 ORACLE RD,,2,Urban,3,Principal Arterial - Other,1,State Highway Agency,47,47,32.30803333,-110.97851667,No Special Jurisdiction,8,Pedestrian,0,Not a Collision with Motor Vehicle In-Transport,0,No,1,Non-Junction,1,Not an Intersection,None,1,On Roadway,2,Dark - Not Lighted,1,Clear,0,23,11:00pm-11:59pm,39,23,11:00pm-11:59pm,45,88,Not Applicable (Not Transported),Not Applicable (Not Transported),1,0
2018,4,Arizona,40049,2,2,0,0,5,5,0,13,MARICOPA (13),MESA,27,1,2018,7,Saturday,16,4:00pm-4:59pm,23,This section IS ON the NHS,2,U.S. Highway,US-60,,2,Urban,2,Principal Arterial - Other Freeways and Expressways,1,State Highway Agency,1474,1474,33.38570833,-111.85155,No Special Jurisdiction,1,Rollover/Overturn,0,Not a Collision with Motor Vehicle In-Transport,1,Yes,18,Through Roadway,1,Not an Intersection,None,1,On Roadway,1,Daylight,1,Clear,0,16,4:00pm-4:59pm,23,16,4:00pm-4:59pm,29,16,4:00pm-4:59pm,40,1,1
2018,4,Arizona,40050,2,2,0,0,5,5,0,19,PIMA (19),TUCSON,28,1,2018,1,Sunday,13,1:00pm-1:59pm,9,This section IS NOT on the NHS,6,Local Street - Municipality,SPEEDWAY BLVD,,2,Urban,3,Principal Arterial - Other,4,City or Municipal Highway Agency,0,None,32.23562222,-110.8155,No Special Jurisdiction,12,Motor Vehicle In-Transport,6,Angle,0,No,8,Driveway Access Related,1,Not an Intersection,None,1,On Roadway,1,Daylight,1,Clear,0,13,1:00pm-1:59pm,10,13,1:00pm-1:59pm,15,13,1:00pm-1:59pm,40,1,0
2018,4,Arizona,40051,2,2,0,0,2,2,0,19,PIMA (19),NOT APPLICABLE,31,1,2018,4,Wednesday,7,7:00am-7:59am,31,This section IS ON the NHS,1,Interstate,I-19,,1,Rural,1,Interstate,1,State Highway Agency,507,507,32.01173333,-110.99215556,Indian Reservation,12,Motor Vehicle In-Transport,7,Sideswipe - Same Direction,0,No,1,Non-Junction,1,Not an Intersection,Construction,1,On Roadway,1,Daylight,1,Clear,0,7,7:00am-7:59am,33,7,7:00am-7:59am,40,88,Not Applicable (Not Transported),Not Applicable (Not Transported),1,0
2018,4,Arizona,40054,1,1,0,0,1,1,0,13,MARICOPA (13),AVONDALE,14,1,2018,1,Sunday,0,0:00am-0:59am,42,This section IS NOT on the NHS,6,Local Street - Municipality,AVONDALE BLVD,I-10 RAMP,2,Urban,4,Minor Arterial,1,State Highway Agency,0,None,33.460075,-112.30653333,No Special Jurisdiction,33,Curb,0,Not a Collision with Motor Vehicle In-Transport,1,Yes,3,Intersection-Related,2,Four-Way Intersection,None,3,On Median,3,Dark - Lighted,1,Clear,0,0,0:00am-0:59am,44,0,0:00am-0:59am,49,88,Not Applicable (Not Transported),Not Applicable (Not Transported),1,1
2018,4,Arizona,40055,1,1,0,0,3,3,0,17,NAVAJO (17),NOT APPLICABLE,30,1,2018,3,Tuesday,2,2:00am-2:59am,0,This section IS NOT on the NHS,8,Other,NAVAJO ROUTE 59,,1,Rural,5,Major Collector,62,Bureau of Indian Affairs,0,None,Reported as Unknown,Reported as Unknown,Indian Reservation,1,Rollover/Overturn,0,Not a Collision with Motor Vehicle In-Transport,0,No,1,Non-Junction,1,Not an Intersection,None,4,On Roadside,6,Dark - Unknown Lighting,1,Clear,0,99,Unknown,Unknown,99,Unknown EMS Scene Arrival Hour,Unknown EMS Scene Arrival Minutes,99,Unknown,Unknown EMS Hospital Arrival Time,2,0
2018,4,Arizona,40056,1,1,0,0,3,3,0,21,PINAL (21),NOT APPLICABLE,3,1,2018,4,Wednesday,3,3:00am-3:59am,22,This section IS ON the NHS,1,Interstate,I-10,,1,Rural,1,Interstate,1,State Highway Agency,1842,1842,33.02007778,-111.76602778,No Special Jurisdiction,1,Rollover/Overturn,0,Not a Collision with Motor Vehicle In-Transport,0,No,1,Non-Junction,1,Not an Intersection,None,4,On Roadside,2,Dark - Not Lighted,1,Clear,0,3,3:00am-3:59am,22,3,3:00am-3:59am,22,99,Unknown,Unknown EMS Hospital Arrival Time,1,0
2018,4,Arizona,40058,2,2,0,0,2,2,0,21,PINAL (21),NOT APPLICABLE,8,1,2018,2,Monday,12,12:00pm-12:59pm,50,This section IS NOT on the NHS,3,State Highway,SR-77,,1,Rural,4,Minor Arterial,1,State Highway Agency,239,239,32.56859167,-110.92469722,No Special Jurisdiction,12,Motor Vehicle In-Transport,8,Sideswipe - Opposite Direction,0,No,1,Non-Junction,1,Not an Intersection,None,1,On Roadway,1,Daylight,1,Clear,0,12,12:00pm-12:59pm,55,13,1:00pm-1:59pm,0,88,Not Applicable (Not Transported),Not Applicable (Not Transported),1,0
2018,4,Arizona,40059,1,1,0,0,1,1,0,23,SANTA CRUZ (23),NOT APPLICABLE,18,1,2018,5,Thursday,0,0:00am-0:59am,43,This section IS ON the NHS,1,Interstate,I-19,,1,Rural,1,Interstate,1,State Highway Agency,253,253,31.657225,-111.06067222,No Special Jurisdiction,1,Rollover/Overturn,0,Not a Collision with Motor Vehicle In-Transport,1,Yes,19,Other location within Interchange Area,1,Not an Intersection,None,3,On Median,2,Dark - Not Lighted,1,Clear,0,0,0:00am-0:59am,43,0,0:00am-0:59am,54,2,2:00am-2:59am,16,1,1
2018,4,Arizona,40060,2,2,0,0,2,2,0,13,MARICOPA (13),PHOENIX,2,1,2018,3,Tuesday,17,5:00pm-5:59pm,3,This section IS NOT on the NHS,6,Local Street - Municipality,RAY RD,,2,Urban,4,Minor Arterial,4,City or Municipal Highway Agency,0,None,33.31573611,-112.00435278,No Special Jurisdiction,12,Motor Vehicle In-Transport,6,Angle,0,No,8,Driveway Access Related,1,Not an Intersection,None,1,On Roadway,1,Daylight,1,Clear,0,17,5:00pm-5:59pm,4,17,5:00pm-5:59pm,9,17,5:00pm-5:59pm,31,1,0
2018,4,Arizona,40061,1,1,0,1,1,1,1,13,MARICOPA (13),PHOENIX,3,1,2018,4,Wednesday,18,6:00pm-6:59pm,33,This section IS ON the NHS,6,Local Street - Municipality,INDIAN SCHOOL RD,,2,Urban,3,Principal Arterial - Other,4,City or Municipal Highway Agency,0,None,33.49477222,-112.20760278,No Special Jurisdiction,8,Pedestrian,0,Not a Collision with Motor Vehicle In-Transport,0,No,1,Non-Junction,1,Not an Intersection,None,1,On Roadway,3,Dark - Lighted,1,Clear,0,18,6:00pm-6:59pm,35,18,6:00pm-6:59pm,39,18,6:00pm-6:59pm,59,1,0
2018,4,Arizona,40062,2,2,0,0,2,2,0,13,MARICOPA (13),PHOENIX,4,1,2018,5,Thursday,12,12:00pm-12:59pm,40,This section IS NOT on the NHS,6,Local Street - Municipality,CACTUS RD,,2,Urban,4,Minor Arterial,4,City or Municipal Highway Agency,0,None,33.59626944,-112.15228056,No Special Jurisdiction,12,Motor Vehicle In-Transport,6,Angle,0,No,8,Driveway Access Related,1,Not an Intersection,None,1,On Roadway,1,Daylight,1,Clear,0,12,12:00pm-12:59pm,40,12,12:00pm-12:59pm,44,13,1:00pm-1:59pm,0,1,1
2018,4,Arizona,40063,1,1,0,1,1,1,1,13,MARICOPA (13),PHOENIX,10,1,2018,4,Wednesday,18,6:00pm-6:59pm,49,This section IS NOT on the NHS,6,Local Street - Municipality,BROADWAY RD,,2,Urban,4,Minor Arterial,4,City or Municipal Highway Agency,0,None,33.40674722,-112.05793611,No Special Jurisdiction,8,Pedestrian,0,Not a Collision with Motor Vehicle In-Transport,0,No,1,Non-Junction,1,Not an Intersection,None,1,On Roadway,2,Dark - Not Lighted,10,Cloudy,0,18,6:00pm-6:59pm,50,18,6:00pm-6:59pm,55,19,7:00pm-7:59pm,14,1,0
2018,4,Arizona,40066,2,2,0,0,3,3,0,13,MARICOPA (13),PHOENIX,14,1,2018,1,Sunday,17,5:00pm-5:59pm,53,This section IS NOT on the NHS,6,Local Street - Municipality,35TH AVE,,2,Urban,3,Principal Arterial - Other,4,City or Municipal Highway Agency,0,None,33.63856944,-112.13428333,No Special Jurisdiction,12,Motor Vehicle In-Transport,6,Angle,0,No,8,Driveway Access Related,1,Not an Intersection,None,1,On Roadway,5,Dusk,1,Clear,0,17,5:00pm-5:59pm,53,17,5:00pm-5:59pm,59,88,Not Applicable (Not Transported),Not Applicable (Not Transported),2,0
2018,4,Arizona,40067,2,2,0,0,4,4,0,13,MARICOPA (13),PHOENIX,16,1,2018,3,Tuesday,13,1:00pm-1:59pm,58,This section IS NOT on the NHS,6,Local Street - Municipality,16TH ST,SOUTH MOUNTAIN AVE,2,Urban,4,Minor Arterial,4,City or Municipal Highway Agency,0,None,33.37050278,-112.04877222,No Special Jurisdiction,12,Motor Vehicle In-Transport,6,Angle,0,No,2,Intersection,2,Four-Way Intersection,None,1,On Roadway,1,Daylight,1,Clear,0,13,1:00pm-1:59pm,59,14,2:00pm-2:59pm,3,14,2:00pm-2:59pm,23,1,0
2018,4,Arizona,40068,1,1,0,1,1,1,1,13,MARICOPA (13),PHOENIX,17,1,2018,4,Wednesday,9,9:00am-9:59am,28,This section IS ON the NHS,6,Local Street - Municipality,INDIAN SCHOOL RD,,2,Urban,3,Principal Arterial - Other,4,City or Municipal Highway Agency,0,None,33.49513889,-112.10270556,No Special Jurisdiction,39,Wall,0,Not a Collision with Motor Vehicle In-Transport,0,No,1,Non-Junction,1,Not an Intersection,None,5,Outside Trafficway,1,Daylight,1,Clear,0,9,9:00am-9:59am,29,9,9:00am-9:59am,34,9,9:00am-9:59am,54,1,0
2018,4,Arizona,40069,1,1,0,1,1,1,1,13,MARICOPA (13),PHOENIX,17,1,2018,4,Wednesday,22,10:00pm-10:59pm,36,This section IS NOT on the NHS,6,Local Street - Municipality,BROADWAY RD,,2,Urban,4,Minor Arterial,4,City or Municipal Highway Agency,0,None,Reported as Unknown,Reported as Unknown,No Special Jurisdiction,8,Pedestrian,0,Not a Collision with Motor Vehicle In-Transport,0,No,1,Non-Junction,1,Not an Intersection,None,1,On Roadway,3,Dark - Lighted,1,Clear,0,22,10:00pm-10:59pm,37,22,10:00pm-10:59pm,42,88,Not Applicable (Not Transported),Not Applicable (Not Transported),1,0
2018,4,Arizona,40070,1,1,0,1,1,1,1,13,MARICOPA (13),PHOENIX,18,1,2018,5,Thursday,23,11:00pm-11:59pm,11,This section IS NOT on the NHS,6,Local Street - Municipality,OSBORN RD,,2,Urban,5,Major Collector,4,City or Municipal Highway Agency,0,None,33.48775833,-112.09243056,No Special Jurisdiction,33,Curb,0,Not a Collision with Motor Vehicle In-Transport,0,No,1,Non-Junction,1,Not an Intersection,None,4,On Roadside,3,Dark - Lighted,1,Clear,0,23,11:00pm-11:59pm,11,23,11:00pm-11:59pm,18,23,11:00pm-11:59pm,24,1,0
2018,4,Arizona,40071,1,1,0,1,1,1,1,13,MARICOPA (13),PHOENIX,21,1,2018,1,Sunday,19,7:00pm-7:59pm,51,This section IS NOT on the NHS,6,Local Street - Municipality,THOMAS RD,,2,Urban,3,Principal Arterial - Other,4,City or Municipal Highway Agency,0,None,33.48044722,-112.01897222,No Special Jurisdiction,8,Pedestrian,0,Not a Collision with Motor Vehicle In-Transport,0,No,1,Non-Junction,1,Not an Intersection,None,1,On Roadway,3,Dark - Lighted,1,Clear,0,19,7:00pm-7:59pm,52,19,7:00pm-7:59pm,57,20,8:00pm-8:59pm,9,1,1
2018,4,Arizona,40072,2,2,0,0,2,2,0,13,MARICOPA (13),PHOENIX,24,1,2018,4,Wednesday,6,6:00am-6:59am,46,This section IS NOT on the NHS,6,Local Street - Municipality,67TH AVE,MONTE VISTA RD,2,Urban,4,Minor Arterial,4,City or Municipal Highway Agency,0,None,33.47173611,-112.20333889,No Special Jurisdiction,12,Motor Vehicle In-Transport,6,Angle,0,No,2,Intersection,2,Four-Way Intersection,None,1,On Roadway,3,Dark - Lighted,1,Clear,0,6,6:00am-6:59am,47,6,6:00am-6:59am,51,7,7:00am-7:59am,8,1,0
2018,4,Arizona,40073,2,2,0,0,2,2,0,13,MARICOPA (13),PHOENIX,24,1,2018,4,Wednesday,12,12:00pm-12:59pm,18,This section IS ON the NHS,7,Local Street - Frontage Road,I-17 FRONTAGE RD,,2,Urban,1,Interstate,1,State Highway Agency,0,None,33.659,-112.114575,No Special Jurisdiction,12,Motor Vehicle In-Transport,7,Sideswipe - Same Direction,0,No,1,Non-Junction,1,Not an Intersection,None,1,On Roadway,1,Daylight,1,Clear,0,12,12:00pm-12:59pm,18,12,12:00pm-12:59pm,22,88,Not Applicable (Not Transported),Not Applicable (Not Transported),1,1