AccidentYear,STATE,STATENAME,ST_CASE,VE_TOTAL,VE_FORMS,PVH_INVL,PEDS,PERSONS,PERMVIT,PERNOTMVIT,COUNTY,COUNTYNAME,CITYNAME,DAY,MONTH,YEAR,DAY_WEEK,DAY_WEEKNAME,HOUR,HOURNAME,MINUTENAME,NHSNAME,ROUTE,ROUTENAME,TWAY_ID,TWAY_ID2,RUR_URB,RUR_URBNAME,FUNC_SYS,FUNC_SYSNAME,RD_OWNER,RD_OWNERNAME,MILEPT,MILEPTNAME,LATITUDENAME,LONGITUDNAME,SP_JURNAME,HARM_EV,HARM_EVNAME,MAN_COLL,MAN_COLLNAME,RELJCT1,RELJCT1NAME,RELJCT2,RELJCT2NAME,TYP_INT,TYP_INTNAME,WRK_ZONENAME,REL_ROAD,REL_ROADNAME,LGT_COND,LGT_CONDNAME,WEATHER,WEATHERNAME,SCH_BUS,NOT_HOUR,NOT_HOURNAME,NOT_MINNAME,ARR_HOUR,ARR_HOURNAME,ARR_MINNAME,HOSP_HR,HOSP_HRNAME,HOSP_MNNAME,FATALS,DRUNK_DR
2018,4,Arizona,40075,2,2,0,0,6,6,0,13,MARICOPA (13),PHOENIX,28,1,2018,1,Sunday,18,6:00pm-6:59pm,56,This section IS NOT on the NHS,6,Local Street - Municipality,19TH AVE,BEHREND DR,2,Urban,3,Principal Arterial - Other,4,City or Municipal Highway Agency,0,None,33.66560278,-112.09983056,No Special Jurisdiction,12,Motor Vehicle In-Transport,6,Angle,0,No,2,Intersection,3,T-Intersection,None,1,On Roadway,3,Dark - Lighted,1,Clear,0,18,6:00pm-6:59pm,58,19,7:00pm-7:59pm,4,88,Not Applicable (Not Transported),Not Applicable (Not Transported),1,0
2018,4,Arizona,40076,1,1,0,0,1,1,0,5,COCONINO (5),NOT APPLICABLE,1,1,2018,2,Monday,99,Unknown Hours,Unknown Minutes,This section IS NOT on the NHS,8,Other,INDIAN ROUTE 67,,1,Rural,7,Local,99,Unknown,0,None,Reported as Unknown,Reported as Unknown,Indian Reservation,99,Reported as Unknown,0,Not a Collision with Motor Vehicle In-Transport,0,No,99,Reported as Unknown,99,Reported as Unknown,None,99,Reported as Unknown,9,Reported as Unknown,98,Not Reported,0,99,Unknown,Unknown,99,Unknown EMS Scene Arrival Hour,Unknown EMS Scene Arrival Minutes,99,Unknown,Unknown EMS Hospital Arrival Time,1,0
2018,4,Arizona,40077,1,1,0,1,1,1,1,17,NAVAJO (17),PINETOP,1,1,2018,2,Monday,7,7:00am-7:59am,1,This section IS ON the NHS,3,State Highway,SR-260,,2,Urban,3,Principal Arterial - Other,1,State Highway Agency,1722,1722,34.12905556,-109.9457,No Special Jurisdiction,8,Pedestrian,0,Not a Collision with Motor Vehicle In-Transport,0,No,99,Reported as Unknown,99,Reported as Unknown,None,99,Reported as Unknown,1,Daylight,98,Not Reported,0,99,Unknown,Unknown,99,Unknown EMS Scene Arrival Hour,Unknown EMS Scene Arrival Minutes,99,Unknown,Unknown EMS Hospital Arrival Time,1,0
2018,4,Arizona,40078,1,1,0,0,2,2,0,13,MARICOPA (13),NOT APPLICABLE,3,1,2018,4,Wednesday,8,8:00am-8:59am,14,This section IS NOT on the NHS,4,County Road,CR-OLD US 80,,1,Rural,5,Major Collector,2,County Highway Agency,0,None,Reported as Unknown,Reported as Unknown,No Special Jurisdiction,1,Rollover/Overturn,0,Not a Collision with Motor Vehicle In-Transport,0,No,1,Non-Junction,1,Not an Intersection,None,6,Off Roadway-Location Unknown,1,Daylight,1,Clear,0,8,8:00am-8:59am,14,8,8:00am-8:59am,27,88,Not Applicable (Not Transported),Not Applicable (Not Transported),2,1
2018,4,Arizona,40080,1,1,0,1,2,2,1,13,MARICOPA (13),AVONDALE,6,1,2018,7,Saturday,21,9:00pm-9:59pm,33,This section IS NOT on the NHS,6,Local Street - Municipality,CR-LOWER BUCKEY RD,,2,Urban,4,Minor Arterial,2,County Highway Agency,0,None,33.42071111,-112.33463889,No Special Jurisdiction,8,Pedestrian,0,Not a Collision with Motor Vehicle In-Transport,0,No,1,Non-Junction,1,Not an Intersection,None,1,On Roadway,2,Dark - Not Lighted,1,Clear,0,21,9:00pm-9:59pm,33,21,9:00pm-9:59pm,40,88,Not Applicable (Not Transported),Not Applicable (Not Transported),1,0
2018,4,Arizona,40081,1,1,0,0,2,2,0,13,MARICOPA (13),BUCKEYE,7,1,2018,1,Sunday,21,9:00pm-9:59pm,50,This section IS NOT on the NHS,4,County Road,CR-TONOPAH SALOME HWY,,1,Rural,5,Major Collector,2,County Highway Agency,0,None,33.44919722,-112.627875,No Special Jurisdiction,25,Concrete Traffic Barrier,0,Not a Collision with Motor Vehicle In-Transport,0,No,1,Non-Junction,1,Not an Intersection,None,4,On Roadside,6,Dark - Unknown Lighting,1,Clear,0,88,Not Applicable (Not Notified),Not Applicable (Not Notified),88,Not Applicable,Not Applicable,88,Not Applicable (Not Transported),Not Applicable (Not Transported),1,1
2018,4,Arizona,40082,1,1,0,1,1,1,1,21,PINAL (21),APACHE JUNCTION,11,1,2018,5,Thursday,1,1:00am-1:59am,5,This section IS NOT on the NHS,6,Local Street - Municipality,IRONWOOD DR,,2,Urban,4,Minor Arterial,4,City or Municipal Highway Agency,0,None,33.395275,-111.56338333,No Special Jurisdiction,8,Pedestrian,0,Not a Collision with Motor Vehicle In-Transport,0,No,1,Non-Junction,1,Not an Intersection,None,1,On Roadway,3,Dark - Lighted,1,Clear,0,1,1:00am-1:59am,6,1,1:00am-1:59am,14,1,1:00am-1:59am,50,1,0
2018,4,Arizona,40083,2,2,0,0,3,3,0,17,NAVAJO (17),NOT APPLICABLE,14,1,2018,1,Sunday,16,4:00pm-4:59pm,37,This section IS NOT on the NHS,5,Local Street - Township,BLACK MESA VALLEY RD,,1,Rural,7,Local,98,Not Reported,0,None,34.54366944,-109.89748056,No Special Jurisdiction,12,Motor Vehicle In-Transport,2,Front-to-Front,0,No,1,Non-Junction,1,Not an Intersection,None,1,On Roadway,9,Reported as Unknown,98,Not Reported,0,16,4:00pm-4:59pm,57,16,4:00pm-4:59pm,58,99,Unknown,Unknown EMS Hospital Arrival Time,1,1
2018,4,Arizona,40085,2,2,0,0,3,3,0,17,NAVAJO (17),NOT APPLICABLE,19,1,2018,6,Friday,14,2:00pm-2:59pm,30,This section IS NOT on the NHS,3,State Highway,SR-87,NAVAJO ROYTE 15,1,Rural,5,Major Collector,1,State Highway Agency,2788,2788,35.67516389,-110.49831944,Indian Reservation,12,Motor Vehicle In-Transport,6,Angle,0,No,99,Reported as Unknown,99,Reported as Unknown,None,99,Reported as Unknown,1,Daylight,98,Not Reported,0,99,Unknown,Unknown,99,Unknown EMS Scene Arrival Hour,Unknown EMS Scene Arrival Minutes,99,Unknown,Unknown EMS Hospital Arrival Time,2,0
2018,4,Arizona,40086,1,1,0,0,2,2,0,13,MARICOPA (13),Unknown,20,1,2018,7,Saturday,0,0:00am-0:59am,57,This section IS NOT on the NHS,6,Local Street - Municipality,MILLER RD,,1,Rural,4,Minor Arterial,98,Not Reported,0,None,Reported as Unknown,Reported as Unknown,No Special Jurisdiction,1,Rollover/Overturn,0,Not a Collision with Motor Vehicle In-Transport,0,No,99,Reported as Unknown,99,Reported as Unknown,None,99,Reported as Unknown,6,Dark - Unknown Lighting,98,Not Reported,0,99,Unknown,Unknown,99,Unknown EMS Scene Arrival Hour,Unknown EMS Scene Arrival Minutes,99,Unknown,Unknown EMS Hospital Arrival Time,1,1
2018,4,Arizona,40087,2,2,0,0,2,2,0,13,MARICOPA (13),GLENDALE,23,1,2018,3,Tuesday,6,6:00am-6:59am,25,This section IS NOT on the NHS,6,Local Street - Municipality,GLENDALE AVE,KACHINA GATE,1,Rural,4,Minor Arterial,4,City or Municipal Highway Agency,0,None,33.53681667,-112.35038611,No Special Jurisdiction,12,Motor Vehicle In-Transport,1,Front-to-Rear,0,No,3,Intersection-Related,3,T-Intersection,None,1,On Roadway,3,Dark - Lighted,1,Clear,0,6,6:00am-6:59am,23,6,6:00am-6:59am,29,6,6:00am-6:59am,55,1,0
2018,4,Arizona,40089,2,2,0,0,2,2,0,13,MARICOPA (13),GLENDALE,25,1,2018,5,Thursday,17,5:00pm-5:59pm,9,This section IS NOT on the NHS,6,Local Street - Municipality,THUNDERBIRD RD,59TH AVE,2,Urban,3,Principal Arterial - Other,4,City or Municipal Highway Agency,0,None,33.61073889,-112.18585556,No Special Jurisdiction,12,Motor Vehicle In-Transport,6,Angle,0,No,2,Intersection,2,Four-Way Intersection,None,1,On Roadway,1,Daylight,1,Clear,0,17,5:00pm-5:59pm,10,17,5:00pm-5:59pm,12,17,5:00pm-5:59pm,25,1,0
2018,4,Arizona,40091,2,2,0,0,2,2,0,13,MARICOPA (13),CHANDLER,30,1,2018,3,Tuesday,13,1:00pm-1:59pm,8,This section IS ON the NHS,3,State Highway,SR-87 ARIZONA AVE,,2,Urban,3,Principal Arterial - Other,4,City or Municipal Highway Agency,463,463,33.23130833,-111.84130278,No Special Jurisdiction,12,Motor Vehicle In-Transport,6,Angle,0,No,8,Driveway Access Related,1,Not an Intersection,None,1,On Roadway,1,Daylight,1,Clear,0,13,1:00pm-1:59pm,9,13,1:00pm-1:59pm,12,13,1:00pm-1:59pm,43,1,0
2018,4,Arizona,40093,1,1,0,1,1,1,1,19,PIMA (19),NOT APPLICABLE,31,1,2018,4,Wednesday,9,9:00am-9:59am,38,This section IS NOT on the NHS,6,Local Street - Municipality,RIVER RD,,2,Urban,3,Principal Arterial - Other,4,City or Municipal Highway Agency,0,None,32.30632778,-111.02191111,No Special Jurisdiction,9,Pedalcyclist,0,Not a Collision with Motor Vehicle In-Transport,0,No,1,Non-Junction,1,Not an Intersection,None,1,On Roadway,1,Daylight,1,Clear,0,9,9:00am-9:59am,40,9,9:00am-9:59am,46,88,Not Applicable (Not Transported),Not Applicable (Not Transported),1,0
2018,4,Arizona,40094,1,1,0,0,1,1,0,13,MARICOPA (13),PHOENIX,26,1,2018,6,Friday,99,Unknown Hours,Unknown Minutes,This section IS NOT on the NHS,6,Local Street - Municipality,59TH AVE,,2,Urban,4,Minor Arterial,4,City or Municipal Highway Agency,0,None,Reported as Unknown,Reported as Unknown,No Special Jurisdiction,99,Reported as Unknown,99,Reported as Unknown,0,No,99,Reported as Unknown,99,Reported as Unknown,None,99,Reported as Unknown,9,Reported as Unknown,98,Not Reported,0,99,Unknown,Unknown,99,Unknown EMS Scene Arrival Hour,Unknown EMS Scene Arrival Minutes,99,Unknown,Unknown EMS Hospital Arrival Time,1,0
2018,4,Arizona,40095,1,1,0,1,1,1,1,19,PIMA (19),TUCSON,26,1,2018,6,Friday,0,0:00am-0:59am,27,This section IS NOT on the NHS,6,Local Street - Municipality,BROADWAY RD,GOLLOB RD,2,Urban,3,Principal Arterial - Other,4,City or Municipal Highway Agency,0,None,32.22082778,-110.79831667,No Special Jurisdiction,8,Pedestrian,0,Not a Collision with Motor Vehicle In-Transport,0,No,2,Intersection,2,Four-Way Intersection,Construction,1,On Roadway,3,Dark - Lighted,1,Clear,0,0,0:00am-0:59am,24,0,0:00am-0:59am,28,88,Not Applicable (Not Transported),Not Applicable (Not Transported),1,0
2018,4,Arizona,40096,1,1,0,1,1,1,1,19,PIMA (19),TUCSON,1,2,2018,5,Thursday,7,7:00am-7:59am,1,This section IS NOT on the NHS,6,Local Street - Municipality,SWAN RD,FORT LOWELL RD,2,Urban,3,Principal Arterial - Other,4,City or Municipal Highway Agency,0,None,32.26139444,-110.892425,No Special Jurisdiction,8,Pedestrian,0,Not a Collision with Motor Vehicle In-Transport,0,No,3,Intersection-Related,2,Four-Way Intersection,None,1,On Roadway,4,Dawn,1,Clear,1,7,7:00am-7:59am,1,7,7:00am-7:59am,2,7,7:00am-7:59am,21,1,0
2018,4,Arizona,40097,3,3,0,0,3,3,0,19,PIMA (19),TUCSON,1,2,2018,5,Thursday,12,12:00pm-12:59pm,22,This section IS NOT on the NHS,6,Local Street - Municipality,STONE AVE,BLACKLIDGE DR,2,Urban,4,Minor Arterial,4,City or Municipal Highway Agency,0,None,32.26123611,-110.97201111,No Special Jurisdiction,12,Motor Vehicle In-Transport,6,Angle,0,No,2,Intersection,2,Four-Way Intersection,None,1,On Roadway,1,Daylight,1,Clear,0,12,12:00pm-12:59pm,22,12,12:00pm-12:59pm,25,99,Unknown,Unknown EMS Hospital Arrival Time,1,0
2018,4,Arizona,40098,1,1,0,1,1,1,1,5,COCONINO (5),NOT APPLICABLE,2,2,2018,6,Friday,20,8:00pm-8:59pm,2,This section IS NOT on the NHS,3,State Highway,SR-98,,1,Rural,5,Major Collector,1,State Highway Agency,280,280,36.63108333,-111.20787778,Indian Reservation,8,Pedestrian,0,Not a Collision with Motor Vehicle In-Transport,0,No,1,Non-Junction,1,Not an Intersection,None,1,On Roadway,2,Dark - Not Lighted,1,Clear,0,19,7:00pm-7:59pm,57,20,8:00pm-8:59pm,19,88,Not Applicable (Not Transported),Not Applicable (Not Transported),1,0
2018,4,Arizona,40099,2,2,0,0,2,2,0,13,MARICOPA (13),MESA,3,2,2018,7,Saturday,11,11:00am-11:59am,42,This section IS NOT on the NHS,6,Local Street - Municipality,BROADWAY RD,LEBARON,2,Urban,3,Principal Arterial - Other,4,City or Municipal Highway Agency,0,None,33.40787778,-111.83788889,No Special Jurisdiction,12,Motor Vehicle In-Transport,6,Angle,0,No,2,Intersection,3,T-Intersection,None,1,On Roadway,1,Daylight,1,Clear,0,11,11:00am-11:59am,42,11,11:00am-11:59am,45,12,12:00pm-12:59pm,10,1,0
2018,4,Arizona,40100,2,2,0,0,2,2,0,13,MARICOPA (13),PHOENIX,3,2,2018,7,Saturday,19,7:00pm-7:59pm,20,This section IS NOT on the NHS,6,Local Street - Municipality,7TH AVE,,2,Urban,4,Minor Arterial,4,City or Municipal Highway Agency,0,None,33.64831389,-112.08276667,No Special Jurisdiction,12,Motor Vehicle In-Transport,6,Angle,0,No,8,Driveway Access Related,1,Not an Intersection,None,1,On Roadway,3,Dark - Lighted,1,Clear,0,19,7:00pm-7:59pm,22,19,7:00pm-7:59pm,25,19,7:00pm-7:59pm,42,1,0
2018,4,Arizona,40101,1,1,0,1,1,1,1,13,MARICOPA (13),PHOENIX,4,2,2018,1,Sunday,2,2:00am-2:59am,4,This section IS NOT on the NHS,6,Local Street - Municipality,43RD AVE,CLAREMONT ST,2,Urban,4,Minor Arterial,4,City or Municipal Highway Agency,0,None,33.52915556,-112.151475,No Special Jurisdiction,8,Pedestrian,0,Not a Collision with Motor Vehicle In-Transport,0,No,3,Intersection-Related,3,T-Intersection,None,1,On Roadway,3,Dark - Lighted,1,Clear,0,2,2:00am-2:59am,5,2,2:00am-2:59am,10,2,2:00am-2:59am,25,1,0
2018,4,Arizona,40102,3,3,0,0,3,3,0,23,SANTA CRUZ (23),NOT APPLICABLE,5,2,2018,2,Monday,14,2:00pm-2:59pm,41,This section IS NOT on the NHS,3,State Highway,SR-82,,1,Rural,5,Major Collector,1,State Highway Agency,166,166,31.52458889,-110.77256389,No Special Jurisdiction,12,Motor Vehicle In-Transport,8,Sideswipe - Opposite Direction,0,No,1,Non-Junction,1,Not an Intersection,None,1,On Roadway,1,Daylight,1,Clear,0,14,2:00pm-2:59pm,44,14,2:00pm-2:59pm,48,88,Not Applicable (Not Transported),Not Applicable (Not Transported),2,0
2018,4,Arizona,40103,1,1,0,0,1,1,0,13,MARICOPA (13),GILBERT,5,2,2018,2,Monday,16,4:00pm-4:59pm,1,This section IS ON the NHS,3,State Highway,SR-202,,2,Urban,2,Principal Arterial - Other Freeways and Expressways,1,State Highway Agency,392,392,33.32634167,-111.732475,No Special Jurisdiction,57,Cable Barrier,0,Not a Collision with Motor Vehicle In-Transport,0,No,1,Non-Junction,1,Not an Intersection,None,3,On Median,1,Daylight,1,Clear,0,16,4:00pm-4:59pm,1,16,4:00pm-4:59pm,5,16,4:00pm-4:59pm,30,1,0
2018,4,Arizona,40104,1,1,0,1,2,2,1,19,PIMA (19),NOT APPLICABLE,5,2,2018,2,Monday,19,7:00pm-7:59pm,42,This section IS NOT on the NHS,4,County Road,CR-DREXEL RD,,2,Urban,4,Minor Arterial,2,County Highway Agency,0,None,32.14837222,-111.01762222,No Special Jurisdiction,8,Pedestrian,0,Not a Collision with Motor Vehicle In-Transport,0,No,1,Non-Junction,1,Not an Intersection,None,1,On Roadway,2,Dark - Not Lighted,1,Clear,0,19,7:00pm-7:59pm,42,19,7:00pm-7:59pm,53,88,Not Applicable (Not Transported),Not Applicable (Not Transported),1,0
2018,4,Arizona,40105,1,1,0,0,1,1,0,13,MARICOPA (13),PHOENIX,5,2,2018,2,Monday,19,7:00pm-7:59pm,55,This section IS NOT on the NHS,6,Local Street - Municipality,BETHANY HOME RD,,2,Urban,4,Minor Arterial,4,City or Municipal Highway Agency,0,None,33.52381111,-112.06116389,No Special Jurisdiction,33,Curb,0,Not a Collision with Motor Vehicle In-Transport,0,No,1,Non-Junction,1,Not an Intersection,None,4,On Roadside,3,Dark - Lighted,1,Clear,0,19,7:00pm-7:59pm,55,19,7:00pm-7:59pm,56,20,8:00pm-8:59pm,17,1,0
2018,4,Arizona,40107,2,2,0,0,3,3,0,13,MARICOPA (13),PHOENIX,6,2,2018,3,Tuesday,23,11:00pm-11:59pm,52,This section IS NOT on the NHS,6,Local Street - Municipality,THOMAS RD,57TH AVE,2,Urban,3,Principal Arterial - Other,4,City or Municipal Highway Agency,0,None,33.48053611,-112.18212222,No Special Jurisdiction,12,Motor Vehicle In-Transport,6,Angle,0,No,2,Intersection,3,T-Intersection,None,1,On Roadway,3,Dark - Lighted,1,Clear,0,23,11:00pm-11:59pm,54,23,11:00pm-11:59pm,55,0,0:00am-0:59am,21,1,1
2018,4,Arizona,40108,2,1,1,0,2,2,0,19,PIMA (19),TUCSON,7,2,2018,4,Wednesday,11,11:00am-11:59am,41,This section IS NOT on the NHS,6,Local Street - Municipality,VALENCIA RD,,2,Urban,3,Principal Arterial - Other,4,City or Municipal Highway Agency,0,None,32.13378333,-111.00988056,No Special Jurisdiction,18,Other Object (not fixed),0,Not a Collision with Motor Vehicle In-Transport,0,No,1,Non-Junction,1,Not an Intersection,Construction,4,On Roadside,1,Daylight,1,Clear,0,11,11:00am-11:59am,41,11,11:00am-11:59am,47,12,12:00pm-12:59pm,15,1,0
2018,4,Arizona,40109,1,1,0,0,1,1,0,19,PIMA (19),MARANA,7,2,2018,4,Wednesday,12,12:00pm-12:59pm,8,This section IS ON the NHS,1,Interstate,I-10,,2,Urban,1,Interstate,1,State Highway Agency,2443,2443,32.39014444,-111.11882222,No Special Jurisdiction,57,Cable Barrier,0,Not a Collision with Motor Vehicle In-Transport,0,No,1,Non-Junction,1,Not an Intersection,None,3,On Median,1,Daylight,1,Clear,0,12,12:00pm-12:59pm,4,12,12:00pm-12:59pm,11,14,2:00pm-2:59pm,42,1,0
2018,4,Arizona,40110,2,2,0,0,3,3,0,21,PINAL (21),NOT APPLICABLE,7,2,2018,4,Wednesday,12,12:00pm-12:59pm,37,This section IS ON the NHS,2,U.S. Highway,US-60,,1,Rural,3,Principal Arterial - Other,1,State Highway Agency,1978,1978,33.30972778,-111.06453056,No Special Jurisdiction,12,Motor Vehicle In-Transport,2,Front-to-Front,0,No,1,Non-Junction,1,Not an Intersection,None,1,On Roadway,1,Daylight,1,Clear,0,12,12:00pm-12:59pm,45,12,12:00pm-12:59pm,52,99,Unknown,Unknown EMS Hospital Arrival Time,1,0
2018,4,Arizona,40111,2,2,0,0,2,2,0,13,MARICOPA (13),MESA,7,2,2018,4,Wednesday,19,7:00pm-7:59pm,45,This section IS NOT on the NHS,6,Local Street - Municipality,GUADALUPE RD,SR-202 RAMP,2,Urban,4,Minor Arterial,1,State Highway Agency,0,None,33.364575,-111.64483056,No Special Jurisdiction,12,Motor Vehicle In-Transport,1,Front-to-Rear,1,Yes,18,Through Roadway,1,Not an Intersection,None,1,On Roadway,3,Dark - Lighted,1,Clear,0,19,7:00pm-7:59pm,45,19,7:00pm-7:59pm,50,99,Unknown,Unknown EMS Hospital Arrival Time,1,1
2018,4,Arizona,40113,1,1,0,0,2,2,0,19,PIMA (19),NOT APPLICABLE,8,2,2018,5,Thursday,14,2:00pm-2:59pm,42,This section IS ON the NHS,1,Interstate,I-19,,1,Rural,1,Interstate,1,State Highway Agency,530,530,32.04611111,-110.99289444,Indian Reservation,1,Rollover/Overturn,0,Not a Collision with Motor Vehicle In-Transport,0,No,1,Non-Junction,1,Not an Intersection,None,3,On Median,1,Daylight,1,Clear,0,14,2:00pm-2:59pm,46,14,2:00pm-2:59pm,59,99,Unknown,Unknown EMS Hospital Arrival Time,1,1
2018,4,Arizona,40114,1,1,0,0,1,1,0,13,MARICOPA (13),PHOENIX,9,2,2018,6,Friday,14,2:00pm-2:59pm,40,This section IS ON the NHS,3,State Highway,SR-202 RAMP,,2,Urban,2,Principal Arterial - Other Freeways and Expressways,1,State Highway Agency,30,30,33.45526944,-111.9835,No Special Jurisdiction,42,Tree (Standing Only),0,Not a Collision with Motor Vehicle In-Transport,1,Yes,5,Entrance/Exit Ramp Related,1,Not an Intersection,None,4,On Roadside,1,Daylight,1,Clear,0,14,2:00pm-2:59pm,43,14,2:00pm-2:59pm,54,88,Not Applicable (Not Transported),Not Applicable (Not Transported),1,0
2018,4,Arizona,40115,2,2,0,0,3,3,0,19,PIMA (19),NOT APPLICABLE,11,2,2018,1,Sunday,0,0:00am-0:59am,33,This section IS NOT on the NHS,4,County Road,CR-VALENCIA RD,,2,Urban,4,Minor Arterial,2,County Highway Agency,0,None,32.13338611,-111.04651667,No Special Jurisdiction,12,Motor Vehicle In-Transport,2,Front-to-Front,0,No,1,Non-Junction,1,Not an Intersection,None,1,On Roadway,2,Dark - Not Lighted,1,Clear,0,0,0:00am-0:59am,33,0,0:00am-0:59am,40,99,Unknown,Unknown EMS Hospital Arrival Time,1,1
2018,4,Arizona,40116,1,1,0,1,1,1,1,19,PIMA (19),TUCSON,11,2,2018,1,Sunday,1,1:00am-1:59am,24,This section IS ON the NHS,4,County Road,CR-GOLF LINKS RD,,2,Urban,2,Principal Arterial - Other Freeways and Expressways,2,County Highway Agency,0,None,32.19193056,-110.85508611,No Special Jurisdiction,8,Pedestrian,0,Not a Collision with Motor Vehicle In-Transport,0,No,1,Non-Junction,1,Not an Intersection,None,1,On Roadway,3,Dark - Lighted,1,Clear,0,1,1:00am-1:59am,25,1,1:00am-1:59am,33,2,2:00am-2:59am,26,1,0
2018,4,Arizona,40118,2,2,0,0,2,2,0,12,LA PAZ (12),NOT APPLICABLE,14,2,2018,4,Wednesday,14,2:00pm-2:59pm,42,This section IS ON the NHS,1,Interstate,I-10,,1,Rural,1,Interstate,1,State Highway Agency,447,447,33.63285556,-113.7785,No Special Jurisdiction,12,Motor Vehicle In-Transport,2,Front-to-Front,0,No,1,Non-Junction,1,Not an Intersection,None,1,On Roadway,1,Daylight,10,Cloudy,0,14,2:00pm-2:59pm,44,15,3:00pm-3:59pm,9,99,Unknown,Unknown EMS Hospital Arrival Time,1,0
2018,4,Arizona,40119,1,1,0,1,1,1,1,19,PIMA (19),TUCSON,14,2,2018,4,Wednesday,22,10:00pm-10:59pm,8,This section IS NOT on the NHS,6,Local Street - Municipality,22ND ST,SWAN RD,2,Urban,3,Principal Arterial - Other,98,Not Reported,0,None,32.20687222,-110.89216389,No Special Jurisdiction,8,Pedestrian,0,Not a Collision with Motor Vehicle In-Transport,0,No,3,Intersection-Related,2,Four-Way Intersection,None,1,On Roadway,3,Dark - Lighted,2,Rain,0,22,10:00pm-10:59pm,8,22,10:00pm-10:59pm,13,22,10:00pm-10:59pm,30,1,0
2018,4,Arizona,40120,2,2,0,0,3,3,0,13,MARICOPA (13),SCOTTSDALE,15,2,2018,5,Thursday,9,9:00am-9:59am,43,This section IS NOT on the NHS,4,County Road,CR-MCKELLIPS RD,,2,Urban,3,Principal Arterial - Other,2,County Highway Agency,0,None,33.45131667,-111.90578333,No Special Jurisdiction,12,Motor Vehicle In-Transport,2,Front-to-Front,0,No,1,Non-Junction,1,Not an Intersection,None,1,On Roadway,1,Daylight,2,Rain,0,9,9:00am-9:59am,45,9,9:00am-9:59am,55,10,10:00am-10:59am,13,1,1
2018,4,Arizona,40121,3,3,0,0,3,3,0,13,MARICOPA (13),MESA,15,2,2018,5,Thursday,13,1:00pm-1:59pm,43,This section IS NOT on the NHS,6,Local Street - Municipality,GUADALUPE RD,,2,Urban,4,Minor Arterial,4,City or Municipal Highway Agency,0,None,33.36388056,-111.89143333,No Special Jurisdiction,12,Motor Vehicle In-Transport,8,Sideswipe - Opposite Direction,0,No,1,Non-Junction,1,Not an Intersection,None,11,Continuous Left - Turn Lane,1,Daylight,10,Cloudy,0,99,Unknown,Unknown,99,Unknown EMS Scene Arrival Hour,Unknown EMS Scene Arrival Minutes,99,Unknown,Unknown EMS Hospital Arrival Time,1,0
2018,4,Arizona,40122,1,1,0,0,4,4,0,19,PIMA (19),TUCSON,15,2,2018,5,Thursday,20,8:00pm-8:59pm,37,This section IS NOT on the NHS,6,Local Street - Municipality,BEAR CANYON RD,,2,Urban,5,Major Collector,4,City or Municipal Highway Agency,0,None,32.25859167,-110.80218333,No Special Jurisdiction,5,Fell/Jumped from Vehicle,0,Not a Collision with Motor Vehicle In-Transport,0,No,8,Driveway Access Related,1,Not an Intersection,None,1,On Roadway,3,Dark - Lighted,2,Rain,0,20,8:00pm-8:59pm,37,20,8:00pm-8:59pm,40,88,Not Applicable (Not Transported),Not Applicable (Not Transported),1,0
2018,4,Arizona,40123,1,1,0,0,2,2,0,13,MARICOPA (13),GOODYEAR,16,2,2018,6,Friday,15,3:00pm-3:59pm,56,This section IS NOT on the NHS,6,Local Street - Municipality,MCDOWELL RD,,2,Urban,4,Minor Arterial,4,City or Municipal Highway Agency,0,None,33.46441944,-112.3472,No Special Jurisdiction,1,Rollover/Overturn,0,Not a Collision with Motor Vehicle In-Transport,0,No,1,Non-Junction,1,Not an Intersection,None,1,On Roadway,1,Daylight,1,Clear,0,15,3:00pm-3:59pm,58,16,4:00pm-4:59pm,3,16,4:00pm-4:59pm,14,1,0
2018,4,Arizona,40124,2,2,0,0,3,3,0,13,MARICOPA (13),MESA,17,2,2018,7,Saturday,12,12:00pm-12:59pm,14,This section IS NOT on the NHS,6,Local Street - Municipality,RECKER RD,BROWN RD,2,Urban,4,Minor Arterial,4,City or Municipal Highway Agency,0,None,33.43734167,-111.7017,No Special Jurisdiction,12,Motor Vehicle In-Transport,6,Angle,0,No,2,Intersection,2,Four-Way Intersection,None,1,On Roadway,1,Daylight,1,Clear,0,99,Unknown,Unknown,99,Unknown EMS Scene Arrival Hour,Unknown EMS Scene Arrival Minutes,99,Unknown,Unknown EMS Hospital Arrival Time,1,0
2018,4,Arizona,40125,1,1,0,0,3,3,0,19,PIMA (19),NOT APPLICABLE,17,2,2018,7,Saturday,12,12:00pm-12:59pm,29,This section IS NOT on the NHS,5,Local Street - Township,EL TIRO RD,,1,Rural,7,Local,98,Not Reported,0,None,32.42929722,-111.3735,No Special Jurisdiction,5,Fell/Jumped from Vehicle,0,Not a Collision with Motor Vehicle In-Transport,0,No,1,Non-Junction,1,Not an Intersection,None,1,On Roadway,1,Daylight,1,Clear,0,12,12:00pm-12:59pm,29,12,12:00pm-12:59pm,38,13,1:00pm-1:59pm,20,1,1