AccidentYear,STATE,STATENAME,ST_CASE,VE_TOTAL,VE_FORMS,PVH_INVL,PEDS,PERSONS,PERMVIT,PERNOTMVIT,COUNTY,COUNTYNAME,CITYNAME,DAY,MONTH,YEAR,DAY_WEEK,DAY_WEEKNAME,HOUR,HOURNAME,MINUTENAME,NHSNAME,ROUTE,ROUTENAME,TWAY_ID,TWAY_ID2,RUR_URB,RUR_URBNAME,FUNC_SYS,FUNC_SYSNAME,RD_OWNER,RD_OWNERNAME,MILEPT,MILEPTNAME,LATITUDENAME,LONGITUDNAME,SP_JURNAME,HARM_EV,HARM_EVNAME,MAN_COLL,MAN_COLLNAME,RELJCT1,RELJCT1NAME,RELJCT2,RELJCT2NAME,TYP_INT,TYP_INTNAME,WRK_ZONENAME,REL_ROAD,REL_ROADNAME,LGT_COND,LGT_CONDNAME,WEATHER,WEATHERNAME,SCH_BUS,NOT_HOUR,NOT_HOURNAME,NOT_MINNAME,ARR_HOUR,ARR_HOURNAME,ARR_MINNAME,HOSP_HR,HOSP_HRNAME,HOSP_MNNAME,FATALS,DRUNK_DR
2018,4,Arizona,40126,3,3,0,0,8,8,0,13,MARICOPA (13),PHOENIX,17,2,2018,7,Saturday,23,11:00pm-11:59pm,58,This section IS ON the NHS,6,Local Street - Municipality,INDIAN SCHOOL RD,67TH AVE,2,Urban,3,Principal Arterial - Other,4,City or Municipal Highway Agency,0,None,33.49483056,-112.20321944,No Special Jurisdiction,12,Motor Vehicle In-Transport,6,Angle,0,No,2,Intersection,2,Four-Way Intersection,None,1,On Roadway,3,Dark - Lighted,1,Clear,0,23,11:00pm-11:59pm,59,0,0:00am-0:59am,5,99,Unknown,Unknown EMS Hospital Arrival Time,1,0
2018,4,Arizona,40127,5,5,0,0,7,7,0,5,COCONINO (5),NOT APPLICABLE,19,2,2018,2,Monday,14,2:00pm-2:59pm,23,This section IS ON the NHS,1,Interstate,I-17,,1,Rural,1,Interstate,1,State Highway Agency,1186,1186,34.81673611,-111.61145556,No Special Jurisdiction,12,Motor Vehicle In-Transport,11,Other,0,No,1,Non-Junction,1,Not an Intersection,None,1,On Roadway,1,Daylight,4,Snow,0,14,2:00pm-2:59pm,32,14,2:00pm-2:59pm,59,16,4:00pm-4:59pm,10,1,0
2018,4,Arizona,40128,1,1,0,1,1,1,1,17,NAVAJO (17),NOT APPLICABLE,20,2,2018,3,Tuesday,19,7:00pm-7:59pm,39,This section IS NOT on the NHS,3,State Highway,SR-73,,2,Urban,5,Major Collector,1,State Highway Agency,229,229,33.79105556,-110.02818611,Indian Reservation,8,Pedestrian,0,Not a Collision with Motor Vehicle In-Transport,0,No,1,Non-Junction,1,Not an Intersection,None,1,On Roadway,2,Dark - Not Lighted,1,Clear,0,99,Unknown,Unknown,99,Unknown EMS Scene Arrival Hour,Unknown EMS Scene Arrival Minutes,88,Not Applicable (Not Transported),Not Applicable (Not Transported),1,0
2018,4,Arizona,40129,1,1,0,0,1,1,0,25,YAVAPAI (25),NOT APPLICABLE,20,2,2018,3,Tuesday,20,8:00pm-8:59pm,50,This section IS ON the NHS,3,State Highway,SR-69,,1,Rural,3,Principal Arterial - Other,1,State Highway Agency,58,58,34.38001111,-112.19598611,No Special Jurisdiction,59,Traffic Sign Support,0,Not a Collision with Motor Vehicle In-Transport,0,No,1,Non-Junction,1,Not an Intersection,None,3,On Median,2,Dark - Not Lighted,1,Clear,0,20,8:00pm-8:59pm,52,20,8:00pm-8:59pm,55,88,Not Applicable (Not Transported),Not Applicable (Not Transported),1,1
2018,4,Arizona,40130,1,1,0,0,1,1,0,25,YAVAPAI (25),NOT APPLICABLE,22,2,2018,5,Thursday,13,1:00pm-1:59pm,42,This section IS ON the NHS,3,State Highway,SR-69,,1,Rural,3,Principal Arterial - Other,1,State Highway Agency,150,150,34.47683333,-112.26209167,No Special Jurisdiction,24,Guardrail Face,0,Not a Collision with Motor Vehicle In-Transport,0,No,1,Non-Junction,1,Not an Intersection,None,4,On Roadside,1,Daylight,1,Clear,0,13,1:00pm-1:59pm,42,13,1:00pm-1:59pm,57,88,Not Applicable (Not Transported),Not Applicable (Not Transported),1,0
2018,4,Arizona,40131,2,2,0,0,2,2,0,13,MARICOPA (13),PHOENIX,22,2,2018,5,Thursday,16,4:00pm-4:59pm,8,This section IS NOT on the NHS,6,Local Street - Municipality,MCDOWELL RD,64TH ST,2,Urban,3,Principal Arterial - Other,4,City or Municipal Highway Agency,0,None,33.46595,-111.94358611,No Special Jurisdiction,12,Motor Vehicle In-Transport,6,Angle,0,No,2,Intersection,2,Four-Way Intersection,None,1,On Roadway,1,Daylight,1,Clear,0,16,4:00pm-4:59pm,9,16,4:00pm-4:59pm,18,88,Not Applicable (Not Transported),Not Applicable (Not Transported),1,0
2018,4,Arizona,40132,1,1,0,0,1,1,0,19,PIMA (19),TUCSON,24,2,2018,7,Saturday,2,2:00am-2:59am,3,This section IS ON the NHS,3,State Highway,SR-210 RAMP AVIATION PKWY,,2,Urban,2,Principal Arterial - Other Freeways and Expressways,4,City or Municipal Highway Agency,99999,Unknown,32.19032222,-110.90785556,No Special Jurisdiction,33,Curb,0,Not a Collision with Motor Vehicle In-Transport,1,Yes,5,Entrance/Exit Ramp Related,1,Not an Intersection,None,4,On Roadside,3,Dark - Lighted,1,Clear,0,2,2:00am-2:59am,3,2,2:00am-2:59am,10,2,2:00am-2:59am,48,1,0
2018,4,Arizona,40133,1,1,0,0,1,1,0,3,COCHISE (3),NOT APPLICABLE,25,2,2018,1,Sunday,13,1:00pm-1:59pm,12,This section IS ON the NHS,1,Interstate,I-10,,1,Rural,1,Interstate,1,State Highway Agency,2968,2968,31.96303056,-110.44603056,No Special Jurisdiction,41,Shrubbery,0,Not a Collision with Motor Vehicle In-Transport,0,No,1,Non-Junction,1,Not an Intersection,None,3,On Median,1,Daylight,1,Clear,0,13,1:00pm-1:59pm,17,13,1:00pm-1:59pm,27,15,3:00pm-3:59pm,0,1,0
2018,4,Arizona,40134,1,1,0,0,1,1,0,23,SANTA CRUZ (23),NOT APPLICABLE,27,2,2018,3,Tuesday,9,9:00am-9:59am,39,This section IS NOT on the NHS,3,State Highway,SR-82,,1,Rural,5,Major Collector,1,State Highway Agency,349,349,31.70180556,-110.58992778,No Special Jurisdiction,34,Ditch,0,Not a Collision with Motor Vehicle In-Transport,0,No,1,Non-Junction,1,Not an Intersection,None,4,On Roadside,1,Daylight,1,Clear,0,9,9:00am-9:59am,47,9,9:00am-9:59am,53,88,Not Applicable (Not Transported),Not Applicable (Not Transported),1,0
2018,4,Arizona,40136,2,2,0,0,3,3,0,19,PIMA (19),NOT APPLICABLE,9,2,2018,6,Friday,17,5:00pm-5:59pm,14,This section IS ON the NHS,1,Interstate,I-10,,2,Urban,1,Interstate,1,State Highway Agency,2538,2538,32.28143056,-111.01848611,No Special Jurisdiction,12,Motor Vehicle In-Transport,1,Front-to-Rear,0,No,1,Non-Junction,1,Not an Intersection,None,1,On Roadway,1,Daylight,1,Clear,0,17,5:00pm-5:59pm,14,17,5:00pm-5:59pm,23,99,Unknown,Unknown EMS Hospital Arrival Time,1,0
2018,4,Arizona,40137,2,2,0,0,2,2,0,21,PINAL (21),NOT APPLICABLE,14,2,2018,4,Wednesday,12,12:00pm-12:59pm,35,This section IS NOT on the NHS,3,State Highway,SR-347 JOHN WAYNE PKWY,MEADOWVIEW RD,1,Rural,4,Minor Arterial,1,State Highway Agency,3,3,32.87933611,-112.04926111,No Special Jurisdiction,12,Motor Vehicle In-Transport,6,Angle,0,No,2,Intersection,2,Four-Way Intersection,None,1,On Roadway,1,Daylight,2,Rain,0,12,12:00pm-12:59pm,38,12,12:00pm-12:59pm,53,88,Not Applicable (Not Transported),Not Applicable (Not Transported),1,0
2018,4,Arizona,40138,1,1,0,1,1,1,1,13,MARICOPA (13),MESA,8,2,2018,5,Thursday,7,7:00am-7:59am,42,This section IS NOT on the NHS,6,Local Street - Municipality,MCKELLIPS RD,,2,Urban,3,Principal Arterial - Other,4,City or Municipal Highway Agency,0,None,33.45148333,-111.68340833,No Special Jurisdiction,8,Pedestrian,0,Not a Collision with Motor Vehicle In-Transport,0,No,1,Non-Junction,1,Not an Intersection,None,1,On Roadway,1,Daylight,1,Clear,0,7,7:00am-7:59am,42,7,7:00am-7:59am,47,8,8:00am-8:59am,2,1,0
2018,4,Arizona,40140,1,1,0,0,2,2,0,13,MARICOPA (13),NOT APPLICABLE,1,2,2018,5,Thursday,17,5:00pm-5:59pm,33,This section IS NOT on the NHS,5,Local Street - Township,GAVILAN PEAK PKWY,,2,Urban,7,Local,98,Not Reported,0,None,33.85051667,-112.13886944,No Special Jurisdiction,33,Curb,0,Not a Collision with Motor Vehicle In-Transport,0,No,1,Non-Junction,1,Not an Intersection,None,3,On Median,1,Daylight,1,Clear,0,17,5:00pm-5:59pm,33,17,5:00pm-5:59pm,40,99,Unknown,Unknown EMS Hospital Arrival Time,1,0
2018,4,Arizona,40143,1,1,0,1,1,1,1,17,NAVAJO (17),NOT APPLICABLE,9,2,2018,6,Friday,99,Unknown Hours,Unknown Minutes,This section IS NOT on the NHS,3,State Highway,SR-73 CHIEF AVE,,2,Urban,4,Minor Arterial,1,State Highway Agency,286,286,33.84018611,-109.96426944,Indian Reservation,8,Pedestrian,0,Not a Collision with Motor Vehicle In-Transport,0,No,1,Non-Junction,1,Not an Intersection,None,1,On Roadway,9,Reported as Unknown,98,Not Reported,0,99,Unknown,Unknown,99,Unknown EMS Scene Arrival Hour,Unknown EMS Scene Arrival Minutes,99,Unknown,Unknown EMS Hospital Arrival Time,1,0
2018,4,Arizona,40144,1,1,0,0,2,2,0,13,MARICOPA (13),GLENDALE,9,2,2018,6,Friday,99,Unknown Hours,Unknown Minutes,This section IS NOT on the NHS,9,Unknown,UNKNOWN RD,,2,Urban,99,Unknown,99,Unknown,0,None,Reported as Unknown,Reported as Unknown,No Special Jurisdiction,5,Fell/Jumped from Vehicle,0,Not a Collision with Motor Vehicle In-Transport,0,No,1,Non-Junction,1,Not an Intersection,None,1,On Roadway,9,Reported as Unknown,98,Not Reported,0,99,Unknown,Unknown,99,Unknown EMS Scene Arrival Hour,Unknown EMS Scene Arrival Minutes,99,Unknown,Unknown EMS Hospital Arrival Time,1,0
2018,4,Arizona,40145,2,2,0,0,2,2,0,17,NAVAJO (17),NOT APPLICABLE,13,2,2018,3,Tuesday,15,3:00pm-3:59pm,42,This section IS NOT on the NHS,4,County Road,CR-BUCK SPRINGS RD,,2,Urban,5,Major Collector,2,County Highway Agency,0,None,34.11318889,-109.89656389,No Special Jurisdiction,12,Motor Vehicle In-Transport,6,Angle,0,No,1,Non-Junction,1,Not an Intersection,None,1,On Roadway,1,Daylight,1,Clear,0,15,3:00pm-3:59pm,42,16,4:00pm-4:59pm,10,88,Not Applicable (Not Transported),Not Applicable (Not Transported),1,1
2018,4,Arizona,40146,1,1,0,0,2,2,0,21,PINAL (21),NOT APPLICABLE,18,2,2018,1,Sunday,0,0:00am-0:59am,5,This section IS NOT on the NHS,4,County Road,CR-CAMBRIA DR,CR-KENWORTHY RD,2,Urban,7,Local,2,County Highway Agency,0,None,33.24255278,-111.54624722,No Special Jurisdiction,34,Ditch,0,Not a Collision with Motor Vehicle In-Transport,0,No,3,Intersection-Related,3,T-Intersection,None,1,On Roadway,6,Dark - Unknown Lighting,98,Not Reported,0,99,Unknown,Unknown,99,Unknown EMS Scene Arrival Hour,Unknown EMS Scene Arrival Minutes,99,Unknown,Unknown EMS Hospital Arrival Time,1,1
2018,4,Arizona,40149,2,2,0,0,2,2,0,13,MARICOPA (13),NOT APPLICABLE,24,2,2018,7,Saturday,1,1:00am-1:59am,37,This section IS NOT on the NHS,8,Other,ESTRELLA DR,,2,Urban,5,Major Collector,62,Bureau of Indian Affairs,0,None,33.33333333,-112.18333333,Indian Reservation,12,Motor Vehicle In-Transport,2,Front-to-Front,0,No,1,Non-Junction,1,Not an Intersection,None,1,On Roadway,2,Dark - Not Lighted,10,Cloudy,0,1,1:00am-1:59am,37,1,1:00am-1:59am,49,2,2:00am-2:59am,27,1,0
2018,4,Arizona,40150,1,1,0,0,2,2,0,17,NAVAJO (17),NOT APPLICABLE,25,2,2018,1,Sunday,14,2:00pm-2:59pm,34,This section IS NOT on the NHS,8,Other,UNKNOWN RD,,1,Rural,99,Unknown,62,Bureau of Indian Affairs,0,None,Reported as Unknown,Reported as Unknown,Indian Reservation,5,Fell/Jumped from Vehicle,0,Not a Collision with Motor Vehicle In-Transport,0,No,1,Non-Junction,1,Not an Intersection,None,1,On Roadway,1,Daylight,98,Not Reported,0,99,Unknown,Unknown,99,Unknown EMS Scene Arrival Hour,Unknown EMS Scene Arrival Minutes,99,Unknown,Unknown EMS Hospital Arrival Time,1,0
2018,4,Arizona,40151,1,1,0,0,1,1,0,27,YUMA (27),NOT APPLICABLE,26,2,2018,2,Monday,6,6:00am-6:59am,5,This section IS NOT on the NHS,4,County Road,CR-OLD US 80,,1,Rural,5,Major Collector,2,County Highway Agency,0,None,32.70093889,-113.92747778,No Special Jurisdiction,35,Embankment,0,Not a Collision with Motor Vehicle In-Transport,0,No,1,Non-Junction,1,Not an Intersection,None,4,On Roadside,2,Dark - Not Lighted,1,Clear,0,99,Unknown,Unknown,99,Unknown EMS Scene Arrival Hour,Unknown EMS Scene Arrival Minutes,88,Not Applicable (Not Transported),Not Applicable (Not Transported),1,0
2018,4,Arizona,40152,1,1,0,0,2,2,0,17,NAVAJO (17),NOT APPLICABLE,26,2,2018,2,Monday,7,7:00am-7:59am,2,This section IS NOT on the NHS,8,Other,INDIAN ROUTE 46 FORT APACHE RD,,2,Urban,5,Major Collector,62,Bureau of Indian Affairs,0,None,Reported as Unknown,Reported as Unknown,Indian Reservation,1,Rollover/Overturn,0,Not a Collision with Motor Vehicle In-Transport,0,No,1,Non-Junction,1,Not an Intersection,None,4,On Roadside,1,Daylight,98,Not Reported,0,99,Unknown,Unknown,99,Unknown EMS Scene Arrival Hour,Unknown EMS Scene Arrival Minutes,99,Unknown,Unknown EMS Hospital Arrival Time,1,0
2018,4,Arizona,40153,2,2,0,0,2,2,0,13,MARICOPA (13),SURPRISE,18,2,2018,1,Sunday,21,9:00pm-9:59pm,28,This section IS NOT on the NHS,6,Local Street - Municipality,COTTON LN,WADDELL RD,2,Urban,4,Minor Arterial,4,City or Municipal Highway Agency,0,None,33.60975833,-112.42671667,No Special Jurisdiction,12,Motor Vehicle In-Transport,2,Front-to-Front,0,No,2,Intersection,2,Four-Way Intersection,None,1,On Roadway,3,Dark - Lighted,1,Clear,0,21,9:00pm-9:59pm,28,99,Unknown EMS Scene Arrival Hour,Unknown EMS Scene Arrival Minutes,99,Unknown,Unknown EMS Hospital Arrival Time,1,0
2018,4,Arizona,40154,1,1,0,1,1,1,1,13,MARICOPA (13),PHOENIX,3,2,2018,7,Saturday,18,6:00pm-6:59pm,52,This section IS ON the NHS,6,Local Street - Municipality,BELL RD,,2,Urban,3,Principal Arterial - Other,4,City or Municipal Highway Agency,0,None,33.64043333,-112.02903333,No Special Jurisdiction,8,Pedestrian,0,Not a Collision with Motor Vehicle In-Transport,0,No,1,Non-Junction,1,Not an Intersection,None,1,On Roadway,3,Dark - Lighted,1,Clear,0,18,6:00pm-6:59pm,54,18,6:00pm-6:59pm,55,19,7:00pm-7:59pm,16,1,0
2018,4,Arizona,40155,4,4,0,0,6,6,0,13,MARICOPA (13),PHOENIX,7,2,2018,4,Wednesday,9,9:00am-9:59am,51,This section IS NOT on the NHS,6,Local Street - Municipality,THOMAS RD,,2,Urban,3,Principal Arterial - Other,4,City or Municipal Highway Agency,0,None,33.48035278,-112.19941667,No Special Jurisdiction,12,Motor Vehicle In-Transport,2,Front-to-Front,0,No,1,Non-Junction,1,Not an Intersection,None,1,On Roadway,1,Daylight,1,Clear,0,9,9:00am-9:59am,53,9,9:00am-9:59am,57,10,10:00am-10:59am,23,3,0
2018,4,Arizona,40156,1,1,0,1,1,1,1,13,MARICOPA (13),PHOENIX,7,2,2018,4,Wednesday,19,7:00pm-7:59pm,42,This section IS NOT on the NHS,6,Local Street - Municipality,SOUTHERN AVE,36TH ST,2,Urban,4,Minor Arterial,4,City or Municipal Highway Agency,0,None,33.3926,-112.00413889,No Special Jurisdiction,8,Pedestrian,0,Not a Collision with Motor Vehicle In-Transport,0,No,2,Intersection,2,Four-Way Intersection,None,1,On Roadway,3,Dark - Lighted,1,Clear,0,19,7:00pm-7:59pm,43,19,7:00pm-7:59pm,47,20,8:00pm-8:59pm,8,1,0
2018,4,Arizona,40157,2,2,0,0,5,5,0,13,MARICOPA (13),PHOENIX,12,2,2018,2,Monday,20,8:00pm-8:59pm,47,This section IS NOT on the NHS,6,Local Street - Municipality,GREENWAY PKWY,18TH ST,2,Urban,3,Principal Arterial - Other,4,City or Municipal Highway Agency,0,None,33.63445833,-112.04395556,No Special Jurisdiction,12,Motor Vehicle In-Transport,6,Angle,0,No,2,Intersection,3,T-Intersection,None,1,On Roadway,3,Dark - Lighted,1,Clear,0,20,8:00pm-8:59pm,48,20,8:00pm-8:59pm,52,21,9:00pm-9:59pm,11,1,0
2018,4,Arizona,40158,1,1,0,1,1,1,1,13,MARICOPA (13),PHOENIX,15,2,2018,5,Thursday,23,11:00pm-11:59pm,29,This section IS NOT on the NHS,6,Local Street - Municipality,HAPPY VALLEY RD,,2,Urban,3,Principal Arterial - Other,4,City or Municipal Highway Agency,0,None,Reported as Unknown,Reported as Unknown,No Special Jurisdiction,8,Pedestrian,0,Not a Collision with Motor Vehicle In-Transport,0,No,1,Non-Junction,1,Not an Intersection,None,1,On Roadway,2,Dark - Not Lighted,1,Clear,0,23,11:00pm-11:59pm,32,23,11:00pm-11:59pm,37,0,0:00am-0:59am,13,1,0
2018,4,Arizona,40159,1,1,0,0,1,1,0,13,MARICOPA (13),PHOENIX,25,2,2018,1,Sunday,99,Unknown Hours,Unknown Minutes,This section IS NOT on the NHS,6,Local Street - Municipality,NEW RIVER RD,,1,Rural,6,Minor Collector,4,City or Municipal Highway Agency,0,None,33.858475,-112.19466944,No Special Jurisdiction,1,Rollover/Overturn,0,Not a Collision with Motor Vehicle In-Transport,0,No,1,Non-Junction,1,Not an Intersection,None,4,On Roadside,2,Dark - Not Lighted,1,Clear,0,9,9:00am-9:59am,45,9,9:00am-9:59am,54,88,Not Applicable (Not Transported),Not Applicable (Not Transported),1,1
2018,4,Arizona,40160,1,1,0,0,1,1,0,13,MARICOPA (13),PHOENIX,26,2,2018,2,Monday,2,2:00am-2:59am,18,This section IS ON the NHS,2,U.S. Highway,US-60 GRAND AVE,,2,Urban,3,Principal Arterial - Other,1,State Highway Agency,1043,1043,33.49637222,-112.13585,No Special Jurisdiction,31,"Post, Pole or Other Supports",0,Not a Collision with Motor Vehicle In-Transport,0,No,1,Non-Junction,1,Not an Intersection,None,4,On Roadside,3,Dark - Lighted,1,Clear,0,2,2:00am-2:59am,21,2,2:00am-2:59am,26,2,2:00am-2:59am,55,1,1
2018,4,Arizona,40161,2,2,0,0,2,2,0,13,MARICOPA (13),PHOENIX,19,2,2018,2,Monday,23,11:00pm-11:59pm,41,This section IS NOT on the NHS,6,Local Street - Municipality,19TH AVE,VOGEL AVE,2,Urban,3,Principal Arterial - Other,4,City or Municipal Highway Agency,0,None,33.57353056,-112.09963611,No Special Jurisdiction,12,Motor Vehicle In-Transport,6,Angle,0,No,2,Intersection,3,T-Intersection,None,1,On Roadway,3,Dark - Lighted,1,Clear,0,99,Unknown,Unknown,99,Unknown EMS Scene Arrival Hour,Unknown EMS Scene Arrival Minutes,99,Unknown,Unknown EMS Hospital Arrival Time,1,0
2018,4,Arizona,40162,1,1,0,0,1,1,0,13,MARICOPA (13),SURPRISE,24,2,2018,7,Saturday,23,11:00pm-11:59pm,47,This section IS NOT on the NHS,6,Local Street - Municipality,WADDELL RD,,2,Urban,4,Minor Arterial,4,City or Municipal Highway Agency,0,None,33.60980556,-112.41541944,No Special Jurisdiction,33,Curb,0,Not a Collision with Motor Vehicle In-Transport,1,Yes,19,Other location within Interchange Area,1,Not an Intersection,None,3,On Median,3,Dark - Lighted,1,Clear,0,23,11:00pm-11:59pm,47,23,11:00pm-11:59pm,54,88,Not Applicable (Not Transported),Not Applicable (Not Transported),1,1
2018,4,Arizona,40163,2,2,0,0,5,5,0,13,MARICOPA (13),PHOENIX,27,1,2018,7,Saturday,16,4:00pm-4:59pm,29,This section IS ON the NHS,6,Local Street - Municipality,BASELINE RD,JESSE OWENS PKWY,2,Urban,3,Principal Arterial - Other,4,City or Municipal Highway Agency,0,None,33.37776667,-112.06895556,No Special Jurisdiction,12,Motor Vehicle In-Transport,1,Front-to-Rear,0,No,3,Intersection-Related,2,Four-Way Intersection,None,1,On Roadway,1,Daylight,1,Clear,0,99,Unknown,Unknown,99,Unknown EMS Scene Arrival Hour,Unknown EMS Scene Arrival Minutes,88,Not Applicable (Not Transported),Not Applicable (Not Transported),1,0
2018,4,Arizona,40164,1,1,0,1,1,1,1,999,UNKNOWN (999),Unknown,2,2,2018,6,Friday,17,5:00pm-5:59pm,34,Unknown if this section is on the NHS,9,Unknown,UNKNOWN RD,,9,Unknown,99,Unknown,99,Unknown,99999,Unknown,Reported as Unknown,Reported as Unknown,Unknown,9,Pedalcyclist,0,Not a Collision with Motor Vehicle In-Transport,9,Reported as Unknown,99,Reported as Unknown,99,Reported as Unknown,None,99,Reported as Unknown,9,Reported as Unknown,99,Reported as Unknown,0,99,Unknown,Unknown,99,Unknown EMS Scene Arrival Hour,Unknown EMS Scene Arrival Minutes,99,Unknown,Unknown if Transported,1,0
2018,4,Arizona,40165,1,1,0,1,1,1,1,17,NAVAJO (17),NOT APPLICABLE,16,2,2018,6,Friday,0,0:00am-0:59am,49,This section IS NOT on the NHS,8,Other,UNKNOWN RD,,1,Rural,7,Local,62,Bureau of Indian Affairs,0,None,Reported as Unknown,Reported as Unknown,No Special Jurisdiction,8,Pedestrian,0,Not a Collision with Motor Vehicle In-Transport,0,No,99,Reported as Unknown,99,Reported as Unknown,None,99,Reported as Unknown,6,Dark - Unknown Lighting,98,Not Reported,0,99,Unknown,Unknown,99,Unknown EMS Scene Arrival Hour,Unknown EMS Scene Arrival Minutes,88,Not Applicable (Not Transported),Not Applicable (Not Transported),1,0
2018,4,Arizona,40166,1,1,0,0,2,2,0,17,NAVAJO (17),NOT APPLICABLE,18,2,2018,1,Sunday,5,5:00am-5:59am,9,This section IS NOT on the NHS,8,Other,INDIAN ROUTE 55 FORK RD,,2,Urban,5,Major Collector,62,Bureau of Indian Affairs,0,None,Reported as Unknown,Reported as Unknown,No Special Jurisdiction,1,Rollover/Overturn,0,Not a Collision with Motor Vehicle In-Transport,0,No,99,Reported as Unknown,99,Reported as Unknown,None,99,Reported as Unknown,9,Reported as Unknown,98,Not Reported,0,99,Unknown,Unknown,99,Unknown EMS Scene Arrival Hour,Unknown EMS Scene Arrival Minutes,99,Unknown,Unknown EMS Hospital Arrival Time,1,0
2018,4,Arizona,40169,2,2,0,0,2,2,0,13,MARICOPA (13),SCOTTSDALE,2,3,2018,6,Friday,12,12:00pm-12:59pm,4,This section IS NOT on the NHS,6,Local Street - Municipality,CACTUS RD,68TH PL,2,Urban,4,Minor Arterial,4,City or Municipal Highway Agency,0,None,33.59671111,-111.93373333,No Special Jurisdiction,12,Motor Vehicle In-Transport,6,Angle,0,No,3,Intersection-Related,2,Four-Way Intersection,None,1,On Roadway,1,Daylight,1,Clear,0,12,12:00pm-12:59pm,4,12,12:00pm-12:59pm,10,12,12:00pm-12:59pm,31,1,0
2018,4,Arizona,40170,3,3,0,0,4,4,0,25,YAVAPAI (25),NOT APPLICABLE,2,3,2018,6,Friday,18,6:00pm-6:59pm,43,This section IS ON the NHS,2,U.S. Highway,US-93,,1,Rural,3,Principal Arterial - Other,1,State Highway Agency,1745,1745,34.23055,-113.07055556,No Special Jurisdiction,12,Motor Vehicle In-Transport,6,Angle,0,No,1,Non-Junction,1,Not an Intersection,None,1,On Roadway,5,Dusk,1,Clear,0,18,6:00pm-6:59pm,43,19,7:00pm-7:59pm,16,99,Unknown,Unknown EMS Hospital Arrival Time,1,1
2018,4,Arizona,40171,2,2,0,3,3,3,3,19,PIMA (19),TUCSON,3,3,2018,7,Saturday,11,11:00am-11:59am,1,This section IS NOT on the NHS,6,Local Street - Municipality,KOLB RD,TANQUE VERDE RD,2,Urban,3,Principal Arterial - Other,4,City or Municipal Highway Agency,0,None,32.24811944,-110.85010278,No Special Jurisdiction,8,Pedestrian,0,Not a Collision with Motor Vehicle In-Transport,0,No,3,Intersection-Related,2,Four-Way Intersection,None,4,On Roadside,1,Daylight,1,Clear,0,11,11:00am-11:59am,1,11,11:00am-11:59am,6,99,Unknown,Unknown EMS Hospital Arrival Time,1,0
2018,4,Arizona,40172,1,1,0,0,2,2,0,7,GILA (7),NOT APPLICABLE,3,3,2018,7,Saturday,14,2:00pm-2:59pm,43,This section IS NOT on the NHS,8,Other,FOREST SERVICE RD 1256,,1,Rural,7,Local,98,Not Reported,0,None,34.338625,-111.23343333,No Special Jurisdiction,18,Other Object (not fixed),0,Not a Collision with Motor Vehicle In-Transport,0,No,1,Non-Junction,1,Not an Intersection,None,4,On Roadside,1,Daylight,1,Clear,0,99,Unknown,Unknown,99,Unknown EMS Scene Arrival Hour,Unknown EMS Scene Arrival Minutes,99,Unknown,Unknown EMS Hospital Arrival Time,1,0
2018,4,Arizona,40173,2,2,0,1,4,4,1,7,GILA (7),NOT APPLICABLE,3,3,2018,7,Saturday,23,11:00pm-11:59pm,26,This section IS NOT on the NHS,2,U.S. Highway,US-70,,1,Rural,4,Minor Arterial,1,State Highway Agency,35,35,33.36598889,-110.71566111,Indian Reservation,8,Pedestrian,0,Not a Collision with Motor Vehicle In-Transport,0,No,1,Non-Junction,1,Not an Intersection,None,1,On Roadway,2,Dark - Not Lighted,1,Clear,0,23,11:00pm-11:59pm,26,23,11:00pm-11:59pm,39,99,Unknown,Unknown EMS Hospital Arrival Time,1,0
2018,4,Arizona,40174,1,1,0,1,3,3,1,13,MARICOPA (13),PEORIA,4,3,2018,1,Sunday,15,3:00pm-3:59pm,48,This section IS NOT on the NHS,6,Local Street - Municipality,67TH AVE,,2,Urban,3,Principal Arterial - Other,4,City or Municipal Highway Agency,0,None,33.57043333,-112.20296944,No Special Jurisdiction,33,Curb,0,Not a Collision with Motor Vehicle In-Transport,0,No,1,Non-Junction,1,Not an Intersection,None,4,On Roadside,1,Daylight,1,Clear,0,15,3:00pm-3:59pm,46,15,3:00pm-3:59pm,48,15,3:00pm-3:59pm,58,1,0
2018,4,Arizona,40175,2,2,0,0,2,2,0,3,COCHISE (3),SIERRA VISTA,5,3,2018,2,Monday,12,12:00pm-12:59pm,36,This section IS ON the NHS,3,State Highway,SR-90,,2,Urban,3,Principal Arterial - Other,1,State Highway Agency,295,295,31.56945556,-110.28291667,No Special Jurisdiction,12,Motor Vehicle In-Transport,2,Front-to-Front,0,No,1,Non-Junction,1,Not an Intersection,None,1,On Roadway,1,Daylight,1,Clear,0,12,12:00pm-12:59pm,36,12,12:00pm-12:59pm,43,88,Not Applicable (Not Transported),Not Applicable (Not Transported),1,0
2018,4,Arizona,40176,2,2,0,0,2,2,0,13,MARICOPA (13),MESA,5,3,2018,2,Monday,20,8:00pm-8:59pm,23,This section IS NOT on the NHS,6,Local Street - Municipality,SOSSAMAN RD,PUEBLO AVE,2,Urban,4,Minor Arterial,4,City or Municipal Highway Agency,0,None,33.40063056,-111.66748056,No Special Jurisdiction,12,Motor Vehicle In-Transport,6,Angle,0,No,2,Intersection,2,Four-Way Intersection,None,1,On Roadway,3,Dark - Lighted,1,Clear,0,20,8:00pm-8:59pm,25,20,8:00pm-8:59pm,28,99,Unknown,Unknown EMS Hospital Arrival Time,1,0