AccidentYear,STATE,STATENAME,ST_CASE,VE_TOTAL,VE_FORMS,PVH_INVL,PEDS,PERSONS,PERMVIT,PERNOTMVIT,COUNTY,COUNTYNAME,CITYNAME,DAY,MONTH,YEAR,DAY_WEEK,DAY_WEEKNAME,HOUR,HOURNAME,MINUTENAME,NHSNAME,ROUTE,ROUTENAME,TWAY_ID,TWAY_ID2,RUR_URB,RUR_URBNAME,FUNC_SYS,FUNC_SYSNAME,RD_OWNER,RD_OWNERNAME,MILEPT,MILEPTNAME,LATITUDENAME,LONGITUDNAME,SP_JURNAME,HARM_EV,HARM_EVNAME,MAN_COLL,MAN_COLLNAME,RELJCT1,RELJCT1NAME,RELJCT2,RELJCT2NAME,TYP_INT,TYP_INTNAME,WRK_ZONENAME,REL_ROAD,REL_ROADNAME,LGT_COND,LGT_CONDNAME,WEATHER,WEATHERNAME,SCH_BUS,NOT_HOUR,NOT_HOURNAME,NOT_MINNAME,ARR_HOUR,ARR_HOURNAME,ARR_MINNAME,HOSP_HR,HOSP_HRNAME,HOSP_MNNAME,FATALS,DRUNK_DR
2018,4,Arizona,40279,1,1,0,0,1,1,0,13,MARICOPA (13),YOUNGTOWN,17,4,2018,3,Tuesday,9,9:00am-9:59am,25,This section IS NOT on the NHS,4,County Road,CR-111TH AVE,US-60 GRAND AVE,2,Urban,5,Major Collector,2,County Highway Agency,0,None,33.60531111,-112.29866667,No Special Jurisdiction,46,Traffic Signal Support,0,Not a Collision with Motor Vehicle In-Transport,0,No,3,Intersection-Related,2,Four-Way Intersection,None,4,On Roadside,1,Daylight,1,Clear,0,9,9:00am-9:59am,27,9,9:00am-9:59am,30,9,9:00am-9:59am,58,1,0
2018,4,Arizona,40280,1,1,0,0,1,1,0,17,NAVAJO (17),NOT APPLICABLE,19,4,2018,5,Thursday,0,0:00am-0:59am,52,This section IS NOT on the NHS,4,County Road,CR-BOURDAN RANCH RD,,1,Rural,5,Major Collector,2,County Highway Agency,0,None,34.40556389,-110.03551389,No Special Jurisdiction,38,Fence,0,Not a Collision with Motor Vehicle In-Transport,0,No,1,Non-Junction,1,Not an Intersection,None,4,On Roadside,2,Dark - Not Lighted,1,Clear,0,0,0:00am-0:59am,52,1,1:00am-1:59am,5,88,Not Applicable (Not Transported),Not Applicable (Not Transported),1,1
2018,4,Arizona,40281,1,1,0,1,1,1,1,13,MARICOPA (13),PHOENIX,19,4,2018,5,Thursday,0,0:00am-0:59am,53,This section IS NOT on the NHS,6,Local Street - Municipality,BROADWAY RD,,2,Urban,4,Minor Arterial,4,City or Municipal Highway Agency,0,None,33.40674444,-112.09560278,No Special Jurisdiction,8,Pedestrian,0,Not a Collision with Motor Vehicle In-Transport,0,No,1,Non-Junction,1,Not an Intersection,None,1,On Roadway,3,Dark - Lighted,1,Clear,0,0,0:00am-0:59am,54,1,1:00am-1:59am,1,88,Not Applicable (Not Transported),Not Applicable (Not Transported),1,0
2018,4,Arizona,40282,3,3,0,0,5,5,0,13,MARICOPA (13),MESA,20,4,2018,6,Friday,14,2:00pm-2:59pm,50,This section IS NOT on the NHS,6,Local Street - Municipality,BROADWAY RD,,2,Urban,3,Principal Arterial - Other,4,City or Municipal Highway Agency,0,None,33.40786111,-111.83708056,No Special Jurisdiction,12,Motor Vehicle In-Transport,2,Front-to-Front,0,No,1,Non-Junction,1,Not an Intersection,None,1,On Roadway,1,Daylight,1,Clear,0,14,2:00pm-2:59pm,51,14,2:00pm-2:59pm,57,99,Unknown,Unknown EMS Hospital Arrival Time,1,0
2018,4,Arizona,40283,1,1,0,0,3,3,0,17,NAVAJO (17),NOT APPLICABLE,20,4,2018,6,Friday,13,1:00pm-1:59pm,59,This section IS ON the NHS,2,U.S. Highway,US-160,,1,Rural,3,Principal Arterial - Other,1,State Highway Agency,940,940,36.75985833,-110.04518889,Indian Reservation,1,Rollover/Overturn,0,Not a Collision with Motor Vehicle In-Transport,0,No,1,Non-Junction,1,Not an Intersection,None,4,On Roadside,1,Daylight,2,Rain,0,13,1:00pm-1:59pm,59,14,2:00pm-2:59pm,5,14,2:00pm-2:59pm,30,2,0
2018,4,Arizona,40284,1,1,0,1,1,1,1,13,MARICOPA (13),PHOENIX,21,4,2018,7,Saturday,0,0:00am-0:59am,30,This section IS NOT on the NHS,6,Local Street - Municipality,35TH AVE,,2,Urban,3,Principal Arterial - Other,4,City or Municipal Highway Agency,0,None,33.45213056,-112.13451667,No Special Jurisdiction,8,Pedestrian,0,Not a Collision with Motor Vehicle In-Transport,0,No,1,Non-Junction,1,Not an Intersection,None,1,On Roadway,3,Dark - Lighted,1,Clear,0,0,0:00am-0:59am,32,0,0:00am-0:59am,37,88,Not Applicable (Not Transported),Not Applicable (Not Transported),1,0
2018,4,Arizona,40286,2,2,0,0,2,2,0,15,MOHAVE (15),NOT APPLICABLE,22,4,2018,1,Sunday,4,4:00am-4:59am,12,This section IS ON the NHS,1,Interstate,I-40,,1,Rural,1,Interstate,1,State Highway Agency,615,615,35.19607222,-113.87030556,No Special Jurisdiction,12,Motor Vehicle In-Transport,1,Front-to-Rear,0,No,1,Non-Junction,1,Not an Intersection,None,1,On Roadway,2,Dark - Not Lighted,1,Clear,0,4,4:00am-4:59am,13,4,4:00am-4:59am,20,88,Not Applicable (Not Transported),Not Applicable (Not Transported),1,0
2018,4,Arizona,40287,1,1,0,0,1,1,0,5,COCONINO (5),NOT APPLICABLE,23,4,2018,2,Monday,2,2:00am-2:59am,5,This section IS NOT on the NHS,3,State Highway,SR-87,,1,Rural,5,Major Collector,1,State Highway Agency,1711,1711,34.53775833,-111.33219167,No Special Jurisdiction,1,Rollover/Overturn,0,Not a Collision with Motor Vehicle In-Transport,0,No,1,Non-Junction,1,Not an Intersection,None,4,On Roadside,2,Dark - Not Lighted,1,Clear,0,2,2:00am-2:59am,5,2,2:00am-2:59am,28,88,Not Applicable (Not Transported),Not Applicable (Not Transported),1,0
2018,4,Arizona,40288,1,1,0,1,3,3,1,21,PINAL (21),NOT APPLICABLE,24,4,2018,3,Tuesday,16,4:00pm-4:59pm,53,This section IS NOT on the NHS,4,County Road,CR-OCOTILLO RD,,2,Urban,5,Major Collector,2,County Highway Agency,0,None,33.24908889,-111.53430278,No Special Jurisdiction,9,Pedalcyclist,0,Not a Collision with Motor Vehicle In-Transport,0,No,1,Non-Junction,1,Not an Intersection,None,1,On Roadway,1,Daylight,1,Clear,0,16,4:00pm-4:59pm,56,17,5:00pm-5:59pm,5,88,Not Applicable (Not Transported),Not Applicable (Not Transported),1,0
2018,4,Arizona,40289,1,1,0,0,1,1,0,3,COCHISE (3),NOT APPLICABLE,26,4,2018,5,Thursday,7,7:00am-7:59am,14,This section IS NOT on the NHS,3,State Highway,SR-82,,1,Rural,5,Major Collector,1,State Highway Agency,577,577,31.72052222,-110.22469722,No Special Jurisdiction,1,Rollover/Overturn,0,Not a Collision with Motor Vehicle In-Transport,0,No,1,Non-Junction,1,Not an Intersection,None,1,On Roadway,1,Daylight,1,Clear,0,7,7:00am-7:59am,17,7,7:00am-7:59am,30,88,Not Applicable (Not Transported),Not Applicable (Not Transported),1,0
2018,4,Arizona,40290,2,2,0,0,2,2,0,19,PIMA (19),NOT APPLICABLE,26,4,2018,5,Thursday,12,12:00pm-12:59pm,53,This section IS NOT on the NHS,4,County Road,CR-ALVERNON WAY,CR-DODGE BLVD,2,Urban,4,Minor Arterial,2,County Highway Agency,0,None,32.27293056,-110.91416667,No Special Jurisdiction,12,Motor Vehicle In-Transport,6,Angle,0,No,2,Intersection,2,Four-Way Intersection,None,1,On Roadway,1,Daylight,1,Clear,0,12,12:00pm-12:59pm,54,13,1:00pm-1:59pm,2,88,Not Applicable (Not Transported),Not Applicable (Not Transported),1,0
2018,4,Arizona,40291,1,1,0,0,1,1,0,13,MARICOPA (13),NOT APPLICABLE,26,4,2018,5,Thursday,15,3:00pm-3:59pm,5,This section IS ON the NHS,1,Interstate,I-8,,1,Rural,1,Interstate,1,State Highway Agency,812,812,32.83966111,-113.32444722,No Special Jurisdiction,35,Embankment,0,Not a Collision with Motor Vehicle In-Transport,0,No,1,Non-Junction,1,Not an Intersection,None,4,On Roadside,1,Daylight,1,Clear,0,15,3:00pm-3:59pm,10,16,4:00pm-4:59pm,3,88,Not Applicable (Not Transported),Not Applicable (Not Transported),1,0
2018,4,Arizona,40292,1,1,0,1,1,1,1,19,PIMA (19),TUCSON,27,4,2018,6,Friday,18,6:00pm-6:59pm,5,This section IS NOT on the NHS,6,Local Street - Municipality,SPEEDWAY BLVD,,2,Urban,3,Principal Arterial - Other,4,City or Municipal Highway Agency,0,None,32.23556111,-110.81529722,No Special Jurisdiction,8,Pedestrian,0,Not a Collision with Motor Vehicle In-Transport,0,No,8,Driveway Access Related,1,Not an Intersection,None,1,On Roadway,1,Daylight,1,Clear,0,18,6:00pm-6:59pm,5,18,6:00pm-6:59pm,5,19,7:00pm-7:59pm,43,1,0
2018,4,Arizona,40293,2,2,0,0,2,2,0,19,PIMA (19),TUCSON,27,4,2018,6,Friday,23,11:00pm-11:59pm,26,This section IS NOT on the NHS,6,Local Street - Municipality,SWAN RD,29TH ST,2,Urban,3,Principal Arterial - Other,4,City or Municipal Highway Agency,0,None,32.199725,-110.89245,No Special Jurisdiction,12,Motor Vehicle In-Transport,6,Angle,0,No,2,Intersection,2,Four-Way Intersection,None,1,On Roadway,3,Dark - Lighted,1,Clear,0,23,11:00pm-11:59pm,26,23,11:00pm-11:59pm,31,99,Unknown,Unknown EMS Hospital Arrival Time,1,1
2018,4,Arizona,40294,3,3,0,0,4,4,0,13,MARICOPA (13),NOT APPLICABLE,27,4,2018,6,Friday,23,11:00pm-11:59pm,45,This section IS ON the NHS,3,State Highway,SR-202,,2,Urban,2,Principal Arterial - Other Freeways and Expressways,1,State Highway Agency,180,180,33.48020556,-111.77056111,No Special Jurisdiction,12,Motor Vehicle In-Transport,1,Front-to-Rear,0,No,1,Non-Junction,1,Not an Intersection,None,1,On Roadway,3,Dark - Lighted,1,Clear,0,23,11:00pm-11:59pm,45,0,0:00am-0:59am,1,88,Not Applicable (Not Transported),Not Applicable (Not Transported),1,1
2018,4,Arizona,40295,1,1,0,0,5,5,0,13,MARICOPA (13),GLENDALE,28,4,2018,7,Saturday,1,1:00am-1:59am,38,This section IS ON the NHS,3,State Highway,SR-101 RAMP,,2,Urban,2,Principal Arterial - Other Freeways and Expressways,1,State Highway Agency,139,139,33.65304444,-112.23288611,No Special Jurisdiction,25,Concrete Traffic Barrier,0,Not a Collision with Motor Vehicle In-Transport,1,Yes,5,Entrance/Exit Ramp Related,1,Not an Intersection,None,4,On Roadside,3,Dark - Lighted,1,Clear,0,1,1:00am-1:59am,38,1,1:00am-1:59am,46,99,Unknown,Unknown EMS Hospital Arrival Time,1,0
2018,4,Arizona,40297,2,2,0,0,2,2,0,19,PIMA (19),TUCSON,29,4,2018,1,Sunday,21,9:00pm-9:59pm,21,This section IS NOT on the NHS,6,Local Street - Municipality,CAMPBELL AVE,ROGER RD,2,Urban,3,Principal Arterial - Other,4,City or Municipal Highway Agency,0,None,32.27948611,-110.94380556,No Special Jurisdiction,12,Motor Vehicle In-Transport,6,Angle,0,No,2,Intersection,2,Four-Way Intersection,None,1,On Roadway,3,Dark - Lighted,1,Clear,0,2,2:00am-2:59am,32,2,2:00am-2:59am,34,3,3:00am-3:59am,0,1,0
2018,4,Arizona,40298,1,1,0,1,1,1,1,13,MARICOPA (13),PHOENIX,29,4,2018,1,Sunday,22,10:00pm-10:59pm,31,This section IS NOT on the NHS,6,Local Street - Municipality,VAN BUREN ST,,2,Urban,4,Minor Arterial,4,City or Municipal Highway Agency,0,None,33.45114444,-112.11838333,No Special Jurisdiction,8,Pedestrian,0,Not a Collision with Motor Vehicle In-Transport,0,No,1,Non-Junction,1,Not an Intersection,None,11,Continuous Left - Turn Lane,3,Dark - Lighted,1,Clear,0,22,10:00pm-10:59pm,32,22,10:00pm-10:59pm,36,88,Not Applicable (Not Transported),Not Applicable (Not Transported),1,0
2018,4,Arizona,40299,3,3,0,0,4,4,0,13,MARICOPA (13),SCOTTSDALE,28,4,2018,7,Saturday,23,11:00pm-11:59pm,57,This section IS NOT on the NHS,6,Local Street - Municipality,HAYDEN RD,,2,Urban,3,Principal Arterial - Other,4,City or Municipal Highway Agency,0,None,33.477875,-111.90894167,No Special Jurisdiction,42,Tree (Standing Only),0,Not a Collision with Motor Vehicle In-Transport,0,No,1,Non-Junction,1,Not an Intersection,None,3,On Median,3,Dark - Lighted,1,Clear,0,23,11:00pm-11:59pm,57,0,0:00am-0:59am,3,0,0:00am-0:59am,35,1,1
2018,4,Arizona,40300,1,1,0,1,1,1,1,5,COCONINO (5),FLAGSTAFF,11,3,2018,1,Sunday,22,10:00pm-10:59pm,7,This section IS NOT on the NHS,6,Local Street - Municipality,CEDAR AVE,,2,Urban,4,Minor Arterial,4,City or Municipal Highway Agency,0,None,35.21863056,-111.62617222,No Special Jurisdiction,8,Pedestrian,0,Not a Collision with Motor Vehicle In-Transport,0,No,1,Non-Junction,1,Not an Intersection,None,1,On Roadway,2,Dark - Not Lighted,10,Cloudy,0,99,Unknown,Unknown,99,Unknown EMS Scene Arrival Hour,Unknown EMS Scene Arrival Minutes,22,10:00pm-10:59pm,15,1,0
2018,4,Arizona,40301,1,1,0,1,1,1,1,13,MARICOPA (13),PHOENIX,15,4,2018,1,Sunday,16,4:00pm-4:59pm,44,This section IS NOT on the NHS,6,Local Street - Municipality,GREENWAY PKWY,,2,Urban,3,Principal Arterial - Other,4,City or Municipal Highway Agency,0,None,33.63126389,-112.02769722,No Special Jurisdiction,8,Pedestrian,0,Not a Collision with Motor Vehicle In-Transport,0,No,1,Non-Junction,1,Not an Intersection,None,1,On Roadway,1,Daylight,1,Clear,0,16,4:00pm-4:59pm,44,16,4:00pm-4:59pm,49,17,5:00pm-5:59pm,7,1,0
2018,4,Arizona,40302,1,1,0,1,1,1,1,21,PINAL (21),NOT APPLICABLE,15,4,2018,1,Sunday,23,11:00pm-11:59pm,56,This section IS ON the NHS,1,Interstate,I-10,,1,Rural,1,Interstate,1,State Highway Agency,2165,2165,32.68023056,-111.44247222,No Special Jurisdiction,8,Pedestrian,0,Not a Collision with Motor Vehicle In-Transport,0,No,1,Non-Junction,1,Not an Intersection,None,1,On Roadway,2,Dark - Not Lighted,1,Clear,0,23,11:00pm-11:59pm,56,23,11:00pm-11:59pm,56,88,Not Applicable (Not Transported),Not Applicable (Not Transported),1,0
2018,4,Arizona,40303,3,2,1,1,2,2,1,13,MARICOPA (13),PHOENIX,29,4,2018,1,Sunday,0,0:00am-0:59am,45,This section IS ON the NHS,6,Local Street - Municipality,INDIAN SCHOOL RD,,2,Urban,3,Principal Arterial - Other,4,City or Municipal Highway Agency,0,None,33.49498333,-112.14226944,No Special Jurisdiction,8,Pedestrian,0,Not a Collision with Motor Vehicle In-Transport,0,No,1,Non-Junction,1,Not an Intersection,None,1,On Roadway,3,Dark - Lighted,1,Clear,0,0,0:00am-0:59am,46,0,0:00am-0:59am,51,99,Unknown,Unknown EMS Hospital Arrival Time,1,0
2018,4,Arizona,40304,1,1,0,0,1,1,0,13,MARICOPA (13),TEMPE,11,4,2018,4,Wednesday,0,0:00am-0:59am,46,This section IS NOT on the NHS,6,Local Street - Municipality,MILL AVE,APACHE BLVD,2,Urban,4,Minor Arterial,4,City or Municipal Highway Agency,0,None,33.41561667,-111.93988056,No Special Jurisdiction,33,Curb,0,Not a Collision with Motor Vehicle In-Transport,0,No,3,Intersection-Related,3,T-Intersection,None,3,On Median,3,Dark - Lighted,10,Cloudy,0,0,0:00am-0:59am,46,0,0:00am-0:59am,49,1,1:00am-1:59am,8,1,1
2018,4,Arizona,40305,1,1,0,0,14,14,0,21,PINAL (21),NOT APPLICABLE,6,4,2018,6,Friday,22,10:00pm-10:59pm,59,This section IS ON the NHS,1,Interstate,I-10,,1,Rural,1,Interstate,1,State Highway Agency,2133,2133,32.70805833,-111.48651111,No Special Jurisdiction,1,Rollover/Overturn,0,Not a Collision with Motor Vehicle In-Transport,0,No,1,Non-Junction,1,Not an Intersection,"Work Zone, Type Unknown",3,On Median,2,Dark - Not Lighted,1,Clear,0,23,11:00pm-11:59pm,1,23,11:00pm-11:59pm,27,99,Unknown,Unknown EMS Hospital Arrival Time,1,0
2018,4,Arizona,40306,2,2,0,0,2,2,0,13,MARICOPA (13),MESA,27,4,2018,6,Friday,2,2:00am-2:59am,35,This section IS ON the NHS,3,State Highway,SR-202,,2,Urban,2,Principal Arterial - Other Freeways and Expressways,1,State Highway Agency,193,193,33.48106111,-111.74978056,No Special Jurisdiction,12,Motor Vehicle In-Transport,1,Front-to-Rear,1,Yes,18,Through Roadway,1,Not an Intersection,None,1,On Roadway,3,Dark - Lighted,1,Clear,0,2,2:00am-2:59am,39,2,2:00am-2:59am,47,3,3:00am-3:59am,12,1,1
2018,4,Arizona,40307,1,1,0,1,1,1,1,13,MARICOPA (13),PHOENIX,28,4,2018,7,Saturday,21,9:00pm-9:59pm,33,This section IS NOT on the NHS,6,Local Street - Municipality,32ND ST,,2,Urban,4,Minor Arterial,4,City or Municipal Highway Agency,0,None,33.45924722,-112.012875,No Special Jurisdiction,9,Pedalcyclist,0,Not a Collision with Motor Vehicle In-Transport,0,No,1,Non-Junction,1,Not an Intersection,None,1,On Roadway,3,Dark - Lighted,1,Clear,0,21,9:00pm-9:59pm,34,21,9:00pm-9:59pm,38,99,Unknown,Unknown EMS Hospital Arrival Time,1,0
2018,4,Arizona,40308,1,1,0,0,4,4,0,17,NAVAJO (17),NOT APPLICABLE,6,4,2018,6,Friday,6,6:00am-6:59am,48,This section IS ON the NHS,1,Interstate,I-40,,1,Rural,1,Interstate,1,State Highway Agency,2660,2660,34.97256389,-110.49676667,No Special Jurisdiction,1,Rollover/Overturn,0,Not a Collision with Motor Vehicle In-Transport,0,No,1,Non-Junction,1,Not an Intersection,None,3,On Median,1,Daylight,1,Clear,0,6,6:00am-6:59am,48,7,7:00am-7:59am,6,99,Unknown,Unknown EMS Hospital Arrival Time,1,0
2018,4,Arizona,40309,2,2,0,0,2,2,0,21,PINAL (21),NOT APPLICABLE,10,4,2018,3,Tuesday,10,10:00am-10:59am,20,This section IS NOT on the NHS,3,State Highway,SR-87,SR-287,1,Rural,4,Minor Arterial,1,State Highway Agency,112,112,32.87951667,-111.51515833,No Special Jurisdiction,12,Motor Vehicle In-Transport,6,Angle,0,No,2,Intersection,2,Four-Way Intersection,None,1,On Roadway,1,Daylight,1,Clear,0,10,10:00am-10:59am,22,10,10:00am-10:59am,36,99,Unknown,Unknown EMS Hospital Arrival Time,1,0
2018,4,Arizona,40310,1,1,0,0,1,1,0,13,MARICOPA (13),NOT APPLICABLE,15,4,2018,1,Sunday,12,12:00pm-12:59pm,0,This section IS ON the NHS,3,State Highway,SR-101,,2,Urban,2,Principal Arterial - Other Freeways and Expressways,1,State Highway Agency,473,473,33.47856111,-111.89000556,Indian Reservation,25,Concrete Traffic Barrier,0,Not a Collision with Motor Vehicle In-Transport,1,Yes,19,Other location within Interchange Area,1,Not an Intersection,None,3,On Median,1,Daylight,1,Clear,0,12,12:00pm-12:59pm,2,12,12:00pm-12:59pm,11,12,12:00pm-12:59pm,26,1,0
2018,4,Arizona,40311,1,1,0,1,1,1,1,13,MARICOPA (13),PHOENIX,3,4,2018,3,Tuesday,21,9:00pm-9:59pm,41,This section IS NOT on the NHS,6,Local Street - Municipality,43RD AVE,BETHANY HOME RD,2,Urban,6,Minor Collector,4,City or Municipal Highway Agency,0,None,33.52376944,-112.15156944,No Special Jurisdiction,8,Pedestrian,0,Not a Collision with Motor Vehicle In-Transport,0,No,3,Intersection-Related,2,Four-Way Intersection,None,1,On Roadway,3,Dark - Lighted,1,Clear,0,21,9:00pm-9:59pm,42,21,9:00pm-9:59pm,45,22,10:00pm-10:59pm,0,1,0
2018,4,Arizona,40312,1,1,0,1,1,1,1,17,NAVAJO (17),SHOW LOW,22,4,2018,1,Sunday,15,3:00pm-3:59pm,58,This section IS ON the NHS,3,State Highway,SR-260 WHITE MOUNTAIN RD,,2,Urban,3,Principal Arterial - Other,1,State Highway Agency,1646,1646,34.20676111,-110.02145,No Special Jurisdiction,33,Curb,0,Not a Collision with Motor Vehicle In-Transport,0,No,1,Non-Junction,1,Not an Intersection,None,4,On Roadside,1,Daylight,1,Clear,0,16,4:00pm-4:59pm,2,16,4:00pm-4:59pm,5,88,Not Applicable (Not Transported),Not Applicable (Not Transported),1,1
2018,4,Arizona,40314,1,1,0,0,1,1,0,17,NAVAJO (17),NOT APPLICABLE,28,4,2018,7,Saturday,18,6:00pm-6:59pm,19,This section IS NOT on the NHS,4,County Road,CR-LITTLE MORMON LAKE RD,,1,Rural,6,Minor Collector,2,County Highway Agency,0,None,34.27477222,-109.9677,No Special Jurisdiction,1,Rollover/Overturn,0,Not a Collision with Motor Vehicle In-Transport,0,No,1,Non-Junction,1,Not an Intersection,None,4,On Roadside,1,Daylight,1,Clear,0,19,7:00pm-7:59pm,18,99,Unknown EMS Scene Arrival Hour,Unknown if Arrived,88,Not Applicable (Not Transported),Not Applicable (Not Transported),1,1
2018,4,Arizona,40315,2,2,0,0,3,3,0,13,MARICOPA (13),GOODYEAR,2,3,2018,6,Friday,16,4:00pm-4:59pm,49,This section IS NOT on the NHS,6,Local Street - Municipality,INDIAN SCHOOL RD,SARIVAL AVE,2,Urban,3,Principal Arterial - Other,4,City or Municipal Highway Agency,0,None,33.49376944,-112.40954167,No Special Jurisdiction,12,Motor Vehicle In-Transport,6,Angle,0,No,2,Intersection,2,Four-Way Intersection,None,1,On Roadway,1,Daylight,1,Clear,0,99,Unknown,Unknown,99,Unknown EMS Scene Arrival Hour,Unknown EMS Scene Arrival Minutes,88,Not Applicable (Not Transported),Not Applicable (Not Transported),1,0
2018,4,Arizona,40317,1,1,0,1,1,1,1,13,MARICOPA (13),PHOENIX,29,4,2018,1,Sunday,20,8:00pm-8:59pm,6,This section IS NOT on the NHS,6,Local Street - Municipality,91ST AVE,MCDOWELL RD,2,Urban,4,Minor Arterial,4,City or Municipal Highway Agency,0,None,33.4651,-112.25526111,No Special Jurisdiction,8,Pedestrian,0,Not a Collision with Motor Vehicle In-Transport,0,No,3,Intersection-Related,2,Four-Way Intersection,None,1,On Roadway,2,Dark - Not Lighted,1,Clear,0,20,8:00pm-8:59pm,7,20,8:00pm-8:59pm,8,88,Not Applicable (Not Transported),Not Applicable (Not Transported),1,0
2018,4,Arizona,40319,1,1,0,0,2,2,0,19,PIMA (19),TUCSON,3,4,2018,3,Tuesday,99,Unknown Hours,Unknown Minutes,This section IS NOT on the NHS,6,Local Street - Municipality,PARK AVE,,2,Urban,5,Major Collector,4,City or Municipal Highway Agency,0,None,Reported as Unknown,Reported as Unknown,No Special Jurisdiction,5,Fell/Jumped from Vehicle,0,Not a Collision with Motor Vehicle In-Transport,0,No,1,Non-Junction,1,Not an Intersection,None,1,On Roadway,9,Reported as Unknown,98,Not Reported,0,99,Unknown,Unknown,99,Unknown EMS Scene Arrival Hour,Unknown EMS Scene Arrival Minutes,99,Unknown,Unknown EMS Hospital Arrival Time,1,0
2018,4,Arizona,40320,2,2,0,0,2,2,0,13,MARICOPA (13),PHOENIX,3,4,2018,3,Tuesday,9,9:00am-9:59am,0,This section IS NOT on the NHS,6,Local Street - Municipality,23RD AVE,MELINDA LN,2,Urban,5,Major Collector,4,City or Municipal Highway Agency,0,None,33.68193056,-112.10863611,No Special Jurisdiction,12,Motor Vehicle In-Transport,99,Reported as Unknown,0,No,2,Intersection,3,T-Intersection,None,1,On Roadway,1,Daylight,98,Not Reported,0,99,Unknown,Unknown,99,Unknown EMS Scene Arrival Hour,Unknown EMS Scene Arrival Minutes,88,Not Applicable (Not Transported),Not Applicable (Not Transported),1,0
2018,4,Arizona,40321,1,1,0,1,1,1,1,13,MARICOPA (13),PHOENIX,5,4,2018,5,Thursday,22,10:00pm-10:59pm,43,This section IS NOT on the NHS,6,Local Street - Municipality,GLENDALE AVE,,2,Urban,3,Principal Arterial - Other,4,City or Municipal Highway Agency,0,None,33.53863056,-112.10038889,No Special Jurisdiction,8,Pedestrian,0,Not a Collision with Motor Vehicle In-Transport,0,No,1,Non-Junction,1,Not an Intersection,None,1,On Roadway,3,Dark - Lighted,1,Clear,0,22,10:00pm-10:59pm,44,22,10:00pm-10:59pm,47,23,11:00pm-11:59pm,0,1,0
2018,4,Arizona,40322,1,1,0,0,1,1,0,13,MARICOPA (13),PHOENIX,6,4,2018,6,Friday,21,9:00pm-9:59pm,56,This section IS NOT on the NHS,6,Local Street - Municipality,UNION HILLS DR,,2,Urban,4,Minor Arterial,4,City or Municipal Highway Agency,0,None,Reported as Unknown,Reported as Unknown,No Special Jurisdiction,33,Curb,0,Not a Collision with Motor Vehicle In-Transport,0,No,1,Non-Junction,1,Not an Intersection,None,4,On Roadside,6,Dark - Unknown Lighting,98,Not Reported,0,99,Unknown,Unknown,99,Unknown EMS Scene Arrival Hour,Unknown EMS Scene Arrival Minutes,99,Unknown,Unknown EMS Hospital Arrival Time,1,0
2018,4,Arizona,40323,2,2,0,0,3,3,0,13,MARICOPA (13),PHOENIX,7,4,2018,7,Saturday,2,2:00am-2:59am,5,This section IS NOT on the NHS,6,Local Street - Municipality,75TH AVE,,2,Urban,4,Minor Arterial,4,City or Municipal Highway Agency,0,None,33.42808056,-112.22123333,No Special Jurisdiction,12,Motor Vehicle In-Transport,6,Angle,0,No,8,Driveway Access Related,1,Not an Intersection,None,1,On Roadway,6,Dark - Unknown Lighting,98,Not Reported,0,99,Unknown,Unknown,99,Unknown EMS Scene Arrival Hour,Unknown EMS Scene Arrival Minutes,99,Unknown,Unknown EMS Hospital Arrival Time,1,1
2018,4,Arizona,40324,1,1,0,1,1,1,1,13,MARICOPA (13),PHOENIX,7,4,2018,7,Saturday,20,8:00pm-8:59pm,7,This section IS NOT on the NHS,6,Local Street - Municipality,HIGHLAND AVE,,2,Urban,7,Local,98,Not Reported,0,None,Reported as Unknown,Reported as Unknown,No Special Jurisdiction,8,Pedestrian,0,Not a Collision with Motor Vehicle In-Transport,0,No,1,Non-Junction,1,Not an Intersection,None,1,On Roadway,6,Dark - Unknown Lighting,98,Not Reported,0,99,Unknown,Unknown,99,Unknown EMS Scene Arrival Hour,Unknown EMS Scene Arrival Minutes,88,Not Applicable (Not Transported),Not Applicable (Not Transported),1,1
2018,4,Arizona,40325,1,1,0,1,1,1,1,13,MARICOPA (13),PHOENIX,8,4,2018,1,Sunday,20,8:00pm-8:59pm,21,This section IS NOT on the NHS,6,Local Street - Municipality,CAMELBACK RD,31ST AVE,2,Urban,3,Principal Arterial - Other,4,City or Municipal Highway Agency,0,None,33.50949722,-112.12575278,No Special Jurisdiction,8,Pedestrian,0,Not a Collision with Motor Vehicle In-Transport,0,No,3,Intersection-Related,2,Four-Way Intersection,None,1,On Roadway,3,Dark - Lighted,1,Clear,0,20,8:00pm-8:59pm,23,20,8:00pm-8:59pm,27,88,Not Applicable (Not Transported),Not Applicable (Not Transported),1,0