AccidentYear,STATE,STATENAME,ST_CASE,VE_TOTAL,VE_FORMS,PVH_INVL,PEDS,PERSONS,PERMVIT,PERNOTMVIT,COUNTY,COUNTYNAME,CITYNAME,DAY,MONTH,YEAR,DAY_WEEK,DAY_WEEKNAME,HOUR,HOURNAME,MINUTENAME,NHSNAME,ROUTE,ROUTENAME,TWAY_ID,TWAY_ID2,RUR_URB,RUR_URBNAME,FUNC_SYS,FUNC_SYSNAME,RD_OWNER,RD_OWNERNAME,MILEPT,MILEPTNAME,LATITUDENAME,LONGITUDNAME,SP_JURNAME,HARM_EV,HARM_EVNAME,MAN_COLL,MAN_COLLNAME,RELJCT1,RELJCT1NAME,RELJCT2,RELJCT2NAME,TYP_INT,TYP_INTNAME,WRK_ZONENAME,REL_ROAD,REL_ROADNAME,LGT_COND,LGT_CONDNAME,WEATHER,WEATHERNAME,SCH_BUS,NOT_HOUR,NOT_HOURNAME,NOT_MINNAME,ARR_HOUR,ARR_HOURNAME,ARR_MINNAME,HOSP_HR,HOSP_HRNAME,HOSP_MNNAME,FATALS,DRUNK_DR
2018,4,Arizona,40424,1,1,0,1,3,3,1,13,MARICOPA (13),PHOENIX,9,6,2018,7,Saturday,0,0:00am-0:59am,29,This section IS NOT on the NHS,6,Local Street - Municipality,19TH AVE,GLENDALE AVE,2,Urban,3,Principal Arterial - Other,4,City or Municipal Highway Agency,0,None,33.538475,-112.09950833,No Special Jurisdiction,8,Pedestrian,0,Not a Collision with Motor Vehicle In-Transport,0,No,3,Intersection-Related,2,Four-Way Intersection,None,1,On Roadway,3,Dark - Lighted,1,Clear,0,0,0:00am-0:59am,29,0,0:00am-0:59am,34,88,Not Applicable (Not Transported),Not Applicable (Not Transported),1,0
2018,4,Arizona,40425,1,1,0,0,1,1,0,13,MARICOPA (13),PHOENIX,9,6,2018,7,Saturday,0,0:00am-0:59am,37,This section IS NOT on the NHS,6,Local Street - Municipality,32ND ST,MCDOWELL RD,2,Urban,4,Minor Arterial,4,City or Municipal Highway Agency,0,None,33.46573333,-112.01295833,No Special Jurisdiction,33,Curb,0,Not a Collision with Motor Vehicle In-Transport,0,No,3,Intersection-Related,2,Four-Way Intersection,None,4,On Roadside,3,Dark - Lighted,1,Clear,0,0,0:00am-0:59am,38,0,0:00am-0:59am,43,88,Not Applicable (Not Transported),Not Applicable (Not Transported),1,1
2018,4,Arizona,40426,1,1,0,0,1,1,0,13,MARICOPA (13),NOT APPLICABLE,9,6,2018,7,Saturday,5,5:00am-5:59am,27,This section IS ON the NHS,3,State Highway,SR-85,,1,Rural,3,Principal Arterial - Other,1,State Highway Agency,1719,1719,33.17061389,-112.65060556,No Special Jurisdiction,42,Tree (Standing Only),0,Not a Collision with Motor Vehicle In-Transport,0,No,1,Non-Junction,1,Not an Intersection,None,4,On Roadside,2,Dark - Not Lighted,1,Clear,0,5,5:00am-5:59am,27,5,5:00am-5:59am,50,88,Not Applicable (Not Transported),Not Applicable (Not Transported),1,1
2018,4,Arizona,40427,1,1,0,1,2,2,1,25,YAVAPAI (25),NOT APPLICABLE,9,6,2018,7,Saturday,20,8:00pm-8:59pm,54,This section IS ON the NHS,3,State Highway,SR-260,WESTERN DR,2,Urban,3,Principal Arterial - Other,1,State Highway Agency,24,24,34.69227222,-111.98275278,No Special Jurisdiction,8,Pedestrian,0,Not a Collision with Motor Vehicle In-Transport,0,No,2,Intersection,2,Four-Way Intersection,None,1,On Roadway,3,Dark - Lighted,1,Clear,0,20,8:00pm-8:59pm,52,20,8:00pm-8:59pm,58,21,9:00pm-9:59pm,13,1,0
2018,4,Arizona,40428,2,2,0,0,2,2,0,13,MARICOPA (13),GLENDALE,10,6,2018,1,Sunday,0,0:00am-0:59am,20,This section IS ON the NHS,6,Local Street - Municipality,BELL RD,,2,Urban,3,Principal Arterial - Other,4,City or Municipal Highway Agency,0,None,33.63831667,-112.21356667,No Special Jurisdiction,12,Motor Vehicle In-Transport,1,Front-to-Rear,0,No,1,Non-Junction,1,Not an Intersection,None,1,On Roadway,3,Dark - Lighted,1,Clear,0,0,0:00am-0:59am,21,0,0:00am-0:59am,26,0,0:00am-0:59am,49,1,1
2018,4,Arizona,40429,2,2,0,0,4,4,0,13,MARICOPA (13),PHOENIX,10,6,2018,1,Sunday,2,2:00am-2:59am,32,This section IS NOT on the NHS,6,Local Street - Municipality,43RD AVE,MCDOWELL RD,2,Urban,4,Minor Arterial,4,City or Municipal Highway Agency,0,None,33.465975,-112.15181667,No Special Jurisdiction,12,Motor Vehicle In-Transport,6,Angle,0,No,2,Intersection,2,Four-Way Intersection,None,1,On Roadway,3,Dark - Lighted,1,Clear,0,2,2:00am-2:59am,35,2,2:00am-2:59am,40,99,Unknown,Unknown EMS Hospital Arrival Time,1,2
2018,4,Arizona,40430,1,1,0,1,1,1,1,13,MARICOPA (13),PHOENIX,10,6,2018,1,Sunday,3,3:00am-3:59am,35,This section IS ON the NHS,1,Interstate,I-10,,2,Urban,1,Interstate,1,State Highway Agency,1396,1396,33.46266944,-112.17008333,No Special Jurisdiction,8,Pedestrian,0,Not a Collision with Motor Vehicle In-Transport,1,Yes,18,Through Roadway,1,Not an Intersection,None,1,On Roadway,3,Dark - Lighted,1,Clear,0,3,3:00am-3:59am,41,3,3:00am-3:59am,50,88,Not Applicable (Not Transported),Not Applicable (Not Transported),1,0
2018,4,Arizona,40431,2,2,0,0,2,2,0,5,COCONINO (5),NOT APPLICABLE,10,6,2018,1,Sunday,10,10:00am-10:59am,26,This section IS ON the NHS,2,U.S. Highway,US-89,,1,Rural,3,Principal Arterial - Other,1,State Highway Agency,243,243,35.54506389,-111.53807778,No Special Jurisdiction,12,Motor Vehicle In-Transport,2,Front-to-Front,0,No,1,Non-Junction,1,Not an Intersection,None,1,On Roadway,1,Daylight,1,Clear,0,10,10:00am-10:59am,28,10,10:00am-10:59am,48,99,Unknown,Unknown EMS Hospital Arrival Time,1,1
2018,4,Arizona,40432,1,1,0,1,1,1,1,3,COCHISE (3),NOT APPLICABLE,10,6,2018,1,Sunday,22,10:00pm-10:59pm,0,This section IS ON the NHS,1,Interstate,I-10,,1,Rural,1,Interstate,1,State Highway Agency,3704,3704,32.30693611,-109.395475,No Special Jurisdiction,9,Pedalcyclist,0,Not a Collision with Motor Vehicle In-Transport,0,No,1,Non-Junction,1,Not an Intersection,None,1,On Roadway,2,Dark - Not Lighted,1,Clear,0,22,10:00pm-10:59pm,11,23,11:00pm-11:59pm,1,88,Not Applicable (Not Transported),Not Applicable (Not Transported),1,0
2018,4,Arizona,40433,1,1,0,0,1,1,0,13,MARICOPA (13),PHOENIX,12,6,2018,3,Tuesday,10,10:00am-10:59am,53,This section IS NOT on the NHS,6,Local Street - Municipality,CENTRAL AVE,CAMBRIDGE AVE,2,Urban,3,Principal Arterial - Other,4,City or Municipal Highway Agency,0,None,33.47753333,-112.07392222,No Special Jurisdiction,30,Utility Pole/Light Support,0,Not a Collision with Motor Vehicle In-Transport,0,No,3,Intersection-Related,3,T-Intersection,None,4,On Roadside,1,Daylight,1,Clear,0,10,10:00am-10:59am,54,10,10:00am-10:59am,57,11,11:00am-11:59am,16,1,0
2018,4,Arizona,40434,1,1,0,0,1,1,0,19,PIMA (19),NOT APPLICABLE,12,6,2018,3,Tuesday,14,2:00pm-2:59pm,49,This section IS NOT on the NHS,4,County Road,CR-IRVINGTON RD,MOONLIT SAGUARO CT,2,Urban,4,Minor Arterial,2,County Highway Agency,0,None,32.16284444,-111.05308889,No Special Jurisdiction,17,Boulder,0,Not a Collision with Motor Vehicle In-Transport,0,No,3,Intersection-Related,3,T-Intersection,None,4,On Roadside,1,Daylight,1,Clear,0,14,2:00pm-2:59pm,50,99,Unknown EMS Scene Arrival Hour,Unknown EMS Scene Arrival Minutes,99,Unknown,Unknown EMS Hospital Arrival Time,1,1
2018,4,Arizona,40435,1,1,0,1,1,1,1,19,PIMA (19),TUCSON,12,6,2018,3,Tuesday,17,5:00pm-5:59pm,28,This section IS NOT on the NHS,6,Local Street - Municipality,FORT LOWELL RD,CASTRO AVE,2,Urban,4,Minor Arterial,4,City or Municipal Highway Agency,0,None,32.26473056,-110.97425833,No Special Jurisdiction,9,Pedalcyclist,0,Not a Collision with Motor Vehicle In-Transport,0,No,3,Intersection-Related,3,T-Intersection,None,1,On Roadway,1,Daylight,1,Clear,0,17,5:00pm-5:59pm,28,17,5:00pm-5:59pm,32,17,5:00pm-5:59pm,46,1,0
2018,4,Arizona,40436,2,2,0,0,2,2,0,19,PIMA (19),TUCSON,14,6,2018,5,Thursday,12,12:00pm-12:59pm,21,This section IS ON the NHS,3,State Highway,SR-77 MIRACLE MILE,,2,Urban,3,Principal Arterial - Other,1,State Highway Agency,4,4,32.26128889,-110.99698889,No Special Jurisdiction,12,Motor Vehicle In-Transport,2,Front-to-Front,0,No,1,Non-Junction,1,Not an Intersection,None,1,On Roadway,1,Daylight,1,Clear,0,12,12:00pm-12:59pm,21,12,12:00pm-12:59pm,26,12,12:00pm-12:59pm,45,1,0
2018,4,Arizona,40437,1,1,0,0,1,1,0,13,MARICOPA (13),PHOENIX,14,6,2018,5,Thursday,15,3:00pm-3:59pm,7,This section IS ON the NHS,7,Local Street - Frontage Road,I-17 FRONTAGE RD,AGAVE,2,Urban,1,Interstate,1,State Highway Agency,0,None,33.71730556,-112.11785833,No Special Jurisdiction,33,Curb,0,Not a Collision with Motor Vehicle In-Transport,0,No,3,Intersection-Related,3,T-Intersection,None,4,On Roadside,1,Daylight,1,Clear,0,15,3:00pm-3:59pm,10,15,3:00pm-3:59pm,19,15,3:00pm-3:59pm,36,1,0
2018,4,Arizona,40438,1,1,0,1,1,1,1,13,MARICOPA (13),MESA,14,6,2018,5,Thursday,21,9:00pm-9:59pm,38,This section IS NOT on the NHS,6,Local Street - Municipality,GILBERT RD,BROADWAY RD,2,Urban,3,Principal Arterial - Other,4,City or Municipal Highway Agency,0,None,33.40814722,-111.78839167,No Special Jurisdiction,8,Pedestrian,0,Not a Collision with Motor Vehicle In-Transport,0,No,3,Intersection-Related,2,Four-Way Intersection,None,1,On Roadway,3,Dark - Lighted,1,Clear,0,99,Unknown,Unknown,99,Unknown EMS Scene Arrival Hour,Unknown EMS Scene Arrival Minutes,88,Not Applicable (Not Transported),Not Applicable (Not Transported),1,0
2018,4,Arizona,40439,2,2,0,0,7,7,0,17,NAVAJO (17),NOT APPLICABLE,16,6,2018,7,Saturday,15,3:00pm-3:59pm,55,This section IS ON the NHS,1,Interstate,I-40,,1,Rural,1,Interstate,1,State Highway Agency,2971,2971,34.98895556,-110.00875556,No Special Jurisdiction,12,Motor Vehicle In-Transport,2,Front-to-Front,0,No,1,Non-Junction,1,Not an Intersection,None,1,On Roadway,1,Daylight,10,Cloudy,0,15,3:00pm-3:59pm,55,16,4:00pm-4:59pm,4,99,Unknown,Unknown EMS Hospital Arrival Time,2,0
2018,4,Arizona,40440,1,1,0,0,1,1,0,19,PIMA (19),TUCSON,17,6,2018,1,Sunday,9,9:00am-9:59am,14,This section IS ON the NHS,6,Local Street - Municipality,GOLF LINKS RD,,2,Urban,3,Principal Arterial - Other,4,City or Municipal Highway Agency,0,None,32.17963333,-110.90748056,No Special Jurisdiction,33,Curb,0,Not a Collision with Motor Vehicle In-Transport,1,Yes,19,Other location within Interchange Area,1,Not an Intersection,None,4,On Roadside,1,Daylight,1,Clear,0,9,9:00am-9:59am,20,9,9:00am-9:59am,29,88,Not Applicable (Not Transported),Not Applicable (Not Transported),1,1
2018,4,Arizona,40441,1,1,0,1,2,2,1,7,GILA (7),NOT APPLICABLE,18,6,2018,2,Monday,0,0:00am-0:59am,22,This section IS NOT on the NHS,2,U.S. Highway,US-70,,1,Rural,4,Minor Arterial,1,State Highway Agency,177,177,33.30446389,-110.48201389,Indian Reservation,8,Pedestrian,0,Not a Collision with Motor Vehicle In-Transport,0,No,1,Non-Junction,1,Not an Intersection,None,1,On Roadway,2,Dark - Not Lighted,1,Clear,0,0,0:00am-0:59am,14,0,0:00am-0:59am,26,88,Not Applicable (Not Transported),Not Applicable (Not Transported),1,0
2018,4,Arizona,40442,5,5,0,2,3,3,2,13,MARICOPA (13),PHOENIX,18,6,2018,2,Monday,3,3:00am-3:59am,57,This section IS ON the NHS,1,Interstate,I-10,,2,Urban,1,Interstate,1,State Highway Agency,1400,1400,33.46246944,-112.16498056,No Special Jurisdiction,12,Motor Vehicle In-Transport,1,Front-to-Rear,1,Yes,18,Through Roadway,1,Not an Intersection,Construction,1,On Roadway,3,Dark - Lighted,1,Clear,0,3,3:00am-3:59am,57,4,4:00am-4:59am,10,99,Unknown,Unknown EMS Hospital Arrival Time,1,0
2018,4,Arizona,40443,1,1,0,0,2,2,0,25,YAVAPAI (25),NOT APPLICABLE,20,6,2018,4,Wednesday,12,12:00pm-12:59pm,8,This section IS ON the NHS,1,Interstate,I-17,,1,Rural,1,Interstate,1,State Highway Agency,881,881,34.53476111,-111.93587778,No Special Jurisdiction,5,Fell/Jumped from Vehicle,0,Not a Collision with Motor Vehicle In-Transport,0,No,1,Non-Junction,1,Not an Intersection,None,1,On Roadway,1,Daylight,1,Clear,0,12,12:00pm-12:59pm,8,12,12:00pm-12:59pm,30,99,Unknown,Unknown EMS Hospital Arrival Time,1,0
2018,4,Arizona,40444,1,1,0,1,1,1,1,13,MARICOPA (13),SCOTTSDALE,21,6,2018,5,Thursday,2,2:00am-2:59am,21,This section IS NOT on the NHS,6,Local Street - Municipality,MCDOWELL RD,SCOTTSDALE RD,2,Urban,3,Principal Arterial - Other,4,City or Municipal Highway Agency,0,None,33.46583611,-111.92615833,No Special Jurisdiction,8,Pedestrian,0,Not a Collision with Motor Vehicle In-Transport,0,No,3,Intersection-Related,2,Four-Way Intersection,None,1,On Roadway,3,Dark - Lighted,1,Clear,0,2,2:00am-2:59am,21,2,2:00am-2:59am,23,88,Not Applicable (Not Transported),Not Applicable (Not Transported),1,0
2018,4,Arizona,40445,2,2,0,0,2,2,0,17,NAVAJO (17),NOT APPLICABLE,24,6,2018,1,Sunday,19,7:00pm-7:59pm,35,This section IS ON the NHS,3,State Highway,SR-260,,1,Rural,3,Principal Arterial - Other,1,State Highway Agency,1476,1476,34.31095,-110.22445278,No Special Jurisdiction,1,Rollover/Overturn,0,Not a Collision with Motor Vehicle In-Transport,0,No,1,Non-Junction,1,Not an Intersection,None,1,On Roadway,1,Daylight,1,Clear,0,19,7:00pm-7:59pm,37,19,7:00pm-7:59pm,48,88,Not Applicable (Not Transported),Not Applicable (Not Transported),1,0
2018,4,Arizona,40446,3,3,0,0,5,5,0,13,MARICOPA (13),PHOENIX,24,6,2018,1,Sunday,23,11:00pm-11:59pm,33,This section IS ON the NHS,1,Interstate,I-10,,2,Urban,1,Interstate,1,State Highway Agency,1442,1442,33.46155833,-112.091475,No Special Jurisdiction,12,Motor Vehicle In-Transport,1,Front-to-Rear,0,No,1,Non-Junction,1,Not an Intersection,None,1,On Roadway,3,Dark - Lighted,1,Clear,0,23,11:00pm-11:59pm,34,23,11:00pm-11:59pm,51,0,0:00am-0:59am,3,1,0
2018,4,Arizona,40447,2,2,0,0,7,7,0,13,MARICOPA (13),GOODYEAR,25,6,2018,2,Monday,19,7:00pm-7:59pm,44,This section IS NOT on the NHS,6,Local Street - Municipality,YUMA RD,VILLAGE BLVD,2,Urban,4,Minor Arterial,4,City or Municipal Highway Agency,0,None,33.43549722,-112.40624722,No Special Jurisdiction,12,Motor Vehicle In-Transport,1,Front-to-Rear,0,No,3,Intersection-Related,2,Four-Way Intersection,None,1,On Roadway,1,Daylight,1,Clear,0,19,7:00pm-7:59pm,48,19,7:00pm-7:59pm,54,20,8:00pm-8:59pm,14,1,0
2018,4,Arizona,40448,1,1,0,1,1,1,1,13,MARICOPA (13),PHOENIX,26,6,2018,3,Tuesday,0,0:00am-0:59am,19,This section IS ON the NHS,6,Local Street - Municipality,INDIAN SCHOOL RD,36TH ST,2,Urban,3,Principal Arterial - Other,4,City or Municipal Highway Agency,0,None,33.49511667,-112.00408611,No Special Jurisdiction,8,Pedestrian,0,Not a Collision with Motor Vehicle In-Transport,0,No,3,Intersection-Related,2,Four-Way Intersection,None,1,On Roadway,3,Dark - Lighted,1,Clear,0,99,Unknown,Unknown,99,Unknown EMS Scene Arrival Hour,Unknown EMS Scene Arrival Minutes,88,Not Applicable (Not Transported),Not Applicable (Not Transported),1,0
2018,4,Arizona,40450,1,1,0,0,2,2,0,12,LA PAZ (12),NOT APPLICABLE,27,6,2018,4,Wednesday,2,2:00am-2:59am,27,This section IS ON the NHS,1,Interstate,I-10,,1,Rural,1,Interstate,1,State Highway Agency,697,697,33.56903611,-113.35164722,No Special Jurisdiction,1,Rollover/Overturn,0,Not a Collision with Motor Vehicle In-Transport,1,Yes,19,Other location within Interchange Area,1,Not an Intersection,None,4,On Roadside,2,Dark - Not Lighted,1,Clear,0,2,2:00am-2:59am,27,3,3:00am-3:59am,0,99,Unknown,Unknown EMS Hospital Arrival Time,1,0
2018,4,Arizona,40451,2,2,0,0,3,3,0,25,YAVAPAI (25),NOT APPLICABLE,3,5,2018,5,Thursday,14,2:00pm-2:59pm,52,This section IS NOT on the NHS,4,County Road,CR-OLD HIGHWAY 66,FORT ROCK RD,1,Rural,5,Major Collector,2,County Highway Agency,0,None,35.33523889,-112.92559167,No Special Jurisdiction,12,Motor Vehicle In-Transport,2,Front-to-Front,0,No,2,Intersection,2,Four-Way Intersection,None,1,On Roadway,1,Daylight,1,Clear,0,14,2:00pm-2:59pm,58,15,3:00pm-3:59pm,2,99,Unknown,Unknown EMS Hospital Arrival Time,2,0
2018,4,Arizona,40452,1,1,0,0,1,1,0,13,MARICOPA (13),MESA,2,6,2018,7,Saturday,22,10:00pm-10:59pm,25,This section IS NOT on the NHS,6,Local Street - Municipality,RAY RD,,2,Urban,7,Local,98,Not Reported,0,None,33.32151944,-111.6049,No Special Jurisdiction,30,Utility Pole/Light Support,0,Not a Collision with Motor Vehicle In-Transport,0,No,1,Non-Junction,1,Not an Intersection,None,3,On Median,3,Dark - Lighted,1,Clear,0,99,Unknown,Unknown,99,Unknown EMS Scene Arrival Hour,Unknown EMS Scene Arrival Minutes,99,Unknown,Unknown EMS Hospital Arrival Time,1,1
2018,4,Arizona,40453,1,1,0,1,1,1,1,13,MARICOPA (13),PHOENIX,18,6,2018,2,Monday,12,12:00pm-12:59pm,9,This section IS NOT on the NHS,6,Local Street - Municipality,16TH ST,ENCINAS LN,2,Urban,4,Minor Arterial,4,City or Municipal Highway Agency,0,None,33.41016667,-112.04713333,No Special Jurisdiction,8,Pedestrian,0,Not a Collision with Motor Vehicle In-Transport,0,No,3,Intersection-Related,3,T-Intersection,None,1,On Roadway,1,Daylight,1,Clear,0,12,12:00pm-12:59pm,10,12,12:00pm-12:59pm,15,12,12:00pm-12:59pm,29,1,0
2018,4,Arizona,40454,2,2,0,0,3,3,0,13,MARICOPA (13),MESA,26,6,2018,3,Tuesday,9,9:00am-9:59am,9,This section IS NOT on the NHS,6,Local Street - Municipality,BROADWAY RD,,2,Urban,3,Principal Arterial - Other,4,City or Municipal Highway Agency,0,None,33.40803333,-111.79582222,No Special Jurisdiction,12,Motor Vehicle In-Transport,6,Angle,0,No,8,Driveway Access Related,1,Not an Intersection,None,1,On Roadway,1,Daylight,1,Clear,0,99,Unknown,Unknown,99,Unknown EMS Scene Arrival Hour,Unknown EMS Scene Arrival Minutes,99,Unknown,Unknown EMS Hospital Arrival Time,1,0
2018,4,Arizona,40455,1,1,0,1,1,1,1,13,MARICOPA (13),PHOENIX,27,6,2018,4,Wednesday,21,9:00pm-9:59pm,34,This section IS NOT on the NHS,6,Local Street - Municipality,43RD AVE,PINCHOT AVE,2,Urban,4,Minor Arterial,4,City or Municipal Highway Agency,0,None,33.48262778,-112.15163611,No Special Jurisdiction,8,Pedestrian,0,Not a Collision with Motor Vehicle In-Transport,0,No,3,Intersection-Related,3,T-Intersection,None,1,On Roadway,3,Dark - Lighted,1,Clear,0,99,Unknown,Unknown,99,Unknown EMS Scene Arrival Hour,Unknown EMS Scene Arrival Minutes,99,Unknown,Unknown EMS Hospital Arrival Time,1,0
2018,4,Arizona,40456,1,1,0,1,1,1,1,9,GRAHAM (9),SAFFORD,28,6,2018,5,Thursday,20,8:00pm-8:59pm,6,This section IS NOT on the NHS,2,U.S. Highway,US-70 THATCHER BLVD,,2,Urban,3,Principal Arterial - Other,1,State Highway Agency,754,754,32.83488056,-109.72193889,No Special Jurisdiction,8,Pedestrian,0,Not a Collision with Motor Vehicle In-Transport,0,No,1,Non-Junction,1,Not an Intersection,None,11,Continuous Left - Turn Lane,3,Dark - Lighted,1,Clear,0,20,8:00pm-8:59pm,6,20,8:00pm-8:59pm,10,20,8:00pm-8:59pm,26,1,0
2018,4,Arizona,40457,1,1,0,0,1,1,0,23,SANTA CRUZ (23),NOT APPLICABLE,27,6,2018,4,Wednesday,7,7:00am-7:59am,34,This section IS ON the NHS,1,Interstate,I-19,,1,Rural,1,Interstate,1,State Highway Agency,168,168,31.53966389,-111.038975,No Special Jurisdiction,1,Rollover/Overturn,0,Not a Collision with Motor Vehicle In-Transport,0,No,1,Non-Junction,1,Not an Intersection,None,4,On Roadside,1,Daylight,1,Clear,0,7,7:00am-7:59am,34,7,7:00am-7:59am,48,88,Not Applicable (Not Transported),Not Applicable (Not Transported),1,0
2018,4,Arizona,40458,1,1,0,0,1,1,0,1,APACHE (1),NOT APPLICABLE,29,6,2018,6,Friday,23,11:00pm-11:59pm,2,This section IS NOT on the NHS,2,U.S. Highway,US-180,,1,Rural,4,Minor Arterial,1,State Highway Agency,1998,1998,34.71856389,-109.77059167,No Special Jurisdiction,44,"Pavement Surface Irregularity (Ruts, Potholes, Grates, etc.)",0,Not a Collision with Motor Vehicle In-Transport,0,No,1,Non-Junction,1,Not an Intersection,None,1,On Roadway,2,Dark - Not Lighted,1,Clear,0,23,11:00pm-11:59pm,4,23,11:00pm-11:59pm,36,88,Not Applicable (Not Transported),Not Applicable (Not Transported),1,0
2018,4,Arizona,40459,2,2,0,0,2,2,0,13,MARICOPA (13),GUADALUPE,4,4,2018,4,Wednesday,16,4:00pm-4:59pm,50,This section IS ON the NHS,1,Interstate,I-10,,2,Urban,1,Interstate,1,State Highway Agency,1562,1562,33.37439722,-111.96780556,No Special Jurisdiction,12,Motor Vehicle In-Transport,7,Sideswipe - Same Direction,1,Yes,18,Through Roadway,1,Not an Intersection,None,1,On Roadway,1,Daylight,1,Clear,0,99,Unknown,Unknown,99,Unknown EMS Scene Arrival Hour,Unknown EMS Scene Arrival Minutes,99,Unknown,Unknown EMS Hospital Arrival Time,1,0
2018,4,Arizona,40460,1,1,0,1,2,2,1,13,MARICOPA (13),PHOENIX,25,4,2018,4,Wednesday,19,7:00pm-7:59pm,46,This section IS NOT on the NHS,6,Local Street - Municipality,MCDOWELL RD,7TH ST,2,Urban,4,Minor Arterial,4,City or Municipal Highway Agency,0,None,33.46578056,-112.06512778,No Special Jurisdiction,8,Pedestrian,0,Not a Collision with Motor Vehicle In-Transport,0,No,3,Intersection-Related,2,Four-Way Intersection,None,1,On Roadway,3,Dark - Lighted,1,Clear,0,99,Unknown,Unknown,99,Unknown EMS Scene Arrival Hour,Unknown EMS Scene Arrival Minutes,99,Unknown,Unknown EMS Hospital Arrival Time,1,0
2018,4,Arizona,40461,2,2,0,0,2,2,0,13,MARICOPA (13),TEMPE,26,4,2018,5,Thursday,14,2:00pm-2:59pm,37,This section IS ON the NHS,3,State Highway,SR-101,,2,Urban,2,Principal Arterial - Other Freeways and Expressways,1,State Highway Agency,510,510,33.42741111,-111.89128056,No Special Jurisdiction,12,Motor Vehicle In-Transport,1,Front-to-Rear,0,No,1,Non-Junction,1,Not an Intersection,None,1,On Roadway,1,Daylight,1,Clear,0,99,Unknown,Unknown,99,Unknown EMS Scene Arrival Hour,Unknown EMS Scene Arrival Minutes,99,Unknown,Unknown EMS Hospital Arrival Time,1,0
2018,4,Arizona,40463,3,1,2,0,1,1,0,13,MARICOPA (13),WICKENBURG,26,5,2018,7,Saturday,23,11:00pm-11:59pm,14,This section IS NOT on the NHS,6,Local Street - Municipality,TEGNER ST,FRONTIER ST,1,Rural,4,Minor Arterial,4,City or Municipal Highway Agency,0,None,33.97124167,-112.73317778,No Special Jurisdiction,33,Curb,0,Not a Collision with Motor Vehicle In-Transport,0,No,3,Intersection-Related,3,T-Intersection,None,4,On Roadside,3,Dark - Lighted,1,Clear,0,23,11:00pm-11:59pm,14,23,11:00pm-11:59pm,24,99,Unknown,Unknown EMS Hospital Arrival Time,1,1
2018,4,Arizona,40464,1,1,0,0,1,1,0,13,MARICOPA (13),PHOENIX,1,6,2018,6,Friday,14,2:00pm-2:59pm,5,This section IS ON the NHS,3,State Highway,SR-101,,2,Urban,2,Principal Arterial - Other Freeways and Expressways,1,State Highway Agency,220,220,33.6686,-112.11583333,No Special Jurisdiction,1,Rollover/Overturn,0,Not a Collision with Motor Vehicle In-Transport,1,Yes,18,Through Roadway,1,Not an Intersection,None,1,On Roadway,1,Daylight,1,Clear,0,14,2:00pm-2:59pm,8,14,2:00pm-2:59pm,18,88,Not Applicable (Not Transported),Not Applicable (Not Transported),1,0
2018,4,Arizona,40465,2,2,0,0,2,2,0,21,PINAL (21),NOT APPLICABLE,10,6,2018,1,Sunday,7,7:00am-7:59am,8,This section IS ON the NHS,1,Interstate,I-10,,2,Urban,1,Interstate,1,State Highway Agency,1868,1868,32.98815278,-111.74126944,No Special Jurisdiction,12,Motor Vehicle In-Transport,2,Front-to-Front,0,No,1,Non-Junction,1,Not an Intersection,None,1,On Roadway,1,Daylight,1,Clear,0,7,7:00am-7:59am,15,7,7:00am-7:59am,15,99,Unknown,Unknown EMS Hospital Arrival Time,1,1
2018,4,Arizona,40466,1,1,0,0,2,2,0,1,APACHE (1),SPRINGERVILLE,22,6,2018,6,Friday,1,1:00am-1:59am,40,This section IS NOT on the NHS,6,Local Street - Municipality,AIRPORT RD,,2,Urban,7,Local,98,Not Reported,0,None,34.13258611,-109.30059167,No Special Jurisdiction,35,Embankment,0,Not a Collision with Motor Vehicle In-Transport,0,No,1,Non-Junction,1,Not an Intersection,None,4,On Roadside,2,Dark - Not Lighted,1,Clear,0,1,1:00am-1:59am,55,1,1:00am-1:59am,59,99,Unknown,Unknown EMS Hospital Arrival Time,1,1
2018,4,Arizona,40467,2,2,0,0,4,4,0,13,MARICOPA (13),MESA,23,6,2018,7,Saturday,23,11:00pm-11:59pm,51,This section IS ON the NHS,3,State Highway,SR-202,,2,Urban,2,Principal Arterial - Other Freeways and Expressways,1,State Highway Agency,98,98,33.43408333,-111.89168056,No Special Jurisdiction,12,Motor Vehicle In-Transport,1,Front-to-Rear,1,Yes,18,Through Roadway,1,Not an Intersection,None,1,On Roadway,3,Dark - Lighted,1,Clear,0,23,11:00pm-11:59pm,53,0,0:00am-0:59am,1,0,0:00am-0:59am,40,1,0
2018,4,Arizona,40468,1,1,0,1,2,2,1,5,COCONINO (5),FLAGSTAFF,29,6,2018,6,Friday,22,10:00pm-10:59pm,26,This section IS NOT on the NHS,3,State Highway,SR-40B ROUTE 66,,2,Urban,3,Principal Arterial - Other,1,State Highway Agency,1442,1442,35.19400278,-111.63250556,No Special Jurisdiction,8,Pedestrian,0,Not a Collision with Motor Vehicle In-Transport,0,No,1,Non-Junction,1,Not an Intersection,None,1,On Roadway,2,Dark - Not Lighted,10,Cloudy,0,99,Unknown,Unknown,99,Unknown EMS Scene Arrival Hour,Unknown EMS Scene Arrival Minutes,99,Unknown,Unknown EMS Hospital Arrival Time,1,0