AccidentYear,STATE,STATENAME,ST_CASE,VE_TOTAL,VE_FORMS,PVH_INVL,PEDS,PERSONS,PERMVIT,PERNOTMVIT,COUNTY,COUNTYNAME,CITYNAME,DAY,MONTH,YEAR,DAY_WEEK,DAY_WEEKNAME,HOUR,HOURNAME,MINUTENAME,NHSNAME,ROUTE,ROUTENAME,TWAY_ID,TWAY_ID2,RUR_URB,RUR_URBNAME,FUNC_SYS,FUNC_SYSNAME,RD_OWNER,RD_OWNERNAME,MILEPT,MILEPTNAME,LATITUDENAME,LONGITUDNAME,SP_JURNAME,HARM_EV,HARM_EVNAME,MAN_COLL,MAN_COLLNAME,RELJCT1,RELJCT1NAME,RELJCT2,RELJCT2NAME,TYP_INT,TYP_INTNAME,WRK_ZONENAME,REL_ROAD,REL_ROADNAME,LGT_COND,LGT_CONDNAME,WEATHER,WEATHERNAME,SCH_BUS,NOT_HOUR,NOT_HOURNAME,NOT_MINNAME,ARR_HOUR,ARR_HOURNAME,ARR_MINNAME,HOSP_HR,HOSP_HRNAME,HOSP_MNNAME,FATALS,DRUNK_DR
2018,4,Arizona,40607,1,1,0,0,2,2,0,13,MARICOPA (13),PHOENIX,22,7,2018,1,Sunday,1,1:00am-1:59am,19,This section IS NOT on the NHS,6,Local Street - Municipality,MCDOWELL RD,,2,Urban,4,Minor Arterial,4,City or Municipal Highway Agency,0,None,Reported as Unknown,Reported as Unknown,No Special Jurisdiction,5,Fell/Jumped from Vehicle,0,Not a Collision with Motor Vehicle In-Transport,0,No,98,Not Reported,98,Not Reported,None,1,On Roadway,6,Dark - Unknown Lighting,98,Not Reported,0,99,Unknown,Unknown,99,Unknown EMS Scene Arrival Hour,Unknown EMS Scene Arrival Minutes,99,Unknown,Unknown EMS Hospital Arrival Time,1,0
2018,4,Arizona,40608,2,2,0,0,2,2,0,21,PINAL (21),COOLIDGE,1,8,2018,4,Wednesday,10,10:00am-10:59am,33,This section IS NOT on the NHS,4,County Road,CR-CHRISTENSEN RD,CR-MARTIN RD,1,Rural,6,Minor Collector,2,County Highway Agency,0,None,32.95900833,-111.5069,No Special Jurisdiction,12,Motor Vehicle In-Transport,6,Angle,0,No,2,Intersection,2,Four-Way Intersection,None,1,On Roadway,1,Daylight,1,Clear,0,10,10:00am-10:59am,33,10,10:00am-10:59am,40,11,11:00am-11:59am,0,1,0
2018,4,Arizona,40609,1,1,0,1,1,1,1,13,MARICOPA (13),PHOENIX,1,8,2018,4,Wednesday,16,4:00pm-4:59pm,18,This section IS NOT on the NHS,6,Local Street - Municipality,1ST AVE,VAN BUREN ST,2,Urban,3,Principal Arterial - Other,4,City or Municipal Highway Agency,0,None,33.45139722,-112.075125,No Special Jurisdiction,8,Pedestrian,0,Not a Collision with Motor Vehicle In-Transport,0,No,3,Intersection-Related,2,Four-Way Intersection,None,1,On Roadway,1,Daylight,99,Reported as Unknown,0,99,Unknown,Unknown,99,Unknown EMS Scene Arrival Hour,Unknown EMS Scene Arrival Minutes,99,Unknown,Unknown EMS Hospital Arrival Time,1,0
2018,4,Arizona,40610,2,2,0,0,3,3,0,13,MARICOPA (13),PHOENIX,2,8,2018,5,Thursday,12,12:00pm-12:59pm,38,This section IS ON the NHS,6,Local Street - Municipality,BELL RD,3RD ST,2,Urban,3,Principal Arterial - Other,4,City or Municipal Highway Agency,0,None,33.64036389,-112.06983333,No Special Jurisdiction,12,Motor Vehicle In-Transport,6,Angle,0,No,2,Intersection,2,Four-Way Intersection,None,1,On Roadway,1,Daylight,1,Clear,0,12,12:00pm-12:59pm,39,12,12:00pm-12:59pm,39,12,12:00pm-12:59pm,52,1,0
2018,4,Arizona,40611,2,2,0,2,2,2,2,13,MARICOPA (13),PHOENIX,3,8,2018,6,Friday,13,1:00pm-1:59pm,35,This section IS NOT on the NHS,6,Local Street - Municipality,24TH ST,PUEBLO AVE,2,Urban,4,Minor Arterial,4,City or Municipal Highway Agency,0,None,33.40781667,-112.02979167,No Special Jurisdiction,12,Motor Vehicle In-Transport,6,Angle,0,No,2,Intersection,2,Four-Way Intersection,None,1,On Roadway,1,Daylight,1,Clear,0,13,1:00pm-1:59pm,37,13,1:00pm-1:59pm,40,13,1:00pm-1:59pm,59,1,0
2018,4,Arizona,40612,1,1,0,1,1,1,1,13,MARICOPA (13),PHOENIX,12,8,2018,1,Sunday,20,8:00pm-8:59pm,9,This section IS NOT on the NHS,6,Local Street - Municipality,ATLANTA AVE,,2,Urban,7,Local,4,City or Municipal Highway Agency,0,None,33.40008056,-112.08245,No Special Jurisdiction,8,Pedestrian,0,Not a Collision with Motor Vehicle In-Transport,0,No,1,Non-Junction,1,Not an Intersection,None,1,On Roadway,3,Dark - Lighted,10,Cloudy,0,88,Not Applicable (Not Notified),Not Applicable (Not Notified),88,Not Applicable,Not Applicable,88,Not Applicable (Not Transported),Not Applicable (Not Transported),1,0
2018,4,Arizona,40613,1,1,0,1,1,1,1,19,PIMA (19),SELLS,13,8,2018,2,Monday,20,8:00pm-8:59pm,22,This section IS NOT on the NHS,3,State Highway,SR-86,,1,Rural,4,Minor Arterial,50,Indian Tribe Nation,0,None,31.92770278,-111.79336944,Indian Reservation,8,Pedestrian,0,Not a Collision with Motor Vehicle In-Transport,0,No,98,Not Reported,98,Not Reported,None,99,Reported as Unknown,6,Dark - Unknown Lighting,99,Reported as Unknown,0,88,Not Applicable (Not Notified),Not Applicable (Not Notified),88,Not Applicable,Not Applicable,88,Not Applicable (Not Transported),Not Applicable (Not Transported),1,0
2018,4,Arizona,40614,1,1,0,1,1,1,1,13,MARICOPA (13),PHOENIX,17,8,2018,6,Friday,3,3:00am-3:59am,35,This section IS NOT on the NHS,6,Local Street - Municipality,MCDOWELL RD,40TH ST,2,Urban,3,Principal Arterial - Other,4,City or Municipal Highway Agency,0,None,33.46568333,-111.99559167,No Special Jurisdiction,8,Pedestrian,0,Not a Collision with Motor Vehicle In-Transport,0,No,3,Intersection-Related,2,Four-Way Intersection,None,1,On Roadway,3,Dark - Lighted,1,Clear,0,3,3:00am-3:59am,37,3,3:00am-3:59am,42,3,3:00am-3:59am,57,1,0
2018,4,Arizona,40615,2,2,0,0,4,4,0,7,GILA (7),SAN CARLOS,18,8,2018,7,Saturday,16,4:00pm-4:59pm,33,Unknown if this section is on the NHS,9,Unknown,BELVADO PARK RD,,9,Unknown,99,Unknown,99,Unknown,99999,Unknown,33.34881389,-110.46214167,Unknown,12,Motor Vehicle In-Transport,99,Reported as Unknown,9,Reported as Unknown,99,Reported as Unknown,99,Reported as Unknown,None,99,Reported as Unknown,1,Daylight,99,Reported as Unknown,0,99,Unknown,Unknown,99,Unknown EMS Scene Arrival Hour,Unknown EMS Scene Arrival Minutes,99,Unknown,Unknown EMS Hospital Arrival Time,2,0
2018,4,Arizona,40616,1,1,0,0,1,1,0,1,APACHE (1),CHINLE,19,8,2018,1,Sunday,21,9:00pm-9:59pm,16,This section IS ON the NHS,2,U.S. Highway,US-191,,1,Rural,2,Principal Arterial - Other Freeways and Expressways,1,State Highway Agency,4507,4507,36.21788889,-109.60315,Indian Reservation,99,Reported as Unknown,99,Reported as Unknown,9,Reported as Unknown,99,Reported as Unknown,99,Reported as Unknown,None,99,Reported as Unknown,6,Dark - Unknown Lighting,99,Reported as Unknown,0,88,Not Applicable (Not Notified),Not Applicable (Not Notified),88,Not Applicable,Not Applicable,88,Not Applicable (Not Transported),Not Applicable (Not Transported),1,0
2018,4,Arizona,40617,3,3,0,0,5,5,0,13,MARICOPA (13),PHOENIX,20,8,2018,2,Monday,18,6:00pm-6:59pm,32,This section IS NOT on the NHS,6,Local Street - Municipality,CHANDLER BLVD,48TH ST,2,Urban,3,Principal Arterial - Other,4,City or Municipal Highway Agency,0,None,33.305275,-111.98034722,No Special Jurisdiction,12,Motor Vehicle In-Transport,6,Angle,0,No,2,Intersection,2,Four-Way Intersection,None,1,On Roadway,3,Dark - Lighted,1,Clear,0,18,6:00pm-6:59pm,33,18,6:00pm-6:59pm,37,19,7:00pm-7:59pm,22,1,0
2018,4,Arizona,40618,1,1,0,1,1,1,1,13,MARICOPA (13),PHOENIX,20,8,2018,2,Monday,19,7:00pm-7:59pm,37,This section IS NOT on the NHS,6,Local Street - Municipality,RAY RD,,2,Urban,4,Minor Arterial,4,City or Municipal Highway Agency,0,None,33.31533889,-112.00679167,No Special Jurisdiction,8,Pedestrian,0,Not a Collision with Motor Vehicle In-Transport,0,No,1,Non-Junction,1,Not an Intersection,None,1,On Roadway,5,Dusk,99,Reported as Unknown,0,99,Unknown,Unknown,99,Unknown EMS Scene Arrival Hour,Unknown EMS Scene Arrival Minutes,99,Unknown,Unknown EMS Hospital Arrival Time,1,0
2018,4,Arizona,40619,2,2,0,1,2,2,1,13,MARICOPA (13),PHOENIX,22,8,2018,4,Wednesday,2,2:00am-2:59am,36,This section IS NOT on the NHS,6,Local Street - Municipality,31ST AVE,,2,Urban,4,Minor Arterial,4,City or Municipal Highway Agency,0,None,33.48234722,-112.12569444,No Special Jurisdiction,12,Motor Vehicle In-Transport,7,Sideswipe - Same Direction,0,No,1,Non-Junction,1,Not an Intersection,None,1,On Roadway,3,Dark - Lighted,1,Clear,0,2,2:00am-2:59am,43,2,2:00am-2:59am,50,3,3:00am-3:59am,2,1,1
2018,4,Arizona,40620,1,1,0,0,1,1,0,17,NAVAJO (17),WHITERIVER,22,8,2018,4,Wednesday,7,7:00am-7:59am,39,This section IS ON the NHS,3,State Highway,SR-73,,1,Rural,2,Principal Arterial - Other Freeways and Expressways,1,State Highway Agency,382,382,33.97710833,-109.91736667,No Special Jurisdiction,99,Reported as Unknown,99,Reported as Unknown,0,No,99,Reported as Unknown,99,Reported as Unknown,"Work Zone, Type Unknown",99,Reported as Unknown,1,Daylight,99,Reported as Unknown,0,88,Not Applicable (Not Notified),Not Applicable (Not Notified),88,Not Applicable,Not Applicable,88,Not Applicable (Not Transported),Not Applicable (Not Transported),1,1
2018,4,Arizona,40621,1,1,0,1,1,1,1,13,MARICOPA (13),PHOENIX,22,8,2018,4,Wednesday,20,8:00pm-8:59pm,51,This section IS NOT on the NHS,6,Local Street - Municipality,MCDOWELL RD,,2,Urban,4,Minor Arterial,4,City or Municipal Highway Agency,0,None,33.46595556,-112.13696944,No Special Jurisdiction,8,Pedestrian,0,Not a Collision with Motor Vehicle In-Transport,0,No,1,Non-Junction,1,Not an Intersection,None,1,On Roadway,3,Dark - Lighted,1,Clear,0,99,Unknown,Unknown,20,8:00pm-8:59pm,51,21,9:00pm-9:59pm,9,1,0
2018,4,Arizona,40622,1,1,0,1,1,1,1,17,NAVAJO (17),SECOND MESA,23,8,2018,5,Thursday,20,8:00pm-8:59pm,0,This section IS ON the NHS,3,State Highway,SR-264,,1,Rural,3,Principal Arterial - Other,1,State Highway Agency,473,473,35.89860833,-110.66458333,No Special Jurisdiction,8,Pedestrian,0,Not a Collision with Motor Vehicle In-Transport,0,No,1,Non-Junction,1,Not an Intersection,None,1,On Roadway,6,Dark - Unknown Lighting,99,Reported as Unknown,0,88,Not Applicable (Not Notified),Not Applicable (Not Notified),88,Not Applicable,Not Applicable,88,Not Applicable (Not Transported),Not Applicable (Not Transported),1,0
2018,4,Arizona,40623,1,1,0,0,2,2,0,21,PINAL (21),SACATON,25,8,2018,7,Saturday,14,2:00pm-2:59pm,3,Unknown if this section is on the NHS,8,Other,IMPERIAL RD,,9,Unknown,99,Unknown,99,Unknown,0,None,33.16114167,-111.81505556,Indian Reservation,99,Reported as Unknown,99,Reported as Unknown,9,Reported as Unknown,99,Reported as Unknown,99,Reported as Unknown,None,99,Reported as Unknown,1,Daylight,99,Reported as Unknown,0,88,Not Applicable (Not Notified),Not Applicable (Not Notified),88,Not Applicable,Not Applicable,88,Not Applicable (Not Transported),Not Applicable (Not Transported),1,0
2018,4,Arizona,40624,2,2,0,1,2,2,1,13,MARICOPA (13),PHOENIX,27,8,2018,2,Monday,23,11:00pm-11:59pm,3,This section IS NOT on the NHS,6,Local Street - Municipality,BETHANY HOME RD,,2,Urban,4,Minor Arterial,4,City or Municipal Highway Agency,0,None,33.52409722,-112.10399722,No Special Jurisdiction,8,Pedestrian,0,Not a Collision with Motor Vehicle In-Transport,0,No,1,Non-Junction,1,Not an Intersection,None,1,On Roadway,3,Dark - Lighted,1,Clear,0,23,11:00pm-11:59pm,34,23,11:00pm-11:59pm,39,88,Not Applicable (Not Transported),Not Applicable (Not Transported),1,0
2018,4,Arizona,40626,1,1,0,1,1,1,1,13,MARICOPA (13),PHOENIX,31,8,2018,6,Friday,5,5:00am-5:59am,44,This section IS NOT on the NHS,6,Local Street - Municipality,43RD AVE,,2,Urban,4,Minor Arterial,4,City or Municipal Highway Agency,0,None,33.53663056,-112.15144722,No Special Jurisdiction,8,Pedestrian,0,Not a Collision with Motor Vehicle In-Transport,0,No,1,Non-Junction,1,Not an Intersection,None,1,On Roadway,4,Dawn,1,Clear,0,5,5:00am-5:59am,42,5,5:00am-5:59am,47,88,Not Applicable (Not Transported),Not Applicable (Not Transported),1,0
2018,4,Arizona,40627,1,1,0,1,1,1,1,19,PIMA (19),TUCSON,1,9,2018,7,Saturday,19,7:00pm-7:59pm,17,This section IS NOT on the NHS,6,Local Street - Municipality,W PRINCE RD,,2,Urban,4,Minor Arterial,4,City or Municipal Highway Agency,0,None,32.27204722,-110.98829722,No Special Jurisdiction,8,Pedestrian,0,Not a Collision with Motor Vehicle In-Transport,0,No,1,Non-Junction,1,Not an Intersection,None,1,On Roadway,3,Dark - Lighted,1,Clear,0,19,7:00pm-7:59pm,17,19,7:00pm-7:59pm,19,19,7:00pm-7:59pm,29,1,0
2018,4,Arizona,40628,1,1,0,0,3,3,0,13,MARICOPA (13),PEORIA,1,9,2018,7,Saturday,19,7:00pm-7:59pm,20,This section IS ON the NHS,3,State Highway,SR-101,,2,Urban,2,Principal Arterial - Other Freeways and Expressways,1,State Highway Agency,77,77,33.55997778,-112.25784167,No Special Jurisdiction,1,Rollover/Overturn,0,Not a Collision with Motor Vehicle In-Transport,0,No,1,Non-Junction,1,Not an Intersection,None,4,On Roadside,1,Daylight,1,Clear,0,19,7:00pm-7:59pm,20,19,7:00pm-7:59pm,23,19,7:00pm-7:59pm,35,2,0
2018,4,Arizona,40629,1,1,0,1,1,1,1,13,MARICOPA (13),PHOENIX,1,9,2018,7,Saturday,19,7:00pm-7:59pm,24,This section IS NOT on the NHS,6,Local Street - Municipality,N 16TH ST,E BRILL ST,2,Urban,7,Local,4,City or Municipal Highway Agency,0,None,33.46463889,-112.04771111,No Special Jurisdiction,8,Pedestrian,0,Not a Collision with Motor Vehicle In-Transport,0,No,3,Intersection-Related,2,Four-Way Intersection,None,1,On Roadway,3,Dark - Lighted,1,Clear,0,19,7:00pm-7:59pm,25,19,7:00pm-7:59pm,29,19,7:00pm-7:59pm,43,1,0
2018,4,Arizona,40630,2,2,0,0,2,2,0,13,MARICOPA (13),TEMPE,2,9,2018,1,Sunday,23,11:00pm-11:59pm,59,This section IS ON the NHS,1,Interstate,I-10,,2,Urban,1,Interstate,1,State Highway Agency,1579,1579,33.34608611,-111.97197222,No Special Jurisdiction,12,Motor Vehicle In-Transport,7,Sideswipe - Same Direction,1,Yes,18,Through Roadway,1,Not an Intersection,None,1,On Roadway,3,Dark - Lighted,1,Clear,0,23,11:00pm-11:59pm,53,0,0:00am-0:59am,1,88,Not Applicable (Not Transported),Not Applicable (Not Transported),1,0
2018,4,Arizona,40631,1,1,0,0,1,1,0,13,MARICOPA (13),MESA,3,9,2018,2,Monday,1,1:00am-1:59am,10,This section IS NOT on the NHS,6,Local Street - Municipality,N HIGLEY RD,,2,Urban,4,Minor Arterial,4,City or Municipal Highway Agency,0,None,33.41950833,-111.71913611,No Special Jurisdiction,30,Utility Pole/Light Support,0,Not a Collision with Motor Vehicle In-Transport,0,No,1,Non-Junction,1,Not an Intersection,None,4,On Roadside,3,Dark - Lighted,1,Clear,0,99,Unknown,Unknown,99,Unknown EMS Scene Arrival Hour,Unknown EMS Scene Arrival Minutes,88,Not Applicable (Not Transported),Not Applicable (Not Transported),1,1
2018,4,Arizona,40632,2,2,0,0,2,2,0,13,MARICOPA (13),SCOTTSDALE,4,9,2018,3,Tuesday,21,9:00pm-9:59pm,52,This section IS NOT on the NHS,6,Local Street - Municipality,E RIO VERDE DR,,2,Urban,5,Major Collector,4,City or Municipal Highway Agency,0,None,33.74140278,-111.81704722,No Special Jurisdiction,12,Motor Vehicle In-Transport,6,Angle,0,No,1,Non-Junction,1,Not an Intersection,None,1,On Roadway,2,Dark - Not Lighted,1,Clear,0,21,9:00pm-9:59pm,53,22,10:00pm-10:59pm,1,22,10:00pm-10:59pm,47,1,1
2018,4,Arizona,40633,1,1,0,0,1,1,0,19,PIMA (19),TUCSON,5,9,2018,4,Wednesday,21,9:00pm-9:59pm,7,This section IS ON the NHS,1,Interstate,I-10,,2,Urban,1,Interstate,1,State Highway Agency,2755,2755,32.06142778,-110.77370278,No Special Jurisdiction,21,Bridge Pier or Support,0,Not a Collision with Motor Vehicle In-Transport,1,Yes,19,Other location within Interchange Area,1,Not an Intersection,None,3,On Median,1,Daylight,1,Clear,0,21,9:00pm-9:59pm,10,21,9:00pm-9:59pm,11,88,Not Applicable (Not Transported),Not Applicable (Not Transported),1,0
2018,4,Arizona,40634,1,1,0,1,1,1,1,19,PIMA (19),TUCSON,5,9,2018,4,Wednesday,21,9:00pm-9:59pm,24,This section IS NOT on the NHS,6,Local Street - Municipality,GRANT ST,HASKELL DR,2,Urban,7,Local,4,City or Municipal Highway Agency,0,None,32.25061389,-110.91091389,No Special Jurisdiction,15,Non-Motorist on Personal Conveyance,0,Not a Collision with Motor Vehicle In-Transport,0,No,2,Intersection,3,T-Intersection,None,1,On Roadway,3,Dark - Lighted,1,Clear,0,21,9:00pm-9:59pm,24,21,9:00pm-9:59pm,29,21,9:00pm-9:59pm,44,1,0
2018,4,Arizona,40635,1,1,0,0,2,2,0,7,GILA (7),GLOBE,6,9,2018,5,Thursday,13,1:00pm-1:59pm,54,This section IS NOT on the NHS,6,Local Street - Municipality,N BROAD ST,W ASH ST,2,Urban,4,Minor Arterial,4,City or Municipal Highway Agency,0,None,33.40169722,-110.79204167,No Special Jurisdiction,30,Utility Pole/Light Support,0,Not a Collision with Motor Vehicle In-Transport,0,No,3,Intersection-Related,3,T-Intersection,None,4,On Roadside,1,Daylight,1,Clear,0,99,Unknown,Unknown,99,Unknown EMS Scene Arrival Hour,Unknown EMS Scene Arrival Minutes,99,Unknown,Unknown EMS Hospital Arrival Time,2,0
2018,4,Arizona,40636,1,1,0,0,1,1,0,21,PINAL (21),CASA GRANDE,7,9,2018,6,Friday,6,6:00am-6:59am,5,This section IS NOT on the NHS,6,Local Street - Municipality,TOLTEC BUTTES RD,,2,Urban,7,Local,4,City or Municipal Highway Agency,0,None,32.84274444,-111.63677222,No Special Jurisdiction,1,Rollover/Overturn,0,Not a Collision with Motor Vehicle In-Transport,0,No,1,Non-Junction,1,Not an Intersection,None,4,On Roadside,4,Dawn,1,Clear,0,6,6:00am-6:59am,5,6,6:00am-6:59am,11,88,Not Applicable (Not Transported),Not Applicable (Not Transported),1,0
2018,4,Arizona,40637,3,3,0,0,6,6,0,17,NAVAJO (17),NOT APPLICABLE,7,9,2018,6,Friday,21,9:00pm-9:59pm,14,This section IS NOT on the NHS,2,U.S. Highway,US-160,,1,Rural,3,Principal Arterial - Other,1,State Highway Agency,632,632,36.56358611,-110.496925,No Special Jurisdiction,12,Motor Vehicle In-Transport,2,Front-to-Front,0,No,1,Non-Junction,1,Not an Intersection,None,1,On Roadway,2,Dark - Not Lighted,1,Clear,0,21,9:00pm-9:59pm,14,21,9:00pm-9:59pm,34,99,Unknown,Unknown EMS Hospital Arrival Time,2,0
2018,4,Arizona,40638,1,1,0,0,1,1,0,13,MARICOPA (13),GOODYEAR,8,9,2018,7,Saturday,5,5:00am-5:59am,57,This section IS NOT on the NHS,6,Local Street - Municipality,N PEBBLE CREEK PKWY,,2,Urban,4,Minor Arterial,4,City or Municipal Highway Agency,0,None,33.48622222,-112.39633611,No Special Jurisdiction,33,Curb,0,Not a Collision with Motor Vehicle In-Transport,0,No,1,Non-Junction,1,Not an Intersection,None,3,On Median,1,Daylight,1,Clear,0,99,Unknown,Unknown,99,Unknown EMS Scene Arrival Hour,Unknown EMS Scene Arrival Minutes,88,Not Applicable (Not Transported),Not Applicable (Not Transported),1,0
2018,4,Arizona,40639,1,1,0,0,1,1,0,13,MARICOPA (13),GLENDALE,8,9,2018,7,Saturday,15,3:00pm-3:59pm,29,This section IS NOT on the NHS,6,Local Street - Municipality,N 59TH AVE,,2,Urban,4,Minor Arterial,4,City or Municipal Highway Agency,0,None,33.62616111,-112.18573333,No Special Jurisdiction,7,Other Non-Collision,0,Not a Collision with Motor Vehicle In-Transport,0,No,1,Non-Junction,1,Not an Intersection,None,1,On Roadway,1,Daylight,1,Clear,0,15,3:00pm-3:59pm,29,15,3:00pm-3:59pm,33,15,3:00pm-3:59pm,50,1,1
2018,4,Arizona,40640,2,2,0,0,3,3,0,13,MARICOPA (13),TONOPAH,8,9,2018,7,Saturday,18,6:00pm-6:59pm,37,This section IS ON the NHS,1,Interstate,I-10,,1,Rural,1,Interstate,1,State Highway Agency,768,768,33.55015833,-113.23066944,No Special Jurisdiction,12,Motor Vehicle In-Transport,7,Sideswipe - Same Direction,0,No,1,Non-Junction,1,Not an Intersection,None,1,On Roadway,5,Dusk,1,Clear,0,99,Unknown,Unknown,99,Unknown EMS Scene Arrival Hour,Unknown EMS Scene Arrival Minutes,99,Unknown,Unknown EMS Hospital Arrival Time,1,0
2018,4,Arizona,40641,2,2,0,0,2,2,0,19,PIMA (19),TUCSON,9,9,2018,1,Sunday,19,7:00pm-7:59pm,35,This section IS NOT on the NHS,6,Local Street - Municipality,SWAN RD,LOS REALES RD,2,Urban,4,Minor Arterial,4,City or Municipal Highway Agency,0,None,32.11939167,-110.89219444,No Special Jurisdiction,12,Motor Vehicle In-Transport,6,Angle,0,No,2,Intersection,2,Four-Way Intersection,None,1,On Roadway,2,Dark - Not Lighted,1,Clear,0,19,7:00pm-7:59pm,35,19,7:00pm-7:59pm,40,99,Unknown,Unknown EMS Hospital Arrival Time,2,1
2018,4,Arizona,40642,1,1,0,1,1,1,1,13,MARICOPA (13),PHOENIX,12,9,2018,4,Wednesday,13,1:00pm-1:59pm,56,This section IS NOT on the NHS,6,Local Street - Municipality,W BROADWAY RD,,2,Urban,4,Minor Arterial,4,City or Municipal Highway Agency,0,None,33.40673056,-112.09653889,No Special Jurisdiction,8,Pedestrian,0,Not a Collision with Motor Vehicle In-Transport,0,No,1,Non-Junction,1,Not an Intersection,None,1,On Roadway,1,Daylight,1,Clear,0,13,1:00pm-1:59pm,58,14,2:00pm-2:59pm,4,14,2:00pm-2:59pm,22,1,0
2018,4,Arizona,40644,1,1,0,1,3,3,1,13,MARICOPA (13),MESA,12,9,2018,4,Wednesday,18,6:00pm-6:59pm,43,This section IS NOT on the NHS,6,Local Street - Municipality,E MCKELLIPS RD,,2,Urban,7,Local,4,City or Municipal Highway Agency,0,None,33.45148333,-111.83402778,No Special Jurisdiction,9,Pedalcyclist,0,Not a Collision with Motor Vehicle In-Transport,0,No,1,Non-Junction,1,Not an Intersection,None,1,On Roadway,5,Dusk,1,Clear,0,18,6:00pm-6:59pm,43,18,6:00pm-6:59pm,45,19,7:00pm-7:59pm,10,1,0
2018,4,Arizona,40645,3,3,0,0,5,5,0,13,MARICOPA (13),PHOENIX,12,9,2018,4,Wednesday,19,7:00pm-7:59pm,39,This section IS NOT on the NHS,6,Local Street - Municipality,E UNION HILLS DR,N 32ND ST,2,Urban,7,Local,4,City or Municipal Highway Agency,0,None,33.655125,-112.01362222,No Special Jurisdiction,12,Motor Vehicle In-Transport,6,Angle,0,No,2,Intersection,2,Four-Way Intersection,None,1,On Roadway,3,Dark - Lighted,1,Clear,0,19,7:00pm-7:59pm,41,19,7:00pm-7:59pm,41,20,8:00pm-8:59pm,9,1,0
2018,4,Arizona,40646,1,1,0,1,2,2,1,13,MARICOPA (13),GLENDALE,13,9,2018,5,Thursday,18,6:00pm-6:59pm,26,This section IS NOT on the NHS,6,Local Street - Municipality,W THUNDERBIRD AVE,,2,Urban,4,Minor Arterial,4,City or Municipal Highway Agency,0,None,33.61070556,-112.17034444,No Special Jurisdiction,8,Pedestrian,0,Not a Collision with Motor Vehicle In-Transport,0,No,1,Non-Junction,1,Not an Intersection,None,1,On Roadway,1,Daylight,1,Clear,0,99,Unknown,Unknown,99,Unknown EMS Scene Arrival Hour,Unknown EMS Scene Arrival Minutes,99,Unknown,Unknown EMS Hospital Arrival Time,1,0
2018,4,Arizona,40647,1,1,0,1,1,1,1,13,MARICOPA (13),GILBERT,13,9,2018,5,Thursday,18,6:00pm-6:59pm,28,This section IS NOT on the NHS,6,Local Street - Municipality,E BASELINE RD,BASELINE CANAL CROSSING,2,Urban,4,Minor Arterial,4,City or Municipal Highway Agency,0,None,33.37906944,-111.76551944,No Special Jurisdiction,9,Pedalcyclist,0,Not a Collision with Motor Vehicle In-Transport,0,No,3,Intersection-Related,2,Four-Way Intersection,None,1,On Roadway,5,Dusk,1,Clear,0,18,6:00pm-6:59pm,28,18,6:00pm-6:59pm,31,88,Not Applicable (Not Transported),Not Applicable (Not Transported),1,0
2018,4,Arizona,40648,1,1,0,1,2,2,1,13,MARICOPA (13),GLENDALE,13,9,2018,5,Thursday,20,8:00pm-8:59pm,27,This section IS NOT on the NHS,6,Local Street - Municipality,W GLENDALE AVE,,2,Urban,4,Minor Arterial,4,City or Municipal Highway Agency,0,None,33.53837222,-112.20095,No Special Jurisdiction,8,Pedestrian,0,Not a Collision with Motor Vehicle In-Transport,0,No,1,Non-Junction,1,Not an Intersection,None,1,On Roadway,3,Dark - Lighted,1,Clear,0,99,Unknown,Unknown,99,Unknown EMS Scene Arrival Hour,Unknown EMS Scene Arrival Minutes,99,Unknown,Unknown EMS Hospital Arrival Time,1,0
2018,4,Arizona,40649,1,1,0,1,1,1,1,19,PIMA (19),TUCSON,13,9,2018,5,Thursday,21,9:00pm-9:59pm,14,This section IS NOT on the NHS,6,Local Street - Municipality,COUNTRY CLUB RD S,,2,Urban,5,Major Collector,4,City or Municipal Highway Agency,0,None,32.16497222,-110.92630556,No Special Jurisdiction,8,Pedestrian,0,Not a Collision with Motor Vehicle In-Transport,0,No,1,Non-Junction,1,Not an Intersection,None,1,On Roadway,3,Dark - Lighted,1,Clear,0,21,9:00pm-9:59pm,14,21,9:00pm-9:59pm,20,21,9:00pm-9:59pm,41,1,0
2018,4,Arizona,40650,3,3,0,0,3,3,0,21,PINAL (21),NOT APPLICABLE,14,9,2018,6,Friday,5,5:00am-5:59am,38,This section IS NOT on the NHS,3,State Highway,SR-177,,1,Rural,5,Major Collector,1,State Highway Agency,256,256,33.21897778,-111.06774167,No Special Jurisdiction,24,Guardrail Face,0,Not a Collision with Motor Vehicle In-Transport,0,No,1,Non-Junction,1,Not an Intersection,None,4,On Roadside,2,Dark - Not Lighted,1,Clear,0,5,5:00am-5:59am,43,6,6:00am-6:59am,10,88,Not Applicable (Not Transported),Not Applicable (Not Transported),1,0