AccidentYear,STATE,STATENAME,ST_CASE,VE_TOTAL,VE_FORMS,PVH_INVL,PEDS,PERSONS,PERMVIT,PERNOTMVIT,COUNTY,COUNTYNAME,CITYNAME,DAY,MONTH,YEAR,DAY_WEEK,DAY_WEEKNAME,HOUR,HOURNAME,MINUTENAME,NHSNAME,ROUTE,ROUTENAME,TWAY_ID,TWAY_ID2,RUR_URB,RUR_URBNAME,FUNC_SYS,FUNC_SYSNAME,RD_OWNER,RD_OWNERNAME,MILEPT,MILEPTNAME,LATITUDENAME,LONGITUDNAME,SP_JURNAME,HARM_EV,HARM_EVNAME,MAN_COLL,MAN_COLLNAME,RELJCT1,RELJCT1NAME,RELJCT2,RELJCT2NAME,TYP_INT,TYP_INTNAME,WRK_ZONENAME,REL_ROAD,REL_ROADNAME,LGT_COND,LGT_CONDNAME,WEATHER,WEATHERNAME,SCH_BUS,NOT_HOUR,NOT_HOURNAME,NOT_MINNAME,ARR_HOUR,ARR_HOURNAME,ARR_MINNAME,HOSP_HR,HOSP_HRNAME,HOSP_MNNAME,FATALS,DRUNK_DR
2018,4,Arizona,40651,2,2,0,0,3,3,0,19,PIMA (19),TUCSON,14,9,2018,6,Friday,14,2:00pm-2:59pm,31,This section IS NOT on the NHS,6,Local Street - Municipality,S TUCSON BLVD,E DREXEL RD,2,Urban,3,Principal Arterial - Other,4,City or Municipal Highway Agency,0,None,32.14873056,-110.93504444,No Special Jurisdiction,12,Motor Vehicle In-Transport,6,Angle,0,No,2,Intersection,2,Four-Way Intersection,None,1,On Roadway,1,Daylight,1,Clear,0,14,2:00pm-2:59pm,14,14,2:00pm-2:59pm,34,14,2:00pm-2:59pm,59,1,0
2018,4,Arizona,40652,1,1,0,1,1,1,1,13,MARICOPA (13),SCOTTSDALE,14,9,2018,6,Friday,19,7:00pm-7:59pm,10,This section IS NOT on the NHS,6,Local Street - Municipality,E VIA LINDA,,2,Urban,5,Major Collector,4,City or Municipal Highway Agency,0,None,33.58976111,-111.83384444,No Special Jurisdiction,8,Pedestrian,0,Not a Collision with Motor Vehicle In-Transport,0,No,1,Non-Junction,1,Not an Intersection,None,1,On Roadway,2,Dark - Not Lighted,1,Clear,0,19,7:00pm-7:59pm,10,19,7:00pm-7:59pm,13,88,Not Applicable (Not Transported),Not Applicable (Not Transported),1,0
2018,4,Arizona,40653,4,4,0,0,5,5,0,19,PIMA (19),TUCSON,15,9,2018,7,Saturday,9,9:00am-9:59am,15,This section IS NOT on the NHS,6,Local Street - Municipality,ALVERNON WAY,22ND ST,2,Urban,3,Principal Arterial - Other,4,City or Municipal Highway Agency,0,None,32.20693611,-110.90949444,No Special Jurisdiction,12,Motor Vehicle In-Transport,2,Front-to-Front,0,No,2,Intersection,2,Four-Way Intersection,None,1,On Roadway,1,Daylight,1,Clear,0,9,9:00am-9:59am,15,9,9:00am-9:59am,16,9,9:00am-9:59am,43,1,0
2018,4,Arizona,40654,3,3,0,4,3,3,4,19,PIMA (19),TUCSON,15,9,2018,7,Saturday,16,4:00pm-4:59pm,24,This section IS NOT on the NHS,6,Local Street - Municipality,N ALVERNON WAY,E GRANT RD,2,Urban,7,Local,4,City or Municipal Highway Agency,0,None,32.25034722,-110.90980278,No Special Jurisdiction,12,Motor Vehicle In-Transport,1,Front-to-Rear,0,No,3,Intersection-Related,2,Four-Way Intersection,None,1,On Roadway,1,Daylight,1,Clear,0,16,4:00pm-4:59pm,24,16,4:00pm-4:59pm,26,16,4:00pm-4:59pm,54,2,0
2018,4,Arizona,40655,1,1,0,0,4,4,0,5,COCONINO (5),NOT APPLICABLE,15,9,2018,7,Saturday,16,4:00pm-4:59pm,26,This section IS NOT on the NHS,8,Other,NF-300 RIM RD,,1,Rural,7,Local,64,U.S. Forest Service,103,103,34.40001389,-111.10771111,No Special Jurisdiction,17,Boulder,0,Not a Collision with Motor Vehicle In-Transport,0,No,1,Non-Junction,1,Not an Intersection,None,4,On Roadside,1,Daylight,1,Clear,0,88,Not Applicable (Not Notified),Not Applicable (Not Notified),88,Not Applicable,Not Applicable,88,Not Applicable (Not Transported),Not Applicable (Not Transported),4,0
2018,4,Arizona,40656,1,1,0,0,2,2,0,25,YAVAPAI (25),NOT APPLICABLE,16,9,2018,1,Sunday,19,7:00pm-7:59pm,35,This section IS ON the NHS,1,Interstate,I-17,,1,Rural,1,Interstate,1,State Highway Agency,2503,2503,34.16544444,-112.14463056,No Special Jurisdiction,1,Rollover/Overturn,0,Not a Collision with Motor Vehicle In-Transport,0,No,1,Non-Junction,1,Not an Intersection,None,4,On Roadside,2,Dark - Not Lighted,1,Clear,0,19,7:00pm-7:59pm,37,19,7:00pm-7:59pm,51,20,8:00pm-8:59pm,56,1,0
2018,4,Arizona,40657,2,2,0,0,2,2,0,13,MARICOPA (13),NOT APPLICABLE,16,9,2018,1,Sunday,17,5:00pm-5:59pm,14,This section IS ON the NHS,7,Local Street - Frontage Road,I-17 FRONTAGE RD,,1,Rural,1,Interstate,1,State Highway Agency,0,None,33.91296389,-112.14072222,No Special Jurisdiction,12,Motor Vehicle In-Transport,2,Front-to-Front,0,No,1,Non-Junction,1,Not an Intersection,None,1,On Roadway,1,Daylight,1,Clear,0,16,4:00pm-4:59pm,28,16,4:00pm-4:59pm,41,99,Unknown,Unknown EMS Hospital Arrival Time,1,0
2018,4,Arizona,40660,2,2,0,1,4,4,1,13,MARICOPA (13),CHANDLER,19,9,2018,4,Wednesday,19,7:00pm-7:59pm,11,This section IS NOT on the NHS,6,Local Street - Municipality,RAY RD,ARROWHEAD DR,2,Urban,7,Local,4,City or Municipal Highway Agency,0,None,33.32051944,-111.867725,No Special Jurisdiction,8,Pedestrian,0,Not a Collision with Motor Vehicle In-Transport,0,No,3,Intersection-Related,2,Four-Way Intersection,None,1,On Roadway,3,Dark - Lighted,1,Clear,0,19,7:00pm-7:59pm,12,19,7:00pm-7:59pm,15,19,7:00pm-7:59pm,28,1,0
2018,4,Arizona,40661,2,2,0,0,11,11,0,21,PINAL (21),NOT APPLICABLE,19,9,2018,4,Wednesday,21,9:00pm-9:59pm,58,This section IS NOT on the NHS,3,State Highway,SR-79,,1,Rural,4,Minor Arterial,1,State Highway Agency,1223,1223,32.88196944,-111.26121111,No Special Jurisdiction,12,Motor Vehicle In-Transport,2,Front-to-Front,0,No,1,Non-Junction,1,Not an Intersection,None,1,On Roadway,2,Dark - Not Lighted,1,Clear,0,99,Unknown,Unknown,99,Unknown EMS Scene Arrival Hour,Unknown EMS Scene Arrival Minutes,99,Unknown,Unknown EMS Hospital Arrival Time,7,0
2018,4,Arizona,40662,3,3,0,0,4,4,0,19,PIMA (19),TUCSON,20,9,2018,5,Thursday,3,3:00am-3:59am,11,This section IS NOT on the NHS,6,Local Street - Municipality,VALENCIA RD E,,2,Urban,3,Principal Arterial - Other,4,City or Municipal Highway Agency,0,None,32.13940556,-110.83961667,No Special Jurisdiction,12,Motor Vehicle In-Transport,8,Sideswipe - Opposite Direction,0,No,1,Non-Junction,1,Not an Intersection,None,1,On Roadway,2,Dark - Not Lighted,1,Clear,0,3,3:00am-3:59am,11,3,3:00am-3:59am,21,3,3:00am-3:59am,27,1,0
2018,4,Arizona,40663,1,1,0,1,1,1,1,13,MARICOPA (13),GLENDALE,20,9,2018,5,Thursday,18,6:00pm-6:59pm,56,This section IS NOT on the NHS,6,Local Street - Municipality,N 59TH AVE,W BROWN ST,2,Urban,4,Minor Arterial,4,City or Municipal Highway Agency,0,None,33.57832778,-112.18631667,No Special Jurisdiction,8,Pedestrian,0,Not a Collision with Motor Vehicle In-Transport,0,No,3,Intersection-Related,2,Four-Way Intersection,None,1,On Roadway,3,Dark - Lighted,1,Clear,0,99,Unknown,Unknown,99,Unknown EMS Scene Arrival Hour,Unknown EMS Scene Arrival Minutes,99,Unknown,Unknown EMS Hospital Arrival Time,1,0
2018,4,Arizona,40664,2,2,0,0,2,2,0,21,PINAL (21),APACHE JUNCTION,21,9,2018,6,Friday,6,6:00am-6:59am,38,This section IS NOT on the NHS,6,Local Street - Municipality,S PHELPS DR,,2,Urban,5,Major Collector,4,City or Municipal Highway Agency,0,None,33.41157778,-111.55075278,No Special Jurisdiction,12,Motor Vehicle In-Transport,6,Angle,0,No,8,Driveway Access Related,1,Not an Intersection,None,1,On Roadway,1,Daylight,1,Clear,1,6,6:00am-6:59am,38,6,6:00am-6:59am,42,88,Not Applicable (Not Transported),Not Applicable (Not Transported),1,0
2018,4,Arizona,40665,3,3,0,0,3,3,0,13,MARICOPA (13),MESA,21,9,2018,6,Friday,21,9:00pm-9:59pm,3,This section IS NOT on the NHS,6,Local Street - Municipality,E BROWN RD,N HIGLEY,2,Urban,4,Minor Arterial,4,City or Municipal Highway Agency,0,None,33.43734722,-111.71899722,No Special Jurisdiction,12,Motor Vehicle In-Transport,6,Angle,0,No,2,Intersection,2,Four-Way Intersection,None,1,On Roadway,3,Dark - Lighted,1,Clear,0,21,9:00pm-9:59pm,9,21,9:00pm-9:59pm,14,21,9:00pm-9:59pm,39,1,0
2018,4,Arizona,40666,1,1,0,1,2,2,1,13,MARICOPA (13),TEMPE,22,9,2018,7,Saturday,0,0:00am-0:59am,6,This section IS ON the NHS,6,Local Street - Municipality,SCOTTSDALE RD,,2,Urban,3,Principal Arterial - Other,4,City or Municipal Highway Agency,0,None,33.43824722,-111.92627222,No Special Jurisdiction,8,Pedestrian,0,Not a Collision with Motor Vehicle In-Transport,0,No,1,Non-Junction,1,Not an Intersection,None,1,On Roadway,3,Dark - Lighted,10,Cloudy,0,0,0:00am-0:59am,7,0,0:00am-0:59am,11,0,0:00am-0:59am,27,1,0
2018,4,Arizona,40668,1,1,0,0,2,2,0,5,COCONINO (5),NOT APPLICABLE,22,9,2018,7,Saturday,12,12:00pm-12:59pm,56,This section IS NOT on the NHS,2,U.S. Highway,US-89A,,1,Rural,5,Major Collector,1,State Highway Agency,220,220,36.73740278,-111.75503056,Other Federal Properties*,58,Ground,0,Not a Collision with Motor Vehicle In-Transport,0,No,1,Non-Junction,1,Not an Intersection,None,5,Outside Trafficway,1,Daylight,1,Clear,0,13,1:00pm-1:59pm,14,13,1:00pm-1:59pm,54,99,Unknown,Unknown EMS Hospital Arrival Time,1,0
2018,4,Arizona,40669,1,1,0,0,1,1,0,25,YAVAPAI (25),COTTONWOOD,22,9,2018,7,Saturday,16,4:00pm-4:59pm,24,This section IS NOT on the NHS,3,State Highway,SR-89A,GROSELA RANCH RD,2,Urban,4,Minor Arterial,1,State Highway Agency,99998,Not Reported,34.74702778,-112.04491111,No Special Jurisdiction,33,Curb,0,Not a Collision with Motor Vehicle In-Transport,0,No,3,Intersection-Related,6,Roundabout,None,3,On Median,1,Daylight,1,Clear,0,99,Unknown,Unknown,99,Unknown EMS Scene Arrival Hour,Unknown EMS Scene Arrival Minutes,99,Unknown,Unknown EMS Hospital Arrival Time,1,1
2018,4,Arizona,40670,1,1,0,1,1,1,1,13,MARICOPA (13),MESA,22,9,2018,7,Saturday,20,8:00pm-8:59pm,10,This section IS ON the NHS,6,Local Street - Municipality,S POWER DR,,2,Urban,3,Principal Arterial - Other,4,City or Municipal Highway Agency,0,None,33.393525,-111.68481667,No Special Jurisdiction,8,Pedestrian,0,Not a Collision with Motor Vehicle In-Transport,0,No,1,Non-Junction,1,Not an Intersection,None,1,On Roadway,2,Dark - Not Lighted,1,Clear,0,20,8:00pm-8:59pm,5,20,8:00pm-8:59pm,10,20,8:00pm-8:59pm,30,1,0
2018,4,Arizona,40672,1,1,0,1,1,1,1,13,MARICOPA (13),MESA,23,9,2018,1,Sunday,9,9:00am-9:59am,39,This section IS NOT on the NHS,6,Local Street - Municipality,E BASELINE RD,,2,Urban,4,Minor Arterial,4,City or Municipal Highway Agency,0,None,33.37934722,-111.68409167,No Special Jurisdiction,33,Curb,0,Not a Collision with Motor Vehicle In-Transport,0,No,1,Non-Junction,1,Not an Intersection,None,4,On Roadside,1,Daylight,1,Clear,0,99,Unknown,Unknown,99,Unknown EMS Scene Arrival Hour,Unknown EMS Scene Arrival Minutes,88,Not Applicable (Not Transported),Not Applicable (Not Transported),1,0
2018,4,Arizona,40673,1,1,0,0,1,1,0,5,COCONINO (5),NOT APPLICABLE,23,9,2018,1,Sunday,11,11:00am-11:59am,11,This section IS ON the NHS,1,Interstate,I-17 G RAMP,,1,Rural,1,Interstate,1,State Highway Agency,3265,3265,34.98216944,-111.68559167,No Special Jurisdiction,1,Rollover/Overturn,0,Not a Collision with Motor Vehicle In-Transport,0,No,5,Entrance/Exit Ramp Related,1,Not an Intersection,Construction,4,On Roadside,1,Daylight,1,Clear,0,11,11:00am-11:59am,14,11,11:00am-11:59am,25,88,Not Applicable (Not Transported),Not Applicable (Not Transported),1,0
2018,4,Arizona,40674,7,7,0,0,8,8,0,19,PIMA (19),TUCSON,24,9,2018,2,Monday,8,8:00am-8:59am,37,This section IS NOT on the NHS,6,Local Street - Municipality,SPEEDWAY BLVD E,WILMOT RD N,2,Urban,3,Principal Arterial - Other,4,City or Municipal Highway Agency,0,None,32.23578889,-110.85820278,No Special Jurisdiction,12,Motor Vehicle In-Transport,1,Front-to-Rear,0,No,3,Intersection-Related,2,Four-Way Intersection,None,1,On Roadway,1,Daylight,10,Cloudy,0,8,8:00am-8:59am,37,8,8:00am-8:59am,43,9,9:00am-9:59am,8,1,1
2018,4,Arizona,40675,2,2,0,0,2,2,0,13,MARICOPA (13),PHOENIX,25,9,2018,3,Tuesday,1,1:00am-1:59am,20,This section IS NOT on the NHS,6,Local Street - Municipality,N 67TH AVE,W MCDOWELL RD,2,Urban,4,Minor Arterial,4,City or Municipal Highway Agency,0,None,33.46583056,-112.20333056,No Special Jurisdiction,12,Motor Vehicle In-Transport,6,Angle,0,No,2,Intersection,2,Four-Way Intersection,None,1,On Roadway,3,Dark - Lighted,1,Clear,0,1,1:00am-1:59am,20,1,1:00am-1:59am,22,88,Not Applicable (Not Transported),Not Applicable (Not Transported),1,0
2018,4,Arizona,40676,2,2,0,0,2,2,0,17,NAVAJO (17),JOSEPH CITY,25,9,2018,3,Tuesday,2,2:00am-2:59am,19,This section IS ON the NHS,1,Interstate,I-40,,2,Urban,1,Interstate,1,State Highway Agency,2765,2765,34.95508889,-110.31781667,No Special Jurisdiction,12,Motor Vehicle In-Transport,2,Front-to-Front,0,No,1,Non-Junction,1,Not an Intersection,None,1,On Roadway,2,Dark - Not Lighted,1,Clear,0,2,2:00am-2:59am,59,3,3:00am-3:59am,28,99,Unknown,Unknown EMS Hospital Arrival Time,1,0
2018,4,Arizona,40677,2,2,0,0,2,2,0,25,YAVAPAI (25),PRESCOTT VALLEY,25,9,2018,3,Tuesday,8,8:00am-8:59am,33,This section IS NOT on the NHS,6,Local Street - Municipality,N GLASSFORD HILL RD,E FLORENTINE RD,2,Urban,4,Minor Arterial,4,City or Municipal Highway Agency,0,None,34.588875,-112.33928056,No Special Jurisdiction,12,Motor Vehicle In-Transport,6,Angle,0,No,2,Intersection,2,Four-Way Intersection,None,1,On Roadway,1,Daylight,1,Clear,0,8,8:00am-8:59am,Unknown,99,Unknown EMS Scene Arrival Hour,Unknown EMS Scene Arrival Minutes,99,Unknown,Unknown EMS Hospital Arrival Time,1,0
2018,4,Arizona,40678,2,2,0,0,3,3,0,1,APACHE (1),ROCK POINT,25,9,2018,3,Tuesday,11,11:00am-11:59am,49,This section IS NOT on the NHS,2,U.S. Highway,US-191,,1,Rural,5,Major Collector,1,State Highway Agency,4929,4929,36.71042778,-109.62314444,Indian Reservation,12,Motor Vehicle In-Transport,2,Front-to-Front,0,No,1,Non-Junction,1,Not an Intersection,None,1,On Roadway,1,Daylight,1,Clear,0,11,11:00am-11:59am,49,12,12:00pm-12:59pm,32,88,Not Applicable (Not Transported),Not Applicable (Not Transported),3,1
2018,4,Arizona,40679,1,1,0,1,1,1,1,13,MARICOPA (13),CHANDLER,25,9,2018,3,Tuesday,16,4:00pm-4:59pm,4,This section IS NOT on the NHS,6,Local Street - Municipality,GERMANN RD,AIRPORT BLVD,2,Urban,4,Minor Arterial,4,City or Municipal Highway Agency,0,None,33.27708611,-111.8157,No Special Jurisdiction,9,Pedalcyclist,0,Not a Collision with Motor Vehicle In-Transport,0,No,3,Intersection-Related,3,T-Intersection,None,1,On Roadway,1,Daylight,1,Clear,0,99,Unknown,Unknown,99,Unknown EMS Scene Arrival Hour,Unknown EMS Scene Arrival Minutes,99,Unknown,Unknown EMS Hospital Arrival Time,1,0
2018,4,Arizona,40680,1,1,0,0,1,1,0,5,COCONINO (5),NOT APPLICABLE,26,9,2018,4,Wednesday,12,12:00pm-12:59pm,30,This section IS ON the NHS,3,State Highway,SR-87,,1,Rural,3,Principal Arterial - Other,1,State Highway Agency,3039,3039,Not Reported,Not Reported,No Special Jurisdiction,1,Rollover/Overturn,0,Not a Collision with Motor Vehicle In-Transport,0,No,1,Non-Junction,1,Not an Intersection,None,4,On Roadside,1,Daylight,1,Clear,0,99,Unknown,Unknown,99,Unknown EMS Scene Arrival Hour,Unknown EMS Scene Arrival Minutes,88,Not Applicable (Not Transported),Not Applicable (Not Transported),1,0
2018,4,Arizona,40682,2,2,0,0,6,6,0,13,MARICOPA (13),PHOENIX,26,9,2018,4,Wednesday,22,10:00pm-10:59pm,21,This section IS NOT on the NHS,6,Local Street - Municipality,N 19TH ST,,2,Urban,7,Local,4,City or Municipal Highway Agency,0,None,33.45706944,-112.04115556,No Special Jurisdiction,12,Motor Vehicle In-Transport,2,Front-to-Front,0,No,1,Non-Junction,1,Not an Intersection,None,1,On Roadway,3,Dark - Lighted,1,Clear,0,22,10:00pm-10:59pm,22,22,10:00pm-10:59pm,26,22,10:00pm-10:59pm,47,1,1
2018,4,Arizona,40683,1,1,0,1,1,1,1,13,MARICOPA (13),PHOENIX,27,9,2018,5,Thursday,1,1:00am-1:59am,9,This section IS NOT on the NHS,6,Local Street - Municipality,E BUCKEYE RD,,2,Urban,4,Minor Arterial,4,City or Municipal Highway Agency,0,None,33.43685,-112.06271389,No Special Jurisdiction,8,Pedestrian,0,Not a Collision with Motor Vehicle In-Transport,0,No,1,Non-Junction,1,Not an Intersection,None,1,On Roadway,2,Dark - Not Lighted,1,Clear,0,99,Unknown,Unknown,99,Unknown EMS Scene Arrival Hour,Unknown EMS Scene Arrival Minutes,99,Unknown,Unknown EMS Hospital Arrival Time,1,0
2018,4,Arizona,40684,4,4,0,0,6,6,0,13,MARICOPA (13),AVONDALE,27,9,2018,5,Thursday,15,3:00pm-3:59pm,21,This section IS NOT on the NHS,6,Local Street - Municipality,N DYSART RD,,2,Urban,4,Minor Arterial,4,City or Municipal Highway Agency,0,None,33.48692222,-112.34101389,No Special Jurisdiction,12,Motor Vehicle In-Transport,1,Front-to-Rear,0,No,1,Non-Junction,1,Not an Intersection,None,1,On Roadway,1,Daylight,1,Clear,0,15,3:00pm-3:59pm,24,15,3:00pm-3:59pm,31,15,3:00pm-3:59pm,52,1,0
2018,4,Arizona,40685,1,1,0,1,1,1,1,13,MARICOPA (13),PHOENIX,27,9,2018,5,Thursday,19,7:00pm-7:59pm,44,This section IS NOT on the NHS,6,Local Street - Municipality,E BUCKEYE RD,,2,Urban,4,Minor Arterial,4,City or Municipal Highway Agency,0,None,33.4368,-112.04836111,No Special Jurisdiction,8,Pedestrian,0,Not a Collision with Motor Vehicle In-Transport,0,No,1,Non-Junction,1,Not an Intersection,None,1,On Roadway,2,Dark - Not Lighted,1,Clear,0,99,Unknown,Unknown,99,Unknown EMS Scene Arrival Hour,Unknown EMS Scene Arrival Minutes,99,Unknown,Unknown EMS Hospital Arrival Time,1,0
2018,4,Arizona,40686,2,2,0,0,2,2,0,13,MARICOPA (13),PHOENIX,28,9,2018,6,Friday,7,7:00am-7:59am,25,This section IS NOT on the NHS,6,Local Street - Municipality,W HATCHER RD,N 9TH AVE,2,Urban,5,Major Collector,4,City or Municipal Highway Agency,0,None,33.57122778,-112.0847,No Special Jurisdiction,12,Motor Vehicle In-Transport,6,Angle,0,No,2,Intersection,3,T-Intersection,None,1,On Roadway,1,Daylight,1,Clear,0,7,7:00am-7:59am,26,7,7:00am-7:59am,30,7,7:00am-7:59am,38,1,0
2018,4,Arizona,40687,1,1,0,0,4,4,0,5,COCONINO (5),NOT APPLICABLE,28,9,2018,6,Friday,20,8:00pm-8:59pm,54,This section IS NOT on the NHS,8,Other,NF-82E,,1,Rural,7,Local,64,U.S. Forest Service,0,None,35.02366389,-111.44908889,No Special Jurisdiction,42,Tree (Standing Only),0,Not a Collision with Motor Vehicle In-Transport,0,No,1,Non-Junction,1,Not an Intersection,None,4,On Roadside,5,Dusk,1,Clear,0,20,8:00pm-8:59pm,54,21,9:00pm-9:59pm,20,21,9:00pm-9:59pm,59,1,0
2018,4,Arizona,40688,2,2,0,0,2,2,0,21,PINAL (21),APACHE JUNCTION,28,9,2018,6,Friday,22,10:00pm-10:59pm,9,This section IS NOT on the NHS,6,Local Street - Municipality,APACHE TRAIL,,2,Urban,7,Local,4,City or Municipal Highway Agency,0,None,33.41536111,-111.5775,No Special Jurisdiction,12,Motor Vehicle In-Transport,6,Angle,0,No,8,Driveway Access Related,1,Not an Intersection,None,1,On Roadway,6,Dark - Unknown Lighting,1,Clear,0,22,10:00pm-10:59pm,11,22,10:00pm-10:59pm,15,22,10:00pm-10:59pm,52,1,0
2018,4,Arizona,40689,2,2,0,0,4,4,0,17,NAVAJO (17),JOSEPH CITY,29,9,2018,7,Saturday,14,2:00pm-2:59pm,41,This section IS ON the NHS,1,Interstate,I-40,,1,Rural,1,Interstate,1,State Highway Agency,2676,2676,Not Reported,Not Reported,No Special Jurisdiction,12,Motor Vehicle In-Transport,8,Sideswipe - Opposite Direction,0,No,1,Non-Junction,1,Not an Intersection,None,1,On Roadway,1,Daylight,1,Clear,0,14,2:00pm-2:59pm,42,14,2:00pm-2:59pm,57,99,Unknown,Unknown EMS Hospital Arrival Time,2,0
2018,4,Arizona,40690,1,1,0,1,1,1,1,19,PIMA (19),TUCSON,29,9,2018,7,Saturday,18,6:00pm-6:59pm,50,This section IS NOT on the NHS,6,Local Street - Municipality,E SPEEDWAY BLVD,,2,Urban,3,Principal Arterial - Other,4,City or Municipal Highway Agency,0,None,32.23561111,-110.81949722,No Special Jurisdiction,8,Pedestrian,0,Not a Collision with Motor Vehicle In-Transport,0,No,1,Non-Junction,1,Not an Intersection,None,1,On Roadway,3,Dark - Lighted,1,Clear,0,18,6:00pm-6:59pm,52,19,7:00pm-7:59pm,5,19,7:00pm-7:59pm,8,1,0
2018,4,Arizona,40691,3,1,2,1,2,1,2,13,MARICOPA (13),TONOPAH,30,9,2018,1,Sunday,2,2:00am-2:59am,32,This section IS ON the NHS,1,Interstate,I-10,,2,Urban,1,Interstate,1,State Highway Agency,715,715,Not Reported,Not Reported,No Special Jurisdiction,14,Parked Motor Vehicle,0,Not a Collision with Motor Vehicle In-Transport,0,No,1,Non-Junction,1,Not an Intersection,None,2,On Shoulder,2,Dark - Not Lighted,98,Not Reported,0,2,2:00am-2:59am,35,2,2:00am-2:59am,56,88,Not Applicable (Not Transported),Not Applicable (Not Transported),1,0
2018,4,Arizona,40692,1,1,0,0,2,2,0,19,PIMA (19),TUCSON,3,9,2018,2,Monday,8,8:00am-8:59am,20,This section IS NOT on the NHS,6,Local Street - Municipality,MISSION RD,TOHONO WOG,2,Urban,3,Principal Arterial - Other,4,City or Municipal Highway Agency,0,None,32.10459167,-111.01916667,No Special Jurisdiction,30,Utility Pole/Light Support,0,Not a Collision with Motor Vehicle In-Transport,0,No,3,Intersection-Related,3,T-Intersection,None,4,On Roadside,1,Daylight,98,Not Reported,0,8,8:00am-8:59am,32,8,8:00am-8:59am,39,99,Unknown,Unknown EMS Hospital Arrival Time,1,1
2018,4,Arizona,40693,2,2,0,1,2,2,1,13,MARICOPA (13),EL MIRAGE,4,9,2018,3,Tuesday,5,5:00am-5:59am,5,This section IS NOT on the NHS,6,Local Street - Municipality,EL MIRAGE RD,,2,Urban,4,Minor Arterial,4,City or Municipal Highway Agency,0,None,33.56738056,-112.32396389,No Special Jurisdiction,9,Pedalcyclist,0,Not a Collision with Motor Vehicle In-Transport,0,No,1,Non-Junction,1,Not an Intersection,None,1,On Roadway,6,Dark - Unknown Lighting,98,Not Reported,0,99,Unknown,Unknown,99,Unknown EMS Scene Arrival Hour,Unknown EMS Scene Arrival Minutes,88,Not Applicable (Not Transported),Not Applicable (Not Transported),1,0
2018,4,Arizona,40694,1,1,0,1,1,1,1,3,COCHISE (3),BISBEE,8,9,2018,7,Saturday,20,8:00pm-8:59pm,3,This section IS NOT on the NHS,3,State Highway,SR-92,,2,Urban,4,Minor Arterial,1,State Highway Agency,3515,3515,Not Reported,Not Reported,No Special Jurisdiction,8,Pedestrian,0,Not a Collision with Motor Vehicle In-Transport,0,No,1,Non-Junction,1,Not an Intersection,None,1,On Roadway,2,Dark - Not Lighted,1,Clear,0,99,Unknown,Unknown,99,Unknown EMS Scene Arrival Hour,Unknown EMS Scene Arrival Minutes,99,Unknown,Unknown EMS Hospital Arrival Time,1,0
2018,4,Arizona,40695,1,1,0,1,1,1,1,13,MARICOPA (13),PHOENIX,10,9,2018,2,Monday,19,7:00pm-7:59pm,38,This section IS NOT on the NHS,6,Local Street - Municipality,NORTHERN AVE,33RD AVE,2,Urban,4,Minor Arterial,4,City or Municipal Highway Agency,0,None,33.55309444,-112.12999167,No Special Jurisdiction,15,Non-Motorist on Personal Conveyance,0,Not a Collision with Motor Vehicle In-Transport,0,No,3,Intersection-Related,2,Four-Way Intersection,None,1,On Roadway,3,Dark - Lighted,1,Clear,0,19,7:00pm-7:59pm,39,19,7:00pm-7:59pm,43,19,7:00pm-7:59pm,56,1,0
2018,4,Arizona,40696,2,2,0,0,2,2,0,19,PIMA (19),TUCSON,11,9,2018,3,Tuesday,5,5:00am-5:59am,39,This section IS NOT on the NHS,5,Local Street - Township,MISSION RD,,2,Urban,4,Minor Arterial,50,Indian Tribe Nation,0,None,32.11790556,-111.01785278,Indian Reservation,12,Motor Vehicle In-Transport,1,Front-to-Rear,0,No,1,Non-Junction,1,Not an Intersection,None,1,On Roadway,1,Daylight,1,Clear,0,99,Unknown,Unknown,99,Unknown EMS Scene Arrival Hour,Unknown EMS Scene Arrival Minutes,99,Unknown,Unknown EMS Hospital Arrival Time,1,0
2018,4,Arizona,40697,1,1,0,1,1,1,1,13,MARICOPA (13),SURPRISE,12,9,2018,4,Wednesday,18,6:00pm-6:59pm,21,This section IS NOT on the NHS,5,Local Street - Township,WADDELL RD,183RD AVE,2,Urban,7,Local,98,Not Reported,0,None,33.60968889,-112.45183611,No Special Jurisdiction,9,Pedalcyclist,0,Not a Collision with Motor Vehicle In-Transport,0,No,2,Intersection,3,T-Intersection,None,1,On Roadway,1,Daylight,1,Clear,0,18,6:00pm-6:59pm,27,18,6:00pm-6:59pm,35,88,Not Applicable (Not Transported),Not Applicable (Not Transported),1,0
2018,4,Arizona,40698,2,2,0,0,2,2,0,13,MARICOPA (13),PHOENIX,13,9,2018,5,Thursday,23,11:00pm-11:59pm,43,This section IS ON the NHS,1,Interstate,I-10,,2,Urban,1,Interstate,1,State Highway Agency,1490,1490,33.43536944,-112.03780833,No Special Jurisdiction,57,Cable Barrier,0,Not a Collision with Motor Vehicle In-Transport,1,Yes,19,Other location within Interchange Area,1,Not an Intersection,None,3,On Median,3,Dark - Lighted,1,Clear,0,23,11:00pm-11:59pm,51,23,11:00pm-11:59pm,54,88,Not Applicable (Not Transported),Not Applicable (Not Transported),1,1