AccidentYear,STATE,STATENAME,ST_CASE,VE_TOTAL,VE_FORMS,PVH_INVL,PEDS,PERSONS,PERMVIT,PERNOTMVIT,COUNTY,COUNTYNAME,CITYNAME,DAY,MONTH,YEAR,DAY_WEEK,DAY_WEEKNAME,HOUR,HOURNAME,MINUTENAME,NHSNAME,ROUTE,ROUTENAME,TWAY_ID,TWAY_ID2,RUR_URB,RUR_URBNAME,FUNC_SYS,FUNC_SYSNAME,RD_OWNER,RD_OWNERNAME,MILEPT,MILEPTNAME,LATITUDENAME,LONGITUDNAME,SP_JURNAME,HARM_EV,HARM_EVNAME,MAN_COLL,MAN_COLLNAME,RELJCT1,RELJCT1NAME,RELJCT2,RELJCT2NAME,TYP_INT,TYP_INTNAME,WRK_ZONENAME,REL_ROAD,REL_ROADNAME,LGT_COND,LGT_CONDNAME,WEATHER,WEATHERNAME,SCH_BUS,NOT_HOUR,NOT_HOURNAME,NOT_MINNAME,ARR_HOUR,ARR_HOURNAME,ARR_MINNAME,HOSP_HR,HOSP_HRNAME,HOSP_MNNAME,FATALS,DRUNK_DR
2018,4,Arizona,40744,2,2,0,0,2,2,0,13,MARICOPA (13),MESA,19,10,2018,6,Friday,4,4:00am-4:59am,58,This section IS NOT on the NHS,6,Local Street - Municipality,E SOUTHERN AVE,,2,Urban,4,Minor Arterial,4,City or Municipal Highway Agency,0,None,33.39336389,-111.80646389,No Special Jurisdiction,12,Motor Vehicle In-Transport,1,Front-to-Rear,0,No,1,Non-Junction,1,Not an Intersection,None,1,On Roadway,3,Dark - Lighted,1,Clear,0,4,4:00am-4:59am,58,5,5:00am-5:59am,4,5,5:00am-5:59am,29,1,0
2018,4,Arizona,40745,1,1,0,1,1,1,1,21,PINAL (21),APACHE JUNCTION,19,10,2018,6,Friday,5,5:00am-5:59am,49,This section IS NOT on the NHS,6,Local Street - Municipality,DELAWARE DR,,2,Urban,5,Major Collector,4,City or Municipal Highway Agency,0,None,33.43266944,-111.57206389,No Special Jurisdiction,8,Pedestrian,0,Not a Collision with Motor Vehicle In-Transport,0,No,1,Non-Junction,1,Not an Intersection,None,4,On Roadside,2,Dark - Not Lighted,1,Clear,0,99,Unknown,Unknown,99,Unknown EMS Scene Arrival Hour,Unknown EMS Scene Arrival Minutes,88,Not Applicable (Not Transported),Not Applicable (Not Transported),1,0
2018,4,Arizona,40746,2,2,0,0,8,8,0,13,MARICOPA (13),MESA,19,10,2018,6,Friday,17,5:00pm-5:59pm,43,This section IS NOT on the NHS,6,Local Street - Municipality,S ELLSWORTH RD,E RAY RD,2,Urban,4,Minor Arterial,4,City or Municipal Highway Agency,0,None,33.32163056,-111.63556389,No Special Jurisdiction,12,Motor Vehicle In-Transport,6,Angle,0,No,2,Intersection,2,Four-Way Intersection,None,1,On Roadway,3,Dark - Lighted,1,Clear,0,17,5:00pm-5:59pm,43,17,5:00pm-5:59pm,48,18,6:00pm-6:59pm,4,1,0
2018,4,Arizona,40747,1,1,0,0,3,3,0,21,PINAL (21),NOT APPLICABLE,19,10,2018,6,Friday,23,11:00pm-11:59pm,0,This section IS ON the NHS,1,Interstate,I-10,,1,Rural,1,Interstate,1,State Highway Agency,2016,2016,32.79607222,-111.65015833,No Special Jurisdiction,1,Rollover/Overturn,0,Not a Collision with Motor Vehicle In-Transport,0,No,1,Non-Junction,1,Not an Intersection,None,4,On Roadside,2,Dark - Not Lighted,1,Clear,0,23,11:00pm-11:59pm,Unknown,23,11:00pm-11:59pm,17,99,Unknown,Unknown EMS Hospital Arrival Time,1,0
2018,4,Arizona,40748,1,1,0,0,2,2,0,19,PIMA (19),TUCSON,20,10,2018,7,Saturday,2,2:00am-2:59am,30,This section IS NOT on the NHS,6,Local Street - Municipality,ANKLAM RD,,2,Urban,7,Local,4,City or Municipal Highway Agency,0,None,32.224975,-111.01220556,No Special Jurisdiction,5,Fell/Jumped from Vehicle,0,Not a Collision with Motor Vehicle In-Transport,0,No,1,Non-Junction,1,Not an Intersection,None,1,On Roadway,6,Dark - Unknown Lighting,99,Reported as Unknown,0,88,Not Applicable (Not Notified),Not Applicable (Not Notified),88,Not Applicable,Not Applicable,88,Not Applicable (Not Transported),Not Applicable (Not Transported),1,1
2018,4,Arizona,40749,2,2,0,0,2,2,0,19,PIMA (19),TUCSON,20,10,2018,7,Saturday,5,5:00am-5:59am,36,This section IS NOT on the NHS,6,Local Street - Municipality,FORT LOWELL RD,1ST AVE,2,Urban,4,Minor Arterial,4,City or Municipal Highway Agency,0,None,32.26481667,-110.96099167,No Special Jurisdiction,1,Rollover/Overturn,0,Not a Collision with Motor Vehicle In-Transport,0,No,2,Intersection,2,Four-Way Intersection,None,1,On Roadway,3,Dark - Lighted,1,Clear,0,5,5:00am-5:59am,36,5,5:00am-5:59am,42,5,5:00am-5:59am,49,1,0
2018,4,Arizona,40751,1,1,0,0,1,1,0,13,MARICOPA (13),GILA BEND,21,10,2018,1,Sunday,20,8:00pm-8:59pm,55,This section IS NOT on the NHS,6,Local Street - Municipality,OLD US HWY 80,,1,Rural,5,Major Collector,4,City or Municipal Highway Agency,0,None,32.95473056,-112.69901111,No Special Jurisdiction,42,Tree (Standing Only),0,Not a Collision with Motor Vehicle In-Transport,0,No,1,Non-Junction,1,Not an Intersection,None,4,On Roadside,2,Dark - Not Lighted,1,Clear,0,21,9:00pm-9:59pm,0,21,9:00pm-9:59pm,7,88,Not Applicable (Not Transported),Not Applicable (Not Transported),1,0
2018,4,Arizona,40752,1,1,0,0,2,2,0,13,MARICOPA (13),GLENDALE,22,10,2018,2,Monday,13,1:00pm-1:59pm,44,This section IS NOT on the NHS,6,Local Street - Municipality,W LUKE AVE,,2,Urban,7,Local,4,City or Municipal Highway Agency,0,None,33.51854444,-112.17418611,No Special Jurisdiction,33,Curb,0,Not a Collision with Motor Vehicle In-Transport,0,No,1,Non-Junction,1,Not an Intersection,None,4,On Roadside,1,Daylight,1,Clear,0,13,1:00pm-1:59pm,44,13,1:00pm-1:59pm,48,99,Unknown,Unknown EMS Hospital Arrival Time,1,0
2018,4,Arizona,40753,2,2,0,0,2,2,0,13,MARICOPA (13),CHANDLER,22,10,2018,2,Monday,19,7:00pm-7:59pm,41,This section IS ON the NHS,3,State Highway,SR-87 N ARIZONA AVE,,2,Urban,3,Principal Arterial - Other,1,State Highway Agency,99998,Not Reported,33.3486,-111.84177778,No Special Jurisdiction,12,Motor Vehicle In-Transport,6,Angle,0,No,8,Driveway Access Related,1,Not an Intersection,None,1,On Roadway,3,Dark - Lighted,1,Clear,0,19,7:00pm-7:59pm,42,19,7:00pm-7:59pm,47,88,Not Applicable (Not Transported),Not Applicable (Not Transported),1,0
2018,4,Arizona,40754,1,1,0,0,1,1,0,19,PIMA (19),NOT APPLICABLE,22,10,2018,2,Monday,20,8:00pm-8:59pm,45,This section IS NOT on the NHS,4,County Road,CR-CATALINA HWY,,1,Rural,5,Major Collector,2,County Highway Agency,99998,Not Reported,32.31119167,-110.72823611,No Special Jurisdiction,24,Guardrail Face,0,Not a Collision with Motor Vehicle In-Transport,0,No,1,Non-Junction,1,Not an Intersection,None,4,On Roadside,2,Dark - Not Lighted,1,Clear,0,20,8:00pm-8:59pm,45,20,8:00pm-8:59pm,54,99,Unknown,Unknown EMS Hospital Arrival Time,1,0
2018,4,Arizona,40755,1,1,0,0,2,2,0,25,YAVAPAI (25),NOT APPLICABLE,24,10,2018,4,Wednesday,14,2:00pm-2:59pm,36,This section IS NOT on the NHS,8,Other,FS-9603,,1,Rural,7,Local,64,U.S. Forest Service,99998,Not Reported,34.52575833,-111.96486667,No Special Jurisdiction,1,Rollover/Overturn,0,Not a Collision with Motor Vehicle In-Transport,0,No,1,Non-Junction,1,Not an Intersection,None,1,On Roadway,1,Daylight,1,Clear,0,14,2:00pm-2:59pm,36,14,2:00pm-2:59pm,55,99,Unknown,Unknown EMS Hospital Arrival Time,1,0
2018,4,Arizona,40756,3,3,0,0,5,5,0,13,MARICOPA (13),MESA,25,10,2018,5,Thursday,13,1:00pm-1:59pm,56,This section IS ON the NHS,6,Local Street - Municipality,POWER RD,E BROADWAY RD,2,Urban,3,Principal Arterial - Other,4,City or Municipal Highway Agency,0,None,33.40858611,-111.68458333,No Special Jurisdiction,12,Motor Vehicle In-Transport,6,Angle,0,No,2,Intersection,2,Four-Way Intersection,None,1,On Roadway,1,Daylight,1,Clear,0,99,Unknown,Unknown,99,Unknown EMS Scene Arrival Hour,Unknown EMS Scene Arrival Minutes,99,Unknown,Unknown EMS Hospital Arrival Time,1,0
2018,4,Arizona,40758,2,2,0,0,2,2,0,13,MARICOPA (13),PEORIA,26,10,2018,6,Friday,3,3:00am-3:59am,41,This section IS ON the NHS,2,U.S. Highway,US-60 W GRAND AVE,SR-101 LOOP,2,Urban,3,Principal Arterial - Other,1,State Highway Agency,1488,1488,33.59406389,-112.26100556,No Special Jurisdiction,12,Motor Vehicle In-Transport,6,Angle,1,Yes,2,Intersection,3,T-Intersection,None,1,On Roadway,3,Dark - Lighted,1,Clear,0,3,3:00am-3:59am,34,3,3:00am-3:59am,41,4,4:00am-4:59am,4,1,0
2018,4,Arizona,40759,1,1,0,1,1,1,1,13,MARICOPA (13),MESA,26,10,2018,6,Friday,18,6:00pm-6:59pm,53,This section IS ON the NHS,6,Local Street - Municipality,N POWER RD,E ADOBE RD,2,Urban,3,Principal Arterial - Other,4,City or Municipal Highway Agency,0,None,33.43016389,-111.68440278,No Special Jurisdiction,9,Pedalcyclist,0,Not a Collision with Motor Vehicle In-Transport,0,No,3,Intersection-Related,2,Four-Way Intersection,None,1,On Roadway,3,Dark - Lighted,1,Clear,0,18,6:00pm-6:59pm,54,19,7:00pm-7:59pm,0,19,7:00pm-7:59pm,25,1,0
2018,4,Arizona,40760,1,1,0,0,3,3,0,13,MARICOPA (13),NOT APPLICABLE,26,10,2018,6,Friday,20,8:00pm-8:59pm,25,This section IS NOT on the NHS,3,State Highway,SR-71,,1,Rural,5,Major Collector,1,State Highway Agency,870,870,33.95696944,-113.14157222,No Special Jurisdiction,1,Rollover/Overturn,0,Not a Collision with Motor Vehicle In-Transport,0,No,1,Non-Junction,1,Not an Intersection,None,4,On Roadside,2,Dark - Not Lighted,1,Clear,0,20,8:00pm-8:59pm,27,20,8:00pm-8:59pm,59,99,Unknown,Unknown EMS Hospital Arrival Time,1,0
2018,4,Arizona,40761,1,1,0,0,2,2,0,13,MARICOPA (13),PEORIA,27,10,2018,7,Saturday,17,5:00pm-5:59pm,7,This section IS ON the NHS,6,Local Street - Municipality,W NORTHERN AVE,,2,Urban,3,Principal Arterial - Other,4,City or Municipal Highway Agency,0,None,33.55092222,-112.30356111,No Special Jurisdiction,43,Other Fixed Object,0,Not a Collision with Motor Vehicle In-Transport,0,No,1,Non-Junction,1,Not an Intersection,None,4,On Roadside,1,Daylight,1,Clear,0,99,Unknown,Unknown,99,Unknown EMS Scene Arrival Hour,Unknown EMS Scene Arrival Minutes,99,Unknown,Unknown EMS Hospital Arrival Time,1,0
2018,4,Arizona,40762,2,2,0,0,2,2,0,19,PIMA (19),TUCSON,27,10,2018,7,Saturday,17,5:00pm-5:59pm,25,This section IS NOT on the NHS,6,Local Street - Municipality,22ND ST NE,NONE,2,Urban,4,Minor Arterial,4,City or Municipal Highway Agency,0,None,32.20686944,-110.95888056,No Special Jurisdiction,12,Motor Vehicle In-Transport,6,Angle,0,No,3,Intersection-Related,98,Not Reported,None,1,On Roadway,1,Daylight,1,Clear,0,17,5:00pm-5:59pm,25,17,5:00pm-5:59pm,28,17,5:00pm-5:59pm,41,1,0
2018,4,Arizona,40763,1,1,0,0,1,1,0,19,PIMA (19),VAIL,28,10,2018,1,Sunday,11,11:00am-11:59am,50,This section IS NOT on the NHS,3,State Highway,SR-83,,1,Rural,5,Major Collector,1,State Highway Agency,460,460,31.84212778,-110.70052222,No Special Jurisdiction,1,Rollover/Overturn,0,Not a Collision with Motor Vehicle In-Transport,0,No,1,Non-Junction,1,Not an Intersection,None,4,On Roadside,1,Daylight,1,Clear,0,11,11:00am-11:59am,53,11,11:00am-11:59am,58,88,Not Applicable (Not Transported),Not Applicable (Not Transported),1,0
2018,4,Arizona,40764,1,1,0,0,2,2,0,3,COCHISE (3),SIERRA VISTA,30,10,2018,3,Tuesday,0,0:00am-0:59am,14,This section IS NOT on the NHS,6,Local Street - Municipality,E CHARLESTON RD,,2,Urban,4,Minor Arterial,4,City or Municipal Highway Agency,0,None,31.56299167,-110.24296944,No Special Jurisdiction,1,Rollover/Overturn,0,Not a Collision with Motor Vehicle In-Transport,0,No,1,Non-Junction,1,Not an Intersection,None,4,On Roadside,2,Dark - Not Lighted,1,Clear,0,0,0:00am-0:59am,Unknown,0,0:00am-0:59am,Unknown EMS Scene Arrival Minutes,88,Not Applicable (Not Transported),Not Applicable (Not Transported),2,1
2018,4,Arizona,40765,1,1,0,1,1,1,1,13,MARICOPA (13),PHOENIX,31,10,2018,4,Wednesday,7,7:00am-7:59am,19,This section IS NOT on the NHS,6,Local Street - Municipality,ALLEY NORTH OF FILLMORE ST,,2,Urban,7,Local,4,City or Municipal Highway Agency,0,None,33.45454722,-112.09147778,No Special Jurisdiction,8,Pedestrian,0,Not a Collision with Motor Vehicle In-Transport,0,No,1,Non-Junction,1,Not an Intersection,None,1,On Roadway,2,Dark - Not Lighted,1,Clear,0,7,7:00am-7:59am,19,7,7:00am-7:59am,20,99,Unknown,Unknown EMS Hospital Arrival Time,1,0
2018,4,Arizona,40766,1,1,0,1,2,2,1,5,COCONINO (5),NOT APPLICABLE,31,10,2018,4,Wednesday,21,9:00pm-9:59pm,58,This section IS NOT on the NHS,3,State Highway,SR-98,,1,Rural,5,Major Collector,1,State Highway Agency,2985,2985,36.89965,-111.4237,Indian Reservation,8,Pedestrian,0,Not a Collision with Motor Vehicle In-Transport,0,No,1,Non-Junction,1,Not an Intersection,None,1,On Roadway,2,Dark - Not Lighted,1,Clear,0,21,9:00pm-9:59pm,50,21,9:00pm-9:59pm,56,88,Not Applicable (Not Transported),Not Applicable (Not Transported),1,0
2018,4,Arizona,40767,2,2,0,0,5,5,0,9,GRAHAM (9),SAFFORD,4,10,2018,5,Thursday,19,7:00pm-7:59pm,0,This section IS NOT on the NHS,6,Local Street - Municipality,STOCKTON RD,POWERLINE RD,1,Rural,6,Minor Collector,2,County Highway Agency,0,None,32.773225,-109.69899444,No Special Jurisdiction,12,Motor Vehicle In-Transport,6,Angle,0,No,2,Intersection,2,Four-Way Intersection,None,1,On Roadway,2,Dark - Not Lighted,1,Clear,0,19,7:00pm-7:59pm,2,19,7:00pm-7:59pm,18,99,Unknown,Unknown EMS Hospital Arrival Time,1,0
2018,4,Arizona,40768,2,2,0,0,2,2,0,21,PINAL (21),FLORENCE,6,10,2018,7,Saturday,11,11:00am-11:59am,49,This section IS NOT on the NHS,4,County Road,CR-FREEMAN RD,,1,Rural,98,Not Reported,2,County Highway Agency,0,None,32.77631389,-111.16334444,No Special Jurisdiction,12,Motor Vehicle In-Transport,7,Sideswipe - Same Direction,0,No,1,Non-Junction,1,Not an Intersection,None,1,On Roadway,1,Daylight,1,Clear,0,11,11:00am-11:59am,49,12,12:00pm-12:59pm,0,99,Unknown,Unknown EMS Hospital Arrival Time,1,0
2018,4,Arizona,40769,2,2,0,0,3,3,0,13,MARICOPA (13),PHOENIX,9,10,2018,3,Tuesday,6,6:00am-6:59am,51,This section IS NOT on the NHS,6,Local Street - Municipality,THOMAS RD,51ST AVE,2,Urban,3,Principal Arterial - Other,4,City or Municipal Highway Agency,0,None,33.48050278,-112.16898333,No Special Jurisdiction,12,Motor Vehicle In-Transport,99,Reported as Unknown,0,No,2,Intersection,2,Four-Way Intersection,None,1,On Roadway,1,Daylight,1,Clear,0,6,6:00am-6:59am,53,6,6:00am-6:59am,58,7,7:00am-7:59am,11,1,0
2018,4,Arizona,40770,2,2,0,0,2,2,0,13,MARICOPA (13),CHANDLER,15,10,2018,2,Monday,99,Unknown Hours,Unknown Minutes,This section IS NOT on the NHS,6,Local Street - Municipality,ARIZONA AVE,,2,Urban,3,Principal Arterial - Other,4,City or Municipal Highway Agency,0,None,33.34700556,-111.841775,No Special Jurisdiction,12,Motor Vehicle In-Transport,99,Reported as Unknown,9,Reported as Unknown,99,Reported as Unknown,99,Reported as Unknown,None,99,Reported as Unknown,9,Reported as Unknown,99,Reported as Unknown,0,99,Unknown,Unknown,99,Unknown EMS Scene Arrival Hour,Unknown EMS Scene Arrival Minutes,99,Unknown,Unknown EMS Hospital Arrival Time,1,0
2018,4,Arizona,40771,1,1,0,1,1,1,1,13,MARICOPA (13),PHOENIX,15,10,2018,2,Monday,18,6:00pm-6:59pm,46,This section IS NOT on the NHS,6,Local Street - Municipality,NORTHERN AVE,,2,Urban,4,Minor Arterial,4,City or Municipal Highway Agency,0,None,33.55309167,-112.13013333,No Special Jurisdiction,8,Pedestrian,0,Not a Collision with Motor Vehicle In-Transport,0,No,1,Non-Junction,1,Not an Intersection,None,1,On Roadway,5,Dusk,99,Reported as Unknown,0,99,Unknown,Unknown,99,Unknown EMS Scene Arrival Hour,Unknown EMS Scene Arrival Minutes,99,Unknown,Unknown EMS Hospital Arrival Time,1,0
2018,4,Arizona,40772,1,1,0,1,1,1,1,13,MARICOPA (13),PHOENIX,17,10,2018,4,Wednesday,21,9:00pm-9:59pm,53,This section IS NOT on the NHS,6,Local Street - Municipality,16TH ST,THOMAS RD,2,Urban,3,Principal Arterial - Other,4,City or Municipal Highway Agency,0,None,33.48021389,-112.04764167,No Special Jurisdiction,8,Pedestrian,0,Not a Collision with Motor Vehicle In-Transport,0,No,3,Intersection-Related,2,Four-Way Intersection,None,1,On Roadway,3,Dark - Lighted,1,Clear,0,21,9:00pm-9:59pm,54,21,9:00pm-9:59pm,57,22,10:00pm-10:59pm,4,1,1
2018,4,Arizona,40773,1,1,0,0,1,1,0,13,MARICOPA (13),SCOTTSDALE,17,10,2018,4,Wednesday,23,11:00pm-11:59pm,56,This section IS ON the NHS,3,State Highway,SR-101 RAMP,,2,Urban,2,Principal Arterial - Other Freeways and Expressways,1,State Highway Agency,368,368,33.61788611,-111.89085,No Special Jurisdiction,33,Curb,0,Not a Collision with Motor Vehicle In-Transport,1,Yes,5,Entrance/Exit Ramp Related,1,Not an Intersection,None,8,Gore,3,Dark - Lighted,1,Clear,0,23,11:00pm-11:59pm,56,0,0:00am-0:59am,3,88,Not Applicable (Not Transported),Not Applicable (Not Transported),1,0
2018,4,Arizona,40774,1,1,0,0,5,5,0,13,MARICOPA (13),PHOENIX,18,10,2018,5,Thursday,1,1:00am-1:59am,9,This section IS NOT on the NHS,6,Local Street - Municipality,BELL RD,,2,Urban,3,Principal Arterial - Other,4,City or Municipal Highway Agency,0,None,33.63997222,-112.11050278,No Special Jurisdiction,33,Curb,0,Not a Collision with Motor Vehicle In-Transport,0,No,1,Non-Junction,1,Not an Intersection,None,3,On Median,3,Dark - Lighted,1,Clear,0,1,1:00am-1:59am,11,1,1:00am-1:59am,17,99,Unknown,Unknown EMS Hospital Arrival Time,4,0
2018,4,Arizona,40775,3,3,0,0,3,3,0,13,MARICOPA (13),BUCKEYE,18,10,2018,5,Thursday,12,12:00pm-12:59pm,28,This section IS NOT on the NHS,9,Unknown,WINTERSBURG RD,,1,Rural,5,Major Collector,2,County Highway Agency,0,None,33.43658333,-112.86777222,No Special Jurisdiction,12,Motor Vehicle In-Transport,2,Front-to-Front,0,No,1,Non-Junction,1,Not an Intersection,None,1,On Roadway,1,Daylight,1,Clear,0,12,12:00pm-12:59pm,28,12,12:00pm-12:59pm,35,99,Unknown,Unknown EMS Hospital Arrival Time,1,0
2018,4,Arizona,40776,2,2,0,0,3,3,0,13,MARICOPA (13),PHOENIX,18,10,2018,5,Thursday,15,3:00pm-3:59pm,26,This section IS ON the NHS,6,Local Street - Municipality,BELL RD,,2,Urban,3,Principal Arterial - Other,4,City or Municipal Highway Agency,0,None,33.64055,-112.01044444,No Special Jurisdiction,12,Motor Vehicle In-Transport,6,Angle,0,No,8,Driveway Access Related,1,Not an Intersection,None,1,On Roadway,1,Daylight,1,Clear,0,15,3:00pm-3:59pm,27,15,3:00pm-3:59pm,31,88,Not Applicable (Not Transported),Not Applicable (Not Transported),1,0
2018,4,Arizona,40777,1,1,0,0,2,2,0,13,MARICOPA (13),MESA,20,10,2018,7,Saturday,20,8:00pm-8:59pm,58,This section IS NOT on the NHS,3,State Highway,SR-88,,1,Rural,5,Major Collector,1,State Highway Agency,137,137,33.52648889,-111.45415833,No Special Jurisdiction,42,Tree (Standing Only),0,Not a Collision with Motor Vehicle In-Transport,0,No,1,Non-Junction,1,Not an Intersection,None,4,On Roadside,2,Dark - Not Lighted,10,Cloudy,0,20,8:00pm-8:59pm,46,21,9:00pm-9:59pm,1,88,Not Applicable (Not Transported),Not Applicable (Not Transported),1,1
2018,4,Arizona,40778,1,1,0,0,2,2,0,21,PINAL (21),SACATON,22,10,2018,2,Monday,12,12:00pm-12:59pm,21,This section IS ON the NHS,3,State Highway,SR-87,,1,Rural,3,Principal Arterial - Other,1,State Highway Agency,416,416,33.18030833,-111.80509444,Indian Reservation,1,Rollover/Overturn,0,Not a Collision with Motor Vehicle In-Transport,0,No,1,Non-Junction,1,Not an Intersection,None,4,On Roadside,1,Daylight,1,Clear,0,88,Not Applicable (Not Notified),Not Applicable (Not Notified),88,Not Applicable,Not Applicable,88,Not Applicable (Not Transported),Not Applicable (Not Transported),1,0
2018,4,Arizona,40779,1,1,0,0,1,1,0,19,PIMA (19),TUCSON,23,10,2018,3,Tuesday,6,6:00am-6:59am,42,This section IS NOT on the NHS,3,State Highway,SR-86,,1,Rural,4,Minor Arterial,1,State Highway Agency,329,329,32.19286944,-112.433575,No Special Jurisdiction,1,Rollover/Overturn,0,Not a Collision with Motor Vehicle In-Transport,0,No,1,Non-Junction,1,Not an Intersection,None,4,On Roadside,1,Daylight,1,Clear,0,6,6:00am-6:59am,54,7,7:00am-7:59am,18,9,9:00am-9:59am,27,1,0
2018,4,Arizona,40780,2,2,0,0,2,2,0,13,MARICOPA (13),SCOTTSDALE,25,10,2018,5,Thursday,18,6:00pm-6:59pm,0,This section IS NOT on the NHS,6,Local Street - Municipality,HAYDEN RD,,2,Urban,4,Minor Arterial,4,City or Municipal Highway Agency,0,None,33.55441389,-111.898625,No Special Jurisdiction,12,Motor Vehicle In-Transport,99,Reported as Unknown,9,Reported as Unknown,99,Reported as Unknown,99,Reported as Unknown,None,99,Reported as Unknown,9,Reported as Unknown,99,Reported as Unknown,0,88,Not Applicable (Not Notified),Not Applicable (Not Notified),88,Not Applicable,Not Applicable,88,Not Applicable (Not Transported),Not Applicable (Not Transported),1,0
2018,4,Arizona,40781,2,2,0,0,3,3,0,13,MARICOPA (13),PEORIA,26,10,2018,6,Friday,12,12:00pm-12:59pm,25,This section IS NOT on the NHS,7,Local Street - Frontage Road,N BLACK CANYON FWY,,2,Urban,3,Principal Arterial - Other,2,County Highway Agency,0,None,33.60536667,-112.11711667,No Special Jurisdiction,12,Motor Vehicle In-Transport,6,Angle,0,No,1,Non-Junction,1,Not an Intersection,None,2,On Shoulder,1,Daylight,1,Clear,0,12,12:00pm-12:59pm,14,12,12:00pm-12:59pm,21,88,Not Applicable (Not Transported),Not Applicable (Not Transported),1,0
2018,4,Arizona,40782,1,1,0,1,1,1,1,13,MARICOPA (13),MESA,27,10,2018,7,Saturday,21,9:00pm-9:59pm,8,This section IS NOT on the NHS,6,Local Street - Municipality,BROADWAY RD,,2,Urban,4,Minor Arterial,4,City or Municipal Highway Agency,0,None,33.40788889,-111.63387222,No Special Jurisdiction,8,Pedestrian,0,Not a Collision with Motor Vehicle In-Transport,0,No,1,Non-Junction,1,Not an Intersection,None,1,On Roadway,2,Dark - Not Lighted,1,Clear,0,21,9:00pm-9:59pm,8,21,9:00pm-9:59pm,15,21,9:00pm-9:59pm,30,1,0
2018,4,Arizona,40783,2,2,0,1,2,2,1,13,MARICOPA (13),PHOENIX,29,10,2018,2,Monday,19,7:00pm-7:59pm,7,This section IS NOT on the NHS,6,Local Street - Municipality,INDIAN SCHOOL RD,,2,Urban,3,Principal Arterial - Other,4,City or Municipal Highway Agency,0,None,33.49488889,-112.19769444,No Special Jurisdiction,8,Pedestrian,0,Not a Collision with Motor Vehicle In-Transport,0,No,1,Non-Junction,1,Not an Intersection,None,1,On Roadway,3,Dark - Lighted,99,Reported as Unknown,0,99,Unknown,Unknown,99,Unknown EMS Scene Arrival Hour,Unknown EMS Scene Arrival Minutes,99,Unknown,Unknown EMS Hospital Arrival Time,1,0
2018,4,Arizona,40784,1,1,0,1,1,1,1,13,MARICOPA (13),PHOENIX,31,10,2018,4,Wednesday,19,7:00pm-7:59pm,44,This section IS NOT on the NHS,6,Local Street - Municipality,7TH AVE,PALM LN,2,Urban,3,Principal Arterial - Other,4,City or Municipal Highway Agency,0,None,33.46939444,-112.08275556,No Special Jurisdiction,8,Pedestrian,0,Not a Collision with Motor Vehicle In-Transport,0,No,3,Intersection-Related,2,Four-Way Intersection,None,1,On Roadway,2,Dark - Not Lighted,99,Reported as Unknown,0,99,Unknown,Unknown,99,Unknown EMS Scene Arrival Hour,Unknown EMS Scene Arrival Minutes,99,Unknown,Unknown EMS Hospital Arrival Time,1,0
2018,4,Arizona,40785,1,1,0,1,1,1,1,13,MARICOPA (13),PHOENIX,1,11,2018,5,Thursday,14,2:00pm-2:59pm,6,This section IS ON the NHS,6,Local Street - Municipality,W BELL RD,,2,Urban,3,Principal Arterial - Other,4,City or Municipal Highway Agency,0,None,33.63927222,-112.16481944,No Special Jurisdiction,8,Pedestrian,0,Not a Collision with Motor Vehicle In-Transport,0,No,1,Non-Junction,1,Not an Intersection,None,1,On Roadway,1,Daylight,1,Clear,0,99,Unknown,Unknown,99,Unknown EMS Scene Arrival Hour,Unknown EMS Scene Arrival Minutes,99,Unknown,Unknown EMS Hospital Arrival Time,1,0
2018,4,Arizona,40786,2,2,0,0,7,7,0,23,SANTA CRUZ (23),NOT APPLICABLE,4,11,2018,1,Sunday,13,1:00pm-1:59pm,7,This section IS ON the NHS,1,Interstate,I-19,,2,Urban,1,Interstate,1,State Highway Agency,70,70,31.38232778,-110.95390833,No Special Jurisdiction,12,Motor Vehicle In-Transport,7,Sideswipe - Same Direction,0,No,1,Non-Junction,1,Not an Intersection,None,1,On Roadway,1,Daylight,1,Clear,0,13,1:00pm-1:59pm,18,13,1:00pm-1:59pm,24,13,1:00pm-1:59pm,55,1,0
2018,4,Arizona,40787,2,2,0,0,3,3,0,19,PIMA (19),TUCSON,4,11,2018,1,Sunday,17,5:00pm-5:59pm,45,This section IS NOT on the NHS,9,Unknown,N SANDARIO RD,,1,Rural,5,Major Collector,2,County Highway Agency,0,None,32.34050278,-111.21659722,No Special Jurisdiction,12,Motor Vehicle In-Transport,6,Angle,0,No,8,Driveway Access Related,1,Not an Intersection,None,1,On Roadway,5,Dusk,1,Clear,0,17,5:00pm-5:59pm,44,17,5:00pm-5:59pm,49,88,Not Applicable (Not Transported),Not Applicable (Not Transported),1,1