AccidentYear,STATE,STATENAME,ST_CASE,VE_TOTAL,VE_FORMS,PVH_INVL,PEDS,PERSONS,PERMVIT,PERNOTMVIT,COUNTY,COUNTYNAME,CITYNAME,DAY,MONTH,YEAR,DAY_WEEK,DAY_WEEKNAME,HOUR,HOURNAME,MINUTENAME,NHSNAME,ROUTE,ROUTENAME,TWAY_ID,TWAY_ID2,RUR_URB,RUR_URBNAME,FUNC_SYS,FUNC_SYSNAME,RD_OWNER,RD_OWNERNAME,MILEPT,MILEPTNAME,LATITUDENAME,LONGITUDNAME,SP_JURNAME,HARM_EV,HARM_EVNAME,MAN_COLL,MAN_COLLNAME,RELJCT1,RELJCT1NAME,RELJCT2,RELJCT2NAME,TYP_INT,TYP_INTNAME,WRK_ZONENAME,REL_ROAD,REL_ROADNAME,LGT_COND,LGT_CONDNAME,WEATHER,WEATHERNAME,SCH_BUS,NOT_HOUR,NOT_HOURNAME,NOT_MINNAME,ARR_HOUR,ARR_HOURNAME,ARR_MINNAME,HOSP_HR,HOSP_HRNAME,HOSP_MNNAME,FATALS,DRUNK_DR
2018,4,Arizona,40788,1,1,0,1,1,1,1,19,PIMA (19),TUCSON,5,11,2018,2,Monday,12,12:00pm-12:59pm,19,This section IS NOT on the NHS,9,Unknown,S ALVERNON WY,,2,Urban,3,Principal Arterial - Other,4,City or Municipal Highway Agency,0,None,32.21761667,-110.90967778,No Special Jurisdiction,8,Pedestrian,0,Not a Collision with Motor Vehicle In-Transport,0,No,1,Non-Junction,1,Not an Intersection,None,1,On Roadway,1,Daylight,1,Clear,0,12,12:00pm-12:59pm,19,12,12:00pm-12:59pm,21,88,Not Applicable (Not Transported),Not Applicable (Not Transported),1,0
2018,4,Arizona,40789,2,2,0,0,5,5,0,13,MARICOPA (13),MESA,5,11,2018,2,Monday,14,2:00pm-2:59pm,39,This section IS NOT on the NHS,6,Local Street - Municipality,E UNIVERSITY DR,N LEWIS,2,Urban,3,Principal Arterial - Other,4,City or Municipal Highway Agency,0,None,33.42233889,-111.82973333,No Special Jurisdiction,12,Motor Vehicle In-Transport,6,Angle,0,No,2,Intersection,3,T-Intersection,None,1,On Roadway,1,Daylight,1,Clear,0,14,2:00pm-2:59pm,38,14,2:00pm-2:59pm,47,15,3:00pm-3:59pm,0,1,0
2018,4,Arizona,40790,1,1,0,0,3,3,0,19,PIMA (19),TUCSON,6,11,2018,3,Tuesday,15,3:00pm-3:59pm,53,This section IS ON the NHS,1,Interstate,I-10,,2,Urban,1,Interstate,1,State Highway Agency,0,None,32.11309167,-110.85528333,No Special Jurisdiction,1,Rollover/Overturn,0,Not a Collision with Motor Vehicle In-Transport,0,No,1,Non-Junction,1,Not an Intersection,None,3,On Median,1,Daylight,1,Clear,0,15,3:00pm-3:59pm,54,15,3:00pm-3:59pm,54,16,4:00pm-4:59pm,25,1,0
2018,4,Arizona,40791,2,2,0,0,2,2,0,19,PIMA (19),TUCSON,7,11,2018,4,Wednesday,4,4:00am-4:59am,6,This section IS ON the NHS,1,Interstate,I-19,,2,Urban,1,Interstate,1,State Highway Agency,592,592,32.13904444,-110.98685556,No Special Jurisdiction,59,Traffic Sign Support,0,Not a Collision with Motor Vehicle In-Transport,0,No,5,Entrance/Exit Ramp Related,1,Not an Intersection,None,8,Gore,2,Dark - Not Lighted,1,Clear,0,4,4:00am-4:59am,5,4,4:00am-4:59am,16,4,4:00am-4:59am,33,1,0
2018,4,Arizona,40792,2,2,0,0,7,7,0,13,MARICOPA (13),SCOTTSDALE,7,11,2018,4,Wednesday,15,3:00pm-3:59pm,6,This section IS NOT on the NHS,6,Local Street - Municipality,E RIO VERDE DR,136TH ST,1,Rural,5,Major Collector,4,City or Municipal Highway Agency,0,None,33.74131944,-111.78631111,No Special Jurisdiction,12,Motor Vehicle In-Transport,1,Front-to-Rear,0,No,3,Intersection-Related,3,T-Intersection,None,1,On Roadway,1,Daylight,1,Clear,1,15,3:00pm-3:59pm,8,15,3:00pm-3:59pm,23,16,4:00pm-4:59pm,8,1,0
2018,4,Arizona,40794,1,1,0,0,1,1,0,13,MARICOPA (13),GILBERT,8,11,2018,5,Thursday,2,2:00am-2:59am,8,This section IS NOT on the NHS,6,Local Street - Municipality,S VAL VISTA DR,,2,Urban,3,Principal Arterial - Other,4,City or Municipal Highway Agency,0,None,33.31650833,-111.75716389,No Special Jurisdiction,33,Curb,0,Not a Collision with Motor Vehicle In-Transport,0,No,1,Non-Junction,1,Not an Intersection,None,3,On Median,3,Dark - Lighted,1,Clear,0,2,2:00am-2:59am,10,2,2:00am-2:59am,15,88,Not Applicable (Not Transported),Not Applicable (Not Transported),1,0
2018,4,Arizona,40795,2,2,0,0,3,3,0,13,MARICOPA (13),GILBERT,8,11,2018,5,Thursday,12,12:00pm-12:59pm,9,This section IS NOT on the NHS,3,State Highway,SR-202 RAMP,S HIGLEY RD,2,Urban,4,Minor Arterial,1,State Highway Agency,0,None,33.32833333,-111.72112222,No Special Jurisdiction,12,Motor Vehicle In-Transport,6,Angle,1,Yes,2,Intersection,2,Four-Way Intersection,None,1,On Roadway,1,Daylight,1,Clear,0,12,12:00pm-12:59pm,9,12,12:00pm-12:59pm,15,12,12:00pm-12:59pm,45,1,0
2018,4,Arizona,40796,2,2,0,0,2,2,0,25,YAVAPAI (25),COTTONWOOD,8,11,2018,5,Thursday,15,3:00pm-3:59pm,47,This section IS ON the NHS,3,State Highway,SR-89A,PAGE SPRINGS RD,1,Rural,3,Principal Arterial - Other,1,State Highway Agency,1027,1027,34.79313333,-111.916775,No Special Jurisdiction,12,Motor Vehicle In-Transport,6,Angle,0,No,2,Intersection,3,T-Intersection,None,1,On Roadway,1,Daylight,1,Clear,0,15,3:00pm-3:59pm,44,15,3:00pm-3:59pm,54,16,4:00pm-4:59pm,59,1,0
2018,4,Arizona,40797,1,1,0,0,4,4,0,13,MARICOPA (13),NOT APPLICABLE,9,11,2018,6,Friday,12,12:00pm-12:59pm,13,This section IS NOT on the NHS,3,State Highway,SR-85,,1,Rural,4,Minor Arterial,1,State Highway Agency,321,321,32.51793611,-112.88063333,No Special Jurisdiction,1,Rollover/Overturn,0,Not a Collision with Motor Vehicle In-Transport,0,No,1,Non-Junction,1,Not an Intersection,None,4,On Roadside,1,Daylight,1,Clear,0,12,12:00pm-12:59pm,13,12,12:00pm-12:59pm,22,99,Unknown,Unknown EMS Hospital Arrival Time,1,0
2018,4,Arizona,40798,1,1,0,1,1,1,1,19,PIMA (19),TUCSON,9,11,2018,6,Friday,17,5:00pm-5:59pm,56,This section IS NOT on the NHS,6,Local Street - Municipality,SPEEDWAY BLVD,GRANDE AVE,2,Urban,4,Minor Arterial,4,City or Municipal Highway Agency,0,None,32.23567222,-110.99075556,No Special Jurisdiction,8,Pedestrian,0,Not a Collision with Motor Vehicle In-Transport,0,No,3,Intersection-Related,3,T-Intersection,None,1,On Roadway,3,Dark - Lighted,1,Clear,0,17,5:00pm-5:59pm,56,18,6:00pm-6:59pm,0,18,6:00pm-6:59pm,8,1,0
2018,4,Arizona,40799,1,1,0,1,1,1,1,13,MARICOPA (13),PHOENIX,10,11,2018,7,Saturday,2,2:00am-2:59am,7,This section IS ON the NHS,5,Local Street - Township,44TH ST,PALM LN,2,Urban,3,Principal Arterial - Other,4,City or Municipal Highway Agency,0,None,33.46930278,-111.98711111,No Special Jurisdiction,8,Pedestrian,0,Not a Collision with Motor Vehicle In-Transport,0,No,3,Intersection-Related,2,Four-Way Intersection,None,1,On Roadway,3,Dark - Lighted,1,Clear,0,2,2:00am-2:59am,8,2,2:00am-2:59am,10,2,2:00am-2:59am,25,1,0
2018,4,Arizona,40800,1,1,0,0,2,2,0,19,PIMA (19),TUCSON,10,11,2018,7,Saturday,23,11:00pm-11:59pm,57,This section IS NOT on the NHS,6,Local Street - Municipality,W RIVER RD,,2,Urban,3,Principal Arterial - Other,4,City or Municipal Highway Agency,0,None,32.31567222,-111.04159444,No Special Jurisdiction,42,Tree (Standing Only),0,Not a Collision with Motor Vehicle In-Transport,0,No,1,Non-Junction,1,Not an Intersection,None,4,On Roadside,2,Dark - Not Lighted,1,Clear,0,23,11:00pm-11:59pm,57,0,0:00am-0:59am,5,99,Unknown,Unknown EMS Hospital Arrival Time,1,1
2018,4,Arizona,40801,1,1,0,0,1,1,0,13,MARICOPA (13),TEMPE,11,11,2018,1,Sunday,18,6:00pm-6:59pm,34,This section IS NOT on the NHS,6,Local Street - Municipality,MCCLINTOCK DR,,2,Urban,4,Minor Arterial,4,City or Municipal Highway Agency,0,None,33.41945,-111.90911667,No Special Jurisdiction,1,Rollover/Overturn,0,Not a Collision with Motor Vehicle In-Transport,0,No,1,Non-Junction,1,Not an Intersection,None,1,On Roadway,3,Dark - Lighted,1,Clear,0,18,6:00pm-6:59pm,35,18,6:00pm-6:59pm,38,18,6:00pm-6:59pm,57,1,1
2018,4,Arizona,40802,1,1,0,1,1,1,1,12,LA PAZ (12),SALOME,12,11,2018,2,Monday,1,1:00am-1:59am,18,This section IS ON the NHS,1,Interstate,I-10,,1,Rural,1,Interstate,1,State Highway Agency,420,420,33.63969167,-113.83063333,No Special Jurisdiction,8,Pedestrian,0,Not a Collision with Motor Vehicle In-Transport,0,No,1,Non-Junction,1,Not an Intersection,None,1,On Roadway,2,Dark - Not Lighted,1,Clear,0,1,1:00am-1:59am,20,1,1:00am-1:59am,51,88,Not Applicable (Not Transported),Not Applicable (Not Transported),1,0
2018,4,Arizona,40803,1,1,0,0,5,5,0,5,COCONINO (5),FLAGSTAFF,12,11,2018,2,Monday,10,10:00am-10:59am,35,This section IS ON the NHS,2,U.S. Highway,US-89,,2,Urban,3,Principal Arterial - Other,1,State Highway Agency,196,196,35.21357778,-111.59019444,No Special Jurisdiction,1,Rollover/Overturn,0,Not a Collision with Motor Vehicle In-Transport,0,No,1,Non-Junction,1,Not an Intersection,None,3,On Median,1,Daylight,1,Clear,0,10,10:00am-10:59am,36,10,10:00am-10:59am,49,99,Unknown,Unknown EMS Hospital Arrival Time,1,0
2018,4,Arizona,40804,3,3,0,0,3,3,0,7,GILA (7),GLOBE,13,11,2018,3,Tuesday,8,8:00am-8:59am,6,This section IS NOT on the NHS,2,U.S. Highway,US-70,,2,Urban,4,Minor Arterial,1,State Highway Agency,30,30,33.3715,-110.73203889,No Special Jurisdiction,12,Motor Vehicle In-Transport,1,Front-to-Rear,0,No,98,Not Reported,98,Not Reported,None,1,On Roadway,1,Daylight,1,Clear,0,8,8:00am-8:59am,6,8,8:00am-8:59am,21,99,Unknown,Unknown EMS Hospital Arrival Time,1,0
2018,4,Arizona,40805,1,1,0,1,1,1,1,13,MARICOPA (13),MESA,13,11,2018,3,Tuesday,18,6:00pm-6:59pm,9,This section IS NOT on the NHS,6,Local Street - Municipality,E BROADWAY RD,85TH ST,2,Urban,4,Minor Arterial,4,City or Municipal Highway Agency,0,None,33.40781944,-111.64738333,No Special Jurisdiction,8,Pedestrian,0,Not a Collision with Motor Vehicle In-Transport,0,No,3,Intersection-Related,3,T-Intersection,None,1,On Roadway,3,Dark - Lighted,1,Clear,0,18,6:00pm-6:59pm,11,18,6:00pm-6:59pm,12,18,6:00pm-6:59pm,26,1,0
2018,4,Arizona,40806,2,2,0,0,2,2,0,13,MARICOPA (13),GILBERT,14,11,2018,4,Wednesday,15,3:00pm-3:59pm,42,This section IS NOT on the NHS,6,Local Street - Municipality,E GERMANN RD,S HIGLEY RD,2,Urban,4,Minor Arterial,4,City or Municipal Highway Agency,0,None,33.27777778,-111.72054722,No Special Jurisdiction,12,Motor Vehicle In-Transport,6,Angle,0,No,2,Intersection,2,Four-Way Intersection,None,1,On Roadway,1,Daylight,1,Clear,0,15,3:00pm-3:59pm,43,15,3:00pm-3:59pm,48,16,4:00pm-4:59pm,10,1,0
2018,4,Arizona,40807,2,2,0,0,3,3,0,21,PINAL (21),CASA GRANDE,14,11,2018,4,Wednesday,20,8:00pm-8:59pm,37,This section IS ON the NHS,6,Local Street - Municipality,E FLORENCE BLVD,,2,Urban,3,Principal Arterial - Other,4,City or Municipal Highway Agency,0,None,32.87961944,-111.73209167,No Special Jurisdiction,12,Motor Vehicle In-Transport,6,Angle,0,No,8,Driveway Access Related,1,Not an Intersection,None,1,On Roadway,2,Dark - Not Lighted,98,Not Reported,0,20,8:00pm-8:59pm,37,20,8:00pm-8:59pm,45,21,9:00pm-9:59pm,8,1,1
2018,4,Arizona,40808,2,2,0,0,2,2,0,25,YAVAPAI (25),PRESCOTT,16,11,2018,6,Friday,12,12:00pm-12:59pm,46,This section IS ON the NHS,3,State Highway,SR-69,,2,Urban,3,Principal Arterial - Other,1,State Highway Agency,320,320,34.55236111,-112.42967778,No Special Jurisdiction,12,Motor Vehicle In-Transport,6,Angle,0,No,8,Driveway Access Related,1,Not an Intersection,None,1,On Roadway,1,Daylight,10,Cloudy,0,12,12:00pm-12:59pm,44,12,12:00pm-12:59pm,52,88,Not Applicable (Not Transported),Not Applicable (Not Transported),1,0
2018,4,Arizona,40810,1,1,0,0,1,1,0,13,MARICOPA (13),TEMPE,17,11,2018,7,Saturday,18,6:00pm-6:59pm,48,This section IS ON the NHS,1,Interstate,I-10,,2,Urban,1,Interstate,1,State Highway Agency,1544,1544,33.40060833,-111.96785833,No Special Jurisdiction,42,Tree (Standing Only),0,Not a Collision with Motor Vehicle In-Transport,0,No,1,Non-Junction,1,Not an Intersection,None,4,On Roadside,3,Dark - Lighted,1,Clear,0,18,6:00pm-6:59pm,51,19,7:00pm-7:59pm,1,88,Not Applicable (Not Transported),Not Applicable (Not Transported),1,0
2018,4,Arizona,40811,3,3,0,0,4,4,0,13,MARICOPA (13),TEMPE,18,11,2018,1,Sunday,13,1:00pm-1:59pm,54,This section IS ON the NHS,6,Local Street - Municipality,ELLIOT RD,BECK AVE,2,Urban,3,Principal Arterial - Other,4,City or Municipal Highway Agency,0,None,33.34914167,-111.95845833,No Special Jurisdiction,12,Motor Vehicle In-Transport,6,Angle,0,No,3,Intersection-Related,2,Four-Way Intersection,None,1,On Roadway,1,Daylight,1,Clear,0,13,1:00pm-1:59pm,55,14,2:00pm-2:59pm,1,14,2:00pm-2:59pm,38,1,0
2018,4,Arizona,40812,1,1,0,0,1,1,0,7,GILA (7),PAYSON,18,11,2018,1,Sunday,22,10:00pm-10:59pm,54,This section IS ON the NHS,3,State Highway,SR-87,,2,Urban,3,Principal Arterial - Other,1,State Highway Agency,1316,1316,34.21070833,-111.33186944,No Special Jurisdiction,39,Wall,0,Not a Collision with Motor Vehicle In-Transport,0,No,1,Non-Junction,1,Not an Intersection,None,3,On Median,2,Dark - Not Lighted,1,Clear,0,22,10:00pm-10:59pm,54,22,10:00pm-10:59pm,58,88,Not Applicable (Not Transported),Not Applicable (Not Transported),1,0
2018,4,Arizona,40813,1,1,0,1,1,1,1,13,MARICOPA (13),PHOENIX,19,11,2018,2,Monday,22,10:00pm-10:59pm,31,This section IS NOT on the NHS,6,Local Street - Municipality,N 43RD AVE,W THUNDERBIRD RD,2,Urban,4,Minor Arterial,4,City or Municipal Highway Agency,0,None,33.61060278,-112.15140833,No Special Jurisdiction,8,Pedestrian,0,Not a Collision with Motor Vehicle In-Transport,0,No,3,Intersection-Related,2,Four-Way Intersection,None,1,On Roadway,3,Dark - Lighted,1,Clear,0,99,Unknown,Unknown,99,Unknown EMS Scene Arrival Hour,Unknown EMS Scene Arrival Minutes,99,Unknown,Unknown EMS Hospital Arrival Time,1,0
2018,4,Arizona,40814,3,3,0,0,3,3,0,13,MARICOPA (13),SURPRISE,20,11,2018,3,Tuesday,8,8:00am-8:59am,33,This section IS ON the NHS,2,U.S. Highway,US-60 W GRAND AVE,N 163RD AVE,2,Urban,3,Principal Arterial - Other,1,State Highway Agency,1378,1378,33.68696944,-112.41240833,No Special Jurisdiction,12,Motor Vehicle In-Transport,1,Front-to-Rear,0,No,3,Intersection-Related,2,Four-Way Intersection,None,1,On Roadway,1,Daylight,1,Clear,0,8,8:00am-8:59am,38,8,8:00am-8:59am,50,9,9:00am-9:59am,1,1,0
2018,4,Arizona,40815,2,2,0,0,5,5,0,19,PIMA (19),MARANA,22,11,2018,5,Thursday,20,8:00pm-8:59pm,4,This section IS NOT on the NHS,6,Local Street - Municipality,N DOVE MOUNTAIN BLVD,W MOORE RD,2,Urban,5,Major Collector,4,City or Municipal Highway Agency,0,None,32.442675,-111.07172778,No Special Jurisdiction,12,Motor Vehicle In-Transport,6,Angle,0,No,2,Intersection,2,Four-Way Intersection,None,1,On Roadway,3,Dark - Lighted,1,Clear,0,20,8:00pm-8:59pm,5,20,8:00pm-8:59pm,13,99,Unknown,Unknown EMS Hospital Arrival Time,1,1
2018,4,Arizona,40816,2,2,0,0,5,5,0,19,PIMA (19),TUCSON,24,11,2018,7,Saturday,13,1:00pm-1:59pm,23,This section IS NOT on the NHS,6,Local Street - Municipality,E 22ND ST,S FORDHAM DR,2,Urban,3,Principal Arterial - Other,4,City or Municipal Highway Agency,0,None,32.20661667,-110.85022222,No Special Jurisdiction,12,Motor Vehicle In-Transport,6,Angle,0,No,2,Intersection,2,Four-Way Intersection,None,1,On Roadway,1,Daylight,1,Clear,0,13,1:00pm-1:59pm,23,13,1:00pm-1:59pm,24,13,1:00pm-1:59pm,53,1,1
2018,4,Arizona,40817,1,1,0,1,1,1,1,13,MARICOPA (13),MESA,24,11,2018,7,Saturday,17,5:00pm-5:59pm,14,This section IS NOT on the NHS,6,Local Street - Municipality,E MCKELLIPS RD,,2,Urban,2,Principal Arterial - Other Freeways and Expressways,4,City or Municipal Highway Agency,0,None,33.45189167,-111.70209167,No Special Jurisdiction,15,Non-Motorist on Personal Conveyance,0,Not a Collision with Motor Vehicle In-Transport,0,No,1,Non-Junction,1,Not an Intersection,None,1,On Roadway,1,Daylight,1,Clear,0,17,5:00pm-5:59pm,17,17,5:00pm-5:59pm,20,17,5:00pm-5:59pm,45,1,0
2018,4,Arizona,40818,2,2,0,0,5,5,0,9,GRAHAM (9),THATCHER,24,11,2018,7,Saturday,22,10:00pm-10:59pm,25,This section IS NOT on the NHS,5,Local Street - Township,SAFFORD BRYCE RD,,1,Rural,5,Major Collector,1,State Highway Agency,0,None,32.87421389,-109.73813056,No Special Jurisdiction,12,Motor Vehicle In-Transport,2,Front-to-Front,0,No,1,Non-Junction,1,Not an Intersection,None,1,On Roadway,2,Dark - Not Lighted,1,Clear,0,99,Unknown,Unknown,99,Unknown EMS Scene Arrival Hour,Unknown EMS Scene Arrival Minutes,99,Unknown,Unknown EMS Hospital Arrival Time,1,0
2018,4,Arizona,40820,1,1,0,1,1,1,1,19,PIMA (19),TUCSON,28,11,2018,4,Wednesday,19,7:00pm-7:59pm,34,This section IS NOT on the NHS,6,Local Street - Municipality,S KOLB RD,,2,Urban,3,Principal Arterial - Other,4,City or Municipal Highway Agency,0,None,32.20394444,-110.84083333,No Special Jurisdiction,8,Pedestrian,0,Not a Collision with Motor Vehicle In-Transport,0,No,1,Non-Junction,1,Not an Intersection,None,1,On Roadway,3,Dark - Lighted,1,Clear,0,19,7:00pm-7:59pm,34,19,7:00pm-7:59pm,38,20,8:00pm-8:59pm,28,1,0
2018,4,Arizona,40821,1,1,0,0,1,1,0,19,PIMA (19),TUCSON,29,11,2018,5,Thursday,2,2:00am-2:59am,43,This section IS ON the NHS,1,Interstate,I-10 RAMP,,2,Urban,1,Interstate,1,State Highway Agency,2623,2623,32.18448056,-110.95945556,No Special Jurisdiction,1,Rollover/Overturn,0,Not a Collision with Motor Vehicle In-Transport,1,Yes,5,Entrance/Exit Ramp Related,1,Not an Intersection,None,8,Gore,3,Dark - Lighted,1,Clear,0,2,2:00am-2:59am,43,2,2:00am-2:59am,51,3,3:00am-3:59am,8,1,0
2018,4,Arizona,40822,1,1,0,1,1,1,1,13,MARICOPA (13),PHOENIX,29,11,2018,5,Thursday,17,5:00pm-5:59pm,56,This section IS NOT on the NHS,6,Local Street - Municipality,N CENTRAL AVE,E SUNNYSLOPE LN,2,Urban,4,Minor Arterial,4,City or Municipal Highway Agency,0,None,33.570475,-112.07388333,No Special Jurisdiction,15,Non-Motorist on Personal Conveyance,0,Not a Collision with Motor Vehicle In-Transport,0,No,2,Intersection,2,Four-Way Intersection,None,1,On Roadway,3,Dark - Lighted,1,Clear,0,17,5:00pm-5:59pm,57,17,5:00pm-5:59pm,59,99,Unknown,Unknown EMS Hospital Arrival Time,1,0
2018,4,Arizona,40823,1,1,0,0,2,2,0,25,YAVAPAI (25),NOT APPLICABLE,29,11,2018,5,Thursday,19,7:00pm-7:59pm,3,This section IS ON the NHS,1,Interstate,I-40,,1,Rural,1,Interstate,1,State Highway Agency,1380,1380,35.23132222,-112.60224444,No Special Jurisdiction,1,Rollover/Overturn,0,Not a Collision with Motor Vehicle In-Transport,0,No,1,Non-Junction,1,Not an Intersection,None,3,On Median,2,Dark - Not Lighted,2,Rain,0,19,7:00pm-7:59pm,6,19,7:00pm-7:59pm,19,99,Unknown,Unknown EMS Hospital Arrival Time,1,0
2018,4,Arizona,40824,1,1,0,1,2,2,1,17,NAVAJO (17),WINSLOW,30,11,2018,6,Friday,2,2:00am-2:59am,45,This section IS ON the NHS,1,Interstate,I-40,,1,Rural,1,Interstate,1,State Highway Agency,2507,2507,35.04039167,-110.74257222,No Special Jurisdiction,8,Pedestrian,0,Not a Collision with Motor Vehicle In-Transport,0,No,1,Non-Junction,1,Not an Intersection,None,1,On Roadway,2,Dark - Not Lighted,10,Cloudy,0,2,2:00am-2:59am,47,3,3:00am-3:59am,9,88,Not Applicable (Not Transported),Not Applicable (Not Transported),1,0
2018,4,Arizona,40825,4,4,0,0,7,7,0,17,NAVAJO (17),NOT APPLICABLE,30,11,2018,6,Friday,17,5:00pm-5:59pm,40,This section IS ON the NHS,3,State Highway,SR-260,,1,Rural,3,Principal Arterial - Other,1,State Highway Agency,797,797,34.38185,-110.48755278,No Special Jurisdiction,12,Motor Vehicle In-Transport,8,Sideswipe - Opposite Direction,0,No,1,Non-Junction,1,Not an Intersection,None,1,On Roadway,5,Dusk,10,Cloudy,0,17,5:00pm-5:59pm,41,17,5:00pm-5:59pm,50,99,Unknown,Unknown EMS Hospital Arrival Time,1,0
2018,4,Arizona,40826,2,2,0,0,2,2,0,19,PIMA (19),TUCSON,7,11,2018,4,Wednesday,19,7:00pm-7:59pm,43,This section IS NOT on the NHS,5,Local Street - Township,W BOPP RD,COAL CREST RD,2,Urban,5,Major Collector,2,County Highway Agency,0,None,32.17729167,-111.12771944,No Special Jurisdiction,12,Motor Vehicle In-Transport,6,Angle,0,No,2,Intersection,3,T-Intersection,None,1,On Roadway,2,Dark - Not Lighted,1,Clear,0,19,7:00pm-7:59pm,44,99,Unknown EMS Scene Arrival Hour,Unknown EMS Scene Arrival Minutes,20,8:00pm-8:59pm,25,1,0
2018,4,Arizona,40827,1,1,0,0,1,1,0,21,PINAL (21),ELOY,13,11,2018,3,Tuesday,23,11:00pm-11:59pm,2,This section IS ON the NHS,1,Interstate,I-10,,2,Urban,1,Interstate,1,State Highway Agency,2105,2105,32.7255,-111.51931944,No Special Jurisdiction,1,Rollover/Overturn,0,Not a Collision with Motor Vehicle In-Transport,0,No,1,Non-Junction,1,Not an Intersection,None,3,On Median,3,Dark - Lighted,1,Clear,0,99,Unknown,Unknown,99,Unknown EMS Scene Arrival Hour,Unknown EMS Scene Arrival Minutes,0,0:00am-0:59am,3,1,0
2018,4,Arizona,40828,1,1,0,0,10,10,0,3,COCHISE (3),ELFRIDA,2,11,2018,6,Friday,20,8:00pm-8:59pm,30,This section IS NOT on the NHS,5,Local Street - Township,MOORE RD,,1,Rural,7,Local,98,Not Reported,0,None,31.81271944,-109.72845,No Special Jurisdiction,43,Other Fixed Object,0,Not a Collision with Motor Vehicle In-Transport,0,No,1,Non-Junction,1,Not an Intersection,None,5,Outside Trafficway,5,Dusk,1,Clear,0,99,Unknown,Unknown,99,Unknown EMS Scene Arrival Hour,Unknown EMS Scene Arrival Minutes,99,Unknown,Unknown EMS Hospital Arrival Time,1,0
2018,4,Arizona,40829,1,1,0,1,1,1,1,13,MARICOPA (13),PHOENIX,3,11,2018,7,Saturday,18,6:00pm-6:59pm,4,This section IS NOT on the NHS,6,Local Street - Municipality,BETHANY HOME RD,,2,Urban,4,Minor Arterial,4,City or Municipal Highway Agency,0,None,33.52397222,-112.13360833,No Special Jurisdiction,8,Pedestrian,0,Not a Collision with Motor Vehicle In-Transport,0,No,1,Non-Junction,1,Not an Intersection,None,1,On Roadway,3,Dark - Lighted,1,Clear,0,18,6:00pm-6:59pm,6,18,6:00pm-6:59pm,7,18,6:00pm-6:59pm,25,1,0
2018,4,Arizona,40830,2,2,0,0,4,4,0,13,MARICOPA (13),NOT APPLICABLE,4,11,2018,1,Sunday,99,Unknown Hours,Unknown Minutes,This section IS NOT on the NHS,5,Local Street - Township,BLACK CANYON HWY,,1,Rural,7,Local,98,Not Reported,0,None,Reported as Unknown,Reported as Unknown,No Special Jurisdiction,12,Motor Vehicle In-Transport,99,Reported as Unknown,0,No,1,Non-Junction,1,Not an Intersection,None,1,On Roadway,9,Reported as Unknown,98,Not Reported,0,99,Unknown,Unknown,99,Unknown EMS Scene Arrival Hour,Unknown EMS Scene Arrival Minutes,99,Unknown,Unknown EMS Hospital Arrival Time,1,0
2018,4,Arizona,40831,1,1,0,0,1,1,0,13,MARICOPA (13),PHOENIX,5,11,2018,2,Monday,1,1:00am-1:59am,33,This section IS NOT on the NHS,6,Local Street - Municipality,YORKSHIRE DR,39TH AVE,2,Urban,7,Local,4,City or Municipal Highway Agency,0,None,33.66190556,-112.14351944,No Special Jurisdiction,53,Mail Box,0,Not a Collision with Motor Vehicle In-Transport,0,No,1,Non-Junction,1,Not an Intersection,None,4,On Roadside,3,Dark - Lighted,1,Clear,0,1,1:00am-1:59am,33,1,1:00am-1:59am,35,1,1:00am-1:59am,52,1,0
2018,4,Arizona,40833,2,2,0,0,2,2,0,13,MARICOPA (13),QUEEN CREEK,6,11,2018,3,Tuesday,6,6:00am-6:59am,14,This section IS NOT on the NHS,6,Local Street - Municipality,RITTENHOUSE RD,,2,Urban,5,Major Collector,3,Town or Township Highway Agency,0,None,33.23143333,-111.59533611,No Special Jurisdiction,12,Motor Vehicle In-Transport,8,Sideswipe - Opposite Direction,0,No,1,Non-Junction,1,Not an Intersection,None,1,On Roadway,2,Dark - Not Lighted,1,Clear,0,6,6:00am-6:59am,14,6,6:00am-6:59am,20,88,Not Applicable (Not Transported),Not Applicable (Not Transported),1,0
2018,4,Arizona,40834,2,2,0,0,4,4,0,13,MARICOPA (13),PHOENIX,6,11,2018,3,Tuesday,15,3:00pm-3:59pm,35,This section IS ON the NHS,7,Local Street - Frontage Road,I-17 FRONTAGE,LANE AVE,2,Urban,1,Interstate,1,State Highway Agency,0,None,33.55211944,-112.11283611,No Special Jurisdiction,12,Motor Vehicle In-Transport,7,Sideswipe - Same Direction,0,No,3,Intersection-Related,3,T-Intersection,None,1,On Roadway,1,Daylight,1,Clear,0,15,3:00pm-3:59pm,40,15,3:00pm-3:59pm,43,15,3:00pm-3:59pm,55,1,0
2018,4,Arizona,40835,1,1,0,0,1,1,0,13,MARICOPA (13),PHOENIX,8,11,2018,5,Thursday,2,2:00am-2:59am,3,This section IS NOT on the NHS,6,Local Street - Municipality,CARVER RD,,2,Urban,7,Local,98,Not Reported,0,None,33.34127778,-112.14584722,No Special Jurisdiction,43,Other Fixed Object,0,Not a Collision with Motor Vehicle In-Transport,0,No,1,Non-Junction,1,Not an Intersection,None,6,Off Roadway-Location Unknown,2,Dark - Not Lighted,1,Clear,0,2,2:00am-2:59am,3,2,2:00am-2:59am,24,88,Not Applicable (Not Transported),Not Applicable (Not Transported),1,1