AccidentYear,STATE,STATENAME,ST_CASE,VE_TOTAL,VE_FORMS,PVH_INVL,PEDS,PERSONS,PERMVIT,PERNOTMVIT,COUNTY,COUNTYNAME,CITYNAME,DAY,MONTH,YEAR,DAY_WEEK,DAY_WEEKNAME,HOUR,HOURNAME,MINUTENAME,NHSNAME,ROUTE,ROUTENAME,TWAY_ID,TWAY_ID2,RUR_URB,RUR_URBNAME,FUNC_SYS,FUNC_SYSNAME,RD_OWNER,RD_OWNERNAME,MILEPT,MILEPTNAME,LATITUDENAME,LONGITUDNAME,SP_JURNAME,HARM_EV,HARM_EVNAME,MAN_COLL,MAN_COLLNAME,RELJCT1,RELJCT1NAME,RELJCT2,RELJCT2NAME,TYP_INT,TYP_INTNAME,WRK_ZONENAME,REL_ROAD,REL_ROADNAME,LGT_COND,LGT_CONDNAME,WEATHER,WEATHERNAME,SCH_BUS,NOT_HOUR,NOT_HOURNAME,NOT_MINNAME,ARR_HOUR,ARR_HOURNAME,ARR_MINNAME,HOSP_HR,HOSP_HRNAME,HOSP_MNNAME,FATALS,DRUNK_DR
2019,4,Arizona,40024,1,1,0,0,2,2,0,13,MARICOPA (13),NOT APPLICABLE,13,1,2019,1,Sunday,15,3:00pm-3:59pm,37,This section IS NOT on the NHS,2,U.S. Highway,US-60,,1,Rural,5,Major Collector,1,State Highway Agency,614,614,33.94294444,-113.0203639,No Special Jurisdiction,31,"Post, Pole or Other Supports",0,The First Harmful Event was Not a Collision with a Motor Vehicle in Transport,0,No,1,Non-Junction,1,Not an Intersection,None,4,On Roadside,1,Daylight,1,Clear,0,15,3:00pm-3:59pm,37,15,3:00pm-3:59pm,40,16,4:00pm-4:59pm,50,1,0
2019,4,Arizona,40025,2,2,0,0,6,6,0,5,COCONINO (5),NOT APPLICABLE,14,1,2019,2,Monday,11,11:00am-11:59am,11,This section IS NOT on the NHS,3,State Highway,SR-98,,1,Rural,5,Major Collector,1,State Highway Agency,403,403,36.61236944,-111.0310806,No Special Jurisdiction,12,Motor Vehicle In-Transport,8,Sideswipe - Opposite Direction,0,No,1,Non-Junction,1,Not an Intersection,None,1,On Roadway,1,Daylight,1,Clear,0,11,11:00am-11:59am,11,11,11:00am-11:59am,30,88,Not Applicable (Not Transported),Not Applicable (Not Transported),1,1
2019,4,Arizona,40026,1,1,0,1,1,1,1,13,MARICOPA (13),MESA,14,1,2019,2,Monday,18,6:00pm-6:59pm,16,This section IS NOT on the NHS,5,Local Street - Township,GREENFIELD RD,MAIN ST,2,Urban,3,Principal Arterial - Other,4,City or Municipal Highway Agency,0,None,33.41541944,-111.7364444,No Special Jurisdiction,8,Pedestrian,0,The First Harmful Event was Not a Collision with a Motor Vehicle in Transport,0,No,3,Intersection-Related,2,Four-Way Intersection,None,1,On Roadway,3,Dark - Lighted,10,Cloudy,0,18,6:00pm-6:59pm,16,18,6:00pm-6:59pm,17,18,6:00pm-6:59pm,32,1,0
2019,4,Arizona,40027,1,1,0,0,1,1,0,13,MARICOPA (13),PHOENIX,15,1,2019,3,Tuesday,8,8:00am-8:59am,44,This section IS ON the NHS,3,State Highway,SR-101,,1,Rural,2,Principal Arterial - Other Freeways and Expressways,1,State Highway Agency,238,238,33.66905833,-112.0714167,No Special Jurisdiction,7,Other Non-Collision,0,The First Harmful Event was Not a Collision with a Motor Vehicle in Transport,0,No,1,Non-Junction,1,Not an Intersection,Construction,1,On Roadway,1,Daylight,10,Cloudy,0,8,8:00am-8:59am,48,8,8:00am-8:59am,52,99,Unknown,Unknown EMS Hospital Arrival Time,1,0
2019,4,Arizona,40028,2,2,0,0,2,2,0,1,APACHE (1),NOT APPLICABLE,16,1,2019,4,Wednesday,14,2:00pm-2:59pm,58,This section IS ON the NHS,2,U.S. Highway,US-160,,1,Rural,3,Principal Arterial - Other,1,State Highway Agency,1485,1485,36.92616389,-109.1757167,Indian Reservation,12,Motor Vehicle In-Transport,2,Front-to-Front,0,No,1,Non-Junction,1,Not an Intersection,None,1,On Roadway,1,Daylight,1,Clear,0,14,2:00pm-2:59pm,55,15,3:00pm-3:59pm,7,88,Not Applicable (Not Transported),Not Applicable (Not Transported),2,1
2019,4,Arizona,40029,1,1,0,0,2,2,0,13,MARICOPA (13),PHOENIX,16,1,2019,4,Wednesday,19,7:00pm-7:59pm,54,This section IS ON the NHS,3,State Highway,SR-101,,2,Urban,2,Principal Arterial - Other Freeways and Expressways,1,State Highway Agency,318,318,33.66035278,-111.9363167,No Special Jurisdiction,91,Unknown Object Not Fixed,0,The First Harmful Event was Not a Collision with a Motor Vehicle in Transport,0,No,1,Non-Junction,1,Not an Intersection,None,2,On Shoulder,3,Dark - Lighted,1,Clear,0,19,7:00pm-7:59pm,54,20,8:00pm-8:59pm,5,20,8:00pm-8:59pm,25,1,0
2019,4,Arizona,40030,2,2,0,0,5,5,0,5,COCONINO (5),FLAGSTAFF,17,1,2019,5,Thursday,7,7:00am-7:59am,7,This section IS ON the NHS,1,Interstate,I-40,,1,Rural,1,Interstate,1,State Highway Agency,1948,1948,35.17210556,-111.6615833,No Special Jurisdiction,12,Motor Vehicle In-Transport,6,Angle,0,No,20,Entrance/Exit Ramp,1,Not an Intersection,None,1,On Roadway,4,Dawn,1,Clear,0,7,7:00am-7:59am,9,7,7:00am-7:59am,19,99,Unknown,Unknown EMS Hospital Arrival Time,1,0
2019,4,Arizona,40031,2,2,0,0,3,3,0,19,PIMA (19),TUCSON,17,1,2019,5,Thursday,13,1:00pm-1:59pm,58,This section IS NOT on the NHS,6,Local Street - Municipality,CAMPBELL AVE,FORT LOWELL RD,2,Urban,3,Principal Arterial - Other,4,City or Municipal Highway Agency,0,None,32.26487222,-110.9437694,No Special Jurisdiction,12,Motor Vehicle In-Transport,6,Angle,0,No,2,Intersection,2,Four-Way Intersection,None,1,On Roadway,1,Daylight,1,Clear,0,13,1:00pm-1:59pm,58,14,2:00pm-2:59pm,2,14,2:00pm-2:59pm,26,1,0
2019,4,Arizona,40032,1,1,0,0,1,1,0,17,NAVAJO (17),NOT APPLICABLE,18,1,2019,6,Friday,9,9:00am-9:59am,47,This section IS NOT on the NHS,8,Other,CONCHO HWY,,1,Rural,5,Major Collector,2,County Highway Agency,0,None,34.55475,-109.9154278,No Special Jurisdiction,24,Guardrail Face,0,The First Harmful Event was Not a Collision with a Motor Vehicle in Transport,0,No,1,Non-Junction,1,Not an Intersection,None,4,On Roadside,1,Daylight,3,Sleet or Hail,0,99,Unknown,Unknown,99,Unknown EMS Scene Arrival Hour,Unknown EMS Scene Arrival Minutes,88,Not Applicable (Not Transported),Not Applicable (Not Transported),1,0
2019,4,Arizona,40033,1,1,0,0,1,1,0,21,PINAL (21),NOT APPLICABLE,19,1,2019,7,Saturday,11,11:00am-11:59am,59,This section IS NOT on the NHS,3,State Highway,SR-177,,1,Rural,5,Major Collector,1,State Highway Agency,257,257,33.220425,-111.0700278,No Special Jurisdiction,24,Guardrail Face,0,The First Harmful Event was Not a Collision with a Motor Vehicle in Transport,0,No,1,Non-Junction,1,Not an Intersection,None,4,On Roadside,1,Daylight,10,Cloudy,0,11,11:00am-11:59am,59,12,12:00pm-12:59pm,25,88,Not Applicable (Not Transported),Not Applicable (Not Transported),1,0
2019,4,Arizona,40034,1,1,0,0,2,2,0,25,YAVAPAI (25),NOT APPLICABLE,19,1,2019,7,Saturday,19,7:00pm-7:59pm,11,This section IS ON the NHS,1,Interstate,I-17,,1,Rural,1,Interstate,1,State Highway Agency,976,976,34.63543889,-111.826325,No Special Jurisdiction,42,Tree (Standing Only),0,The First Harmful Event was Not a Collision with a Motor Vehicle in Transport,0,No,1,Non-Junction,1,Not an Intersection,None,4,On Roadside,2,Dark - Not Lighted,1,Clear,0,99,Unknown,Unknown,99,Unknown EMS Scene Arrival Hour,Unknown EMS Scene Arrival Minutes,99,Unknown,Unknown EMS Hospital Arrival Time,1,0
2019,4,Arizona,40035,1,1,0,1,3,3,1,5,COCONINO (5),FLAGSTAFF,20,1,2019,1,Sunday,12,12:00pm-12:59pm,56,This section IS NOT on the NHS,9,Unknown,LAKE MARY RD,,1,Rural,4,Minor Arterial,4,City or Municipal Highway Agency,0,None,35.13521944,-111.6313028,No Special Jurisdiction,8,Pedestrian,0,The First Harmful Event was Not a Collision with a Motor Vehicle in Transport,0,No,1,Non-Junction,1,Not an Intersection,None,2,On Shoulder,1,Daylight,1,Clear,0,99,Unknown,Unknown,99,Unknown EMS Scene Arrival Hour,Unknown EMS Scene Arrival Minutes,88,Not Applicable (Not Transported),Not Applicable (Not Transported),1,1
2019,4,Arizona,40036,2,2,0,0,3,3,0,13,MARICOPA (13),MESA,20,1,2019,1,Sunday,17,5:00pm-5:59pm,58,This section IS NOT on the NHS,6,Local Street - Municipality,SOUTHERN AVE,,2,Urban,3,Principal Arterial - Other,4,City or Municipal Highway Agency,0,None,33.39371667,-111.7538278,No Special Jurisdiction,12,Motor Vehicle In-Transport,6,Angle,0,No,4,Driveway Access,1,Not an Intersection,None,1,On Roadway,5,Dusk,10,Cloudy,0,99,Unknown,Unknown,99,Unknown EMS Scene Arrival Hour,Unknown EMS Scene Arrival Minutes,99,Unknown,Unknown EMS Hospital Arrival Time,1,0
2019,4,Arizona,40037,5,5,0,0,6,6,0,3,COCHISE (3),HUACHUCA CITY,20,1,2019,1,Sunday,18,6:00pm-6:59pm,25,This section IS ON the NHS,3,State Highway,SR-90,,1,Rural,3,Principal Arterial - Other,1,State Highway Agency,215,215,31.64363056,-110.3398056,No Special Jurisdiction,1,Rollover/Overturn,0,The First Harmful Event was Not a Collision with a Motor Vehicle in Transport,0,No,1,Non-Junction,1,Not an Intersection,None,3,On Median,2,Dark - Not Lighted,1,Clear,0,18,6:00pm-6:59pm,24,18,6:00pm-6:59pm,24,88,Not Applicable (Not Transported),Not Applicable (Not Transported),1,1
2019,4,Arizona,40038,1,1,0,0,1,1,0,12,LA PAZ (12),NOT APPLICABLE,21,1,2019,2,Monday,21,9:00pm-9:59pm,40,This section IS ON the NHS,1,Interstate,I-10,,1,Rural,1,Interstate,1,State Highway Agency,320,320,33.659275,-113.9928667,No Special Jurisdiction,1,Rollover/Overturn,0,The First Harmful Event was Not a Collision with a Motor Vehicle in Transport,0,No,1,Non-Junction,1,Not an Intersection,None,3,On Median,2,Dark - Not Lighted,1,Clear,0,21,9:00pm-9:59pm,40,21,9:00pm-9:59pm,55,88,Not Applicable (Not Transported),Not Applicable (Not Transported),1,0
2019,4,Arizona,40039,1,1,0,0,1,1,0,25,YAVAPAI (25),NOT APPLICABLE,23,1,2019,4,Wednesday,19,7:00pm-7:59pm,0,This section IS NOT on the NHS,9,Unknown,FORT ROCK RD,,1,Rural,7,Local,98,Not Reported,0,None,35.32419444,-112.9463389,No Special Jurisdiction,11,Live Animal,0,The First Harmful Event was Not a Collision with a Motor Vehicle in Transport,0,No,1,Non-Junction,1,Not an Intersection,None,1,On Roadway,2,Dark - Not Lighted,1,Clear,0,19,7:00pm-7:59pm,0,19,7:00pm-7:59pm,16,88,Not Applicable (Not Transported),Not Applicable (Not Transported),1,1
2019,4,Arizona,40040,2,2,0,0,7,7,0,13,MARICOPA (13),NOT APPLICABLE,23,1,2019,4,Wednesday,19,7:00pm-7:59pm,2,This section IS ON the NHS,1,Interstate,I-17,,1,Rural,1,Interstate,1,State Highway Agency,470,470,34.04108889,-112.1454972,No Special Jurisdiction,12,Motor Vehicle In-Transport,1,Front-to-Rear,0,No,1,Non-Junction,1,Not an Intersection,None,1,On Roadway,2,Dark - Not Lighted,1,Clear,0,19,7:00pm-7:59pm,9,19,7:00pm-7:59pm,26,20,8:00pm-8:59pm,30,1,0
2019,4,Arizona,40041,2,2,0,0,2,2,0,13,MARICOPA (13),MESA,24,1,2019,5,Thursday,16,4:00pm-4:59pm,23,This section IS ON the NHS,2,U.S. Highway,US-60,,2,Urban,2,Principal Arterial - Other Freeways and Expressways,1,State Highway Agency,1516,1516,33.3866,-111.7612167,No Special Jurisdiction,12,Motor Vehicle In-Transport,1,Front-to-Rear,0,No,1,Non-Junction,1,Not an Intersection,None,1,On Roadway,1,Daylight,1,Clear,0,16,4:00pm-4:59pm,26,16,4:00pm-4:59pm,28,17,5:00pm-5:59pm,1,1,0
2019,4,Arizona,40042,1,1,0,0,1,1,0,19,PIMA (19),TUCSON,24,1,2019,5,Thursday,19,7:00pm-7:59pm,39,This section IS NOT on the NHS,6,Local Street - Municipality,BROADWAY BLVD,PANTANO RD,2,Urban,3,Principal Arterial - Other,4,City or Municipal Highway Agency,0,None,32.22092778,-110.8241694,No Special Jurisdiction,42,Tree (Standing Only),0,The First Harmful Event was Not a Collision with a Motor Vehicle in Transport,0,No,3,Intersection-Related,2,Four-Way Intersection,None,5,Outside Trafficway,3,Dark - Lighted,1,Clear,0,99,Unknown,Unknown,99,Unknown EMS Scene Arrival Hour,Unknown EMS Scene Arrival Minutes,88,Not Applicable (Not Transported),Not Applicable (Not Transported),1,0
2019,4,Arizona,40044,1,1,0,0,2,2,0,12,LA PAZ (12),NOT APPLICABLE,26,1,2019,7,Saturday,16,4:00pm-4:59pm,57,This section IS ON the NHS,1,Interstate,I-10,,1,Rural,1,Interstate,1,State Highway Agency,500,500,33.61885278,-113.6843417,No Special Jurisdiction,1,Rollover/Overturn,0,The First Harmful Event was Not a Collision with a Motor Vehicle in Transport,0,No,1,Non-Junction,1,Not an Intersection,None,4,On Roadside,5,Dusk,1,Clear,0,17,5:00pm-5:59pm,2,17,5:00pm-5:59pm,32,88,Not Applicable (Not Transported),Not Applicable (Not Transported),1,0
2019,4,Arizona,40045,2,2,0,0,6,6,0,13,MARICOPA (13),NOT APPLICABLE,26,1,2019,7,Saturday,20,8:00pm-8:59pm,40,This section IS ON the NHS,3,State Highway,SR-347,,1,Rural,3,Principal Arterial - Other,1,State Highway Agency,251,251,33.24118611,-111.9815139,No Special Jurisdiction,12,Motor Vehicle In-Transport,1,Front-to-Rear,0,No,1,Non-Junction,1,Not an Intersection,None,1,On Roadway,2,Dark - Not Lighted,1,Clear,0,20,8:00pm-8:59pm,40,20,8:00pm-8:59pm,43,21,9:00pm-9:59pm,0,1,1
2019,4,Arizona,40046,2,2,0,0,2,2,0,13,MARICOPA (13),MESA,28,1,2019,2,Monday,5,5:00am-5:59am,51,This section IS NOT on the NHS,6,Local Street - Municipality,BROWN RD,VAL VISTA DR,2,Urban,4,Minor Arterial,4,City or Municipal Highway Agency,0,None,33.43731389,-111.75355,No Special Jurisdiction,12,Motor Vehicle In-Transport,1,Front-to-Rear,0,No,3,Intersection-Related,2,Four-Way Intersection,None,1,On Roadway,3,Dark - Lighted,1,Clear,0,99,Unknown,Unknown,99,Unknown EMS Scene Arrival Hour,Unknown EMS Scene Arrival Minutes,88,Not Applicable (Not Transported),Not Applicable (Not Transported),1,1
2019,4,Arizona,40047,2,2,0,0,3,3,0,21,PINAL (21),ELOY,29,1,2019,3,Tuesday,7,7:00am-7:59am,31,This section IS NOT on the NHS,4,County Road,CR-JIMMIE KERR BLVD,,2,Urban,4,Minor Arterial,2,County Highway Agency,0,None,32.80263889,-111.636425,No Special Jurisdiction,12,Motor Vehicle In-Transport,2,Front-to-Front,0,No,1,Non-Junction,1,Not an Intersection,None,1,On Roadway,4,Dawn,1,Clear,0,7,7:00am-7:59am,31,7,7:00am-7:59am,32,99,Unknown,Unknown EMS Hospital Arrival Time,1,0
2019,4,Arizona,40048,1,1,0,0,1,1,0,19,PIMA (19),NOT APPLICABLE,30,1,2019,4,Wednesday,14,2:00pm-2:59pm,46,This section IS NOT on the NHS,4,County Road,CR-PICTURE ROCKS RD,,2,Urban,5,Major Collector,2,County Highway Agency,0,None,32.32553611,-111.1209278,No Special Jurisdiction,42,Tree (Standing Only),0,The First Harmful Event was Not a Collision with a Motor Vehicle in Transport,0,No,1,Non-Junction,1,Not an Intersection,None,4,On Roadside,1,Daylight,1,Clear,0,14,2:00pm-2:59pm,48,99,Unknown EMS Scene Arrival Hour,Unknown EMS Scene Arrival Minutes,88,Not Applicable (Not Transported),Not Applicable (Not Transported),1,1
2019,4,Arizona,40049,1,1,0,1,2,2,1,9,GRAHAM (9),NOT APPLICABLE,30,1,2019,4,Wednesday,18,6:00pm-6:59pm,50,This section IS NOT on the NHS,2,U.S. Highway,US-70,,2,Urban,4,Minor Arterial,1,State Highway Agency,768,768,32.82345278,-109.6893083,No Special Jurisdiction,8,Pedestrian,0,The First Harmful Event was Not a Collision with a Motor Vehicle in Transport,0,No,1,Non-Junction,1,Not an Intersection,None,1,On Roadway,2,Dark - Not Lighted,1,Clear,0,18,6:00pm-6:59pm,50,19,7:00pm-7:59pm,0,19,7:00pm-7:59pm,10,1,0
2019,4,Arizona,40050,3,3,0,0,5,5,0,1,APACHE (1),NOT APPLICABLE,30,1,2019,4,Wednesday,21,9:00pm-9:59pm,41,This section IS ON the NHS,2,U.S. Highway,US-160,,1,Rural,3,Principal Arterial - Other,1,State Highway Agency,1115,1115,36.90112778,-109.7903833,No Special Jurisdiction,12,Motor Vehicle In-Transport,2,Front-to-Front,0,No,1,Non-Junction,1,Not an Intersection,None,1,On Roadway,2,Dark - Not Lighted,1,Clear,0,21,9:00pm-9:59pm,22,21,9:00pm-9:59pm,50,22,10:00pm-10:59pm,25,2,1
2019,4,Arizona,40051,1,1,0,1,1,1,1,19,PIMA (19),TUCSON,31,1,2019,5,Thursday,22,10:00pm-10:59pm,13,This section IS NOT on the NHS,6,Local Street - Municipality,CRAYCROFT RD,,2,Urban,3,Principal Arterial - Other,4,City or Municipal Highway Agency,0,None,32.20831667,-110.8750083,No Special Jurisdiction,8,Pedestrian,0,The First Harmful Event was Not a Collision with a Motor Vehicle in Transport,0,No,1,Non-Junction,1,Not an Intersection,None,1,On Roadway,3,Dark - Lighted,1,Clear,0,99,Unknown,Unknown,99,Unknown EMS Scene Arrival Hour,Unknown EMS Scene Arrival Minutes,99,Unknown,Unknown EMS Hospital Arrival Time,1,0
2019,4,Arizona,40052,1,1,0,0,4,4,0,13,MARICOPA (13),CHANDLER,6,1,2019,1,Sunday,2,2:00am-2:59am,2,This section IS ON the NHS,3,State Highway,SR-202,,2,Urban,2,Principal Arterial - Other Freeways and Expressways,1,State Highway Agency,469,469,33.28678889,-111.8375639,No Special Jurisdiction,31,"Post, Pole or Other Supports",0,The First Harmful Event was Not a Collision with a Motor Vehicle in Transport,0,No,1,Non-Junction,1,Not an Intersection,None,4,On Roadside,3,Dark - Lighted,2,Rain,0,2,2:00am-2:59am,8,2,2:00am-2:59am,26,99,Unknown,Unknown EMS Hospital Arrival Time,1,1
2019,4,Arizona,40053,2,2,0,1,2,2,1,13,MARICOPA (13),NOT APPLICABLE,8,1,2019,3,Tuesday,18,6:00pm-6:59pm,3,This section IS ON the NHS,3,State Highway,SR-101,,2,Urban,2,Principal Arterial - Other Freeways and Expressways,1,State Highway Agency,488,488,33.45920278,-111.8892361,No Special Jurisdiction,12,Motor Vehicle In-Transport,7,Sideswipe - Same Direction,0,No,1,Non-Junction,1,Not an Intersection,None,2,On Shoulder,5,Dusk,1,Clear,0,18,6:00pm-6:59pm,4,18,6:00pm-6:59pm,13,18,6:00pm-6:59pm,21,1,0
2019,4,Arizona,40054,1,1,0,0,1,1,0,13,MARICOPA (13),NOT APPLICABLE,5,1,2019,7,Saturday,16,4:00pm-4:59pm,34,This section IS NOT on the NHS,9,Unknown,VULTURE MINE RD,,2,Urban,5,Major Collector,2,County Highway Agency,0,None,33.76915833,-112.8582778,No Special Jurisdiction,42,Tree (Standing Only),0,The First Harmful Event was Not a Collision with a Motor Vehicle in Transport,0,No,1,Non-Junction,1,Not an Intersection,None,4,On Roadside,1,Daylight,10,Cloudy,0,16,4:00pm-4:59pm,34,16,4:00pm-4:59pm,53,18,6:00pm-6:59pm,5,1,0
2019,4,Arizona,40055,1,1,0,1,1,1,1,1,APACHE (1),Other,5,1,2019,7,Saturday,20,8:00pm-8:59pm,18,This section IS NOT on the NHS,8,Other,BIA 15,,1,Rural,4,Minor Arterial,62,Bureau of Indian Affairs,0,None,35.73725556,-109.6421556,Indian Reservation,8,Pedestrian,0,The First Harmful Event was Not a Collision with a Motor Vehicle in Transport,0,No,98,Not Reported,98,Not Reported,None,98,Not Reported,9,Reported as Unknown,99,Reported as Unknown,0,99,Unknown,Unknown,99,Unknown EMS Scene Arrival Hour,Unknown EMS Scene Arrival Minutes,99,Unknown,Unknown EMS Hospital Arrival Time,1,0
2019,4,Arizona,40056,1,1,0,0,6,6,0,13,MARICOPA (13),NOT APPLICABLE,12,1,2019,7,Saturday,1,1:00am-1:59am,0,This section IS NOT on the NHS,8,Other,NF-402,,1,Rural,99,Unknown,64,U.S. Forest Service,0,None,33.67916389,-111.5035278,No Special Jurisdiction,1,Rollover/Overturn,0,The First Harmful Event was Not a Collision with a Motor Vehicle in Transport,0,No,1,Non-Junction,1,Not an Intersection,None,4,On Roadside,2,Dark - Not Lighted,10,Cloudy,0,4,4:00am-4:59am,18,5,5:00am-5:59am,15,99,Unknown,Unknown EMS Hospital Arrival Time,1,1
2019,4,Arizona,40057,1,1,0,0,1,1,0,21,PINAL (21),NOT APPLICABLE,17,1,2019,5,Thursday,15,3:00pm-3:59pm,0,This section IS NOT on the NHS,8,Other,BIA 15,BIA 42,1,Rural,5,Major Collector,62,Bureau of Indian Affairs,0,None,32.55359444,-111.9279083,Indian Reservation,38,Fence,0,The First Harmful Event was Not a Collision with a Motor Vehicle in Transport,0,No,3,Intersection-Related,3,T-Intersection,None,4,On Roadside,1,Daylight,1,Clear,0,99,Unknown,Unknown,99,Unknown EMS Scene Arrival Hour,Unknown EMS Scene Arrival Minutes,99,Unknown,Unknown EMS Hospital Arrival Time,1,0
2019,4,Arizona,40058,1,1,0,0,1,1,0,5,COCONINO (5),NOT APPLICABLE,19,1,2019,7,Saturday,7,7:00am-7:59am,49,This section IS NOT on the NHS,8,Other,BIA 21,,1,Rural,7,Local,62,Bureau of Indian Affairs,0,None,36.28733333,-110.9233833,Indian Reservation,1,Rollover/Overturn,0,The First Harmful Event was Not a Collision with a Motor Vehicle in Transport,0,No,1,Non-Junction,1,Not an Intersection,None,1,On Roadway,8,Not Reported,98,Not Reported,0,99,Unknown,Unknown,99,Unknown EMS Scene Arrival Hour,Unknown EMS Scene Arrival Minutes,88,Not Applicable (Not Transported),Not Applicable (Not Transported),1,1
2019,4,Arizona,40059,1,1,0,1,1,1,1,13,MARICOPA (13),TEMPE,23,1,2019,4,Wednesday,6,6:00am-6:59am,14,This section IS NOT on the NHS,6,Local Street - Municipality,CURRY RD,,2,Urban,4,Minor Arterial,4,City or Municipal Highway Agency,0,None,33.44012222,-111.9332417,No Special Jurisdiction,9,Pedalcyclist,0,The First Harmful Event was Not a Collision with a Motor Vehicle in Transport,0,No,1,Non-Junction,1,Not an Intersection,None,1,On Roadway,3,Dark - Lighted,1,Clear,0,6,6:00am-6:59am,15,6,6:00am-6:59am,27,6,6:00am-6:59am,33,1,0
2019,4,Arizona,40060,2,2,0,0,3,3,0,1,APACHE (1),LUKACHUKAI,23,1,2019,4,Wednesday,13,1:00pm-1:59pm,5,This section IS NOT on the NHS,8,Other,BIA 012,,1,Rural,5,Major Collector,62,Bureau of Indian Affairs,0,None,36.40005278,-109.2597,Indian Reservation,1,Rollover/Overturn,0,The First Harmful Event was Not a Collision with a Motor Vehicle in Transport,0,No,1,Non-Junction,1,Not an Intersection,None,1,On Roadway,1,Daylight,1,Clear,0,13,1:00pm-1:59pm,30,99,Unknown EMS Scene Arrival Hour,Unknown EMS Scene Arrival Minutes,88,Not Applicable (Not Transported),Not Applicable (Not Transported),1,0
2019,4,Arizona,40061,1,1,0,1,1,1,1,13,MARICOPA (13),TOLLESON,26,1,2019,7,Saturday,7,7:00am-7:59am,5,This section IS NOT on the NHS,6,Local Street - Municipality,83RD AVE,MC 85,2,Urban,4,Minor Arterial,2,County Highway Agency,0,None,33.437225,-112.2382361,No Special Jurisdiction,8,Pedestrian,0,The First Harmful Event was Not a Collision with a Motor Vehicle in Transport,0,No,3,Intersection-Related,2,Four-Way Intersection,None,1,On Roadway,4,Dawn,1,Clear,0,99,Unknown,Unknown,99,Unknown EMS Scene Arrival Hour,Unknown EMS Scene Arrival Minutes,99,Unknown,Unknown EMS Hospital Arrival Time,1,0
2019,4,Arizona,40062,1,1,0,0,2,2,0,1,APACHE (1),Other,31,1,2019,5,Thursday,9,9:00am-9:59am,10,This section IS NOT on the NHS,8,Other,BIA 35,,1,Rural,5,Major Collector,62,Bureau of Indian Affairs,0,None,36.95961389,-109.3514,Indian Reservation,99,Reported as Unknown,98,Not Reported,0,No,98,Not Reported,98,Not Reported,None,98,Not Reported,8,Not Reported,98,Not Reported,0,99,Unknown,Unknown,99,Unknown EMS Scene Arrival Hour,Unknown EMS Scene Arrival Minutes,99,Unknown,Unknown if Transported,1,0
2019,4,Arizona,40063,1,1,0,1,1,1,1,13,MARICOPA (13),PHOENIX,31,1,2019,5,Thursday,16,4:00pm-4:59pm,23,This section IS NOT on the NHS,6,Local Street - Municipality,MARYLAND ST,,2,Urban,5,Major Collector,4,City or Municipal Highway Agency,0,None,33.53121111,-112.1146583,No Special Jurisdiction,8,Pedestrian,0,The First Harmful Event was Not a Collision with a Motor Vehicle in Transport,0,No,1,Non-Junction,1,Not an Intersection,None,1,On Roadway,1,Daylight,1,Clear,0,16,4:00pm-4:59pm,24,16,4:00pm-4:59pm,29,16,4:00pm-4:59pm,44,1,0
2019,4,Arizona,40064,2,2,0,1,2,2,1,13,MARICOPA (13),PHOENIX,2,1,2019,4,Wednesday,18,6:00pm-6:59pm,9,This section IS ON the NHS,6,Local Street - Municipality,CENTRAL AVE,BELL RD,2,Urban,3,Principal Arterial - Other,4,City or Municipal Highway Agency,0,None,33.640325,-112.0741778,No Special Jurisdiction,12,Motor Vehicle In-Transport,6,Angle,0,No,2,Intersection,2,Four-Way Intersection,None,1,On Roadway,3,Dark - Lighted,1,Clear,0,99,Unknown,Unknown,99,Unknown EMS Scene Arrival Hour,Unknown EMS Scene Arrival Minutes,18,6:00pm-6:59pm,27,1,0
2019,4,Arizona,40065,1,1,0,1,1,1,1,13,MARICOPA (13),PHOENIX,3,1,2019,5,Thursday,16,4:00pm-4:59pm,50,This section IS ON the NHS,6,Local Street - Municipality,CAVE CREEK RD,SWEETWATER AVE,2,Urban,3,Principal Arterial - Other,4,City or Municipal Highway Agency,0,None,33.60398333,-112.0365806,No Special Jurisdiction,8,Pedestrian,0,The First Harmful Event was Not a Collision with a Motor Vehicle in Transport,0,No,3,Intersection-Related,2,Four-Way Intersection,None,1,On Roadway,1,Daylight,1,Clear,0,16,4:00pm-4:59pm,51,16,4:00pm-4:59pm,58,17,5:00pm-5:59pm,6,1,0