AccidentYear,STATE,STATENAME,ST_CASE,VE_TOTAL,VE_FORMS,PVH_INVL,PEDS,PERSONS,PERMVIT,PERNOTMVIT,COUNTY,COUNTYNAME,CITYNAME,DAY,MONTH,YEAR,DAY_WEEK,DAY_WEEKNAME,HOUR,HOURNAME,MINUTENAME,NHSNAME,ROUTE,ROUTENAME,TWAY_ID,TWAY_ID2,RUR_URB,RUR_URBNAME,FUNC_SYS,FUNC_SYSNAME,RD_OWNER,RD_OWNERNAME,MILEPT,MILEPTNAME,LATITUDENAME,LONGITUDNAME,SP_JURNAME,HARM_EV,HARM_EVNAME,MAN_COLL,MAN_COLLNAME,RELJCT1,RELJCT1NAME,RELJCT2,RELJCT2NAME,TYP_INT,TYP_INTNAME,WRK_ZONENAME,REL_ROAD,REL_ROADNAME,LGT_COND,LGT_CONDNAME,WEATHER,WEATHERNAME,SCH_BUS,NOT_HOUR,NOT_HOURNAME,NOT_MINNAME,ARR_HOUR,ARR_HOURNAME,ARR_MINNAME,HOSP_HR,HOSP_HRNAME,HOSP_MNNAME,FATALS,DRUNK_DR
2019,4,Arizona,40115,1,1,0,0,1,1,0,13,MARICOPA (13),NOT APPLICABLE,26,2,2019,3,Tuesday,12,12:00pm-12:59pm,11,This section IS NOT on the NHS,2,U.S. Highway,US-60 W WICKENBURG WAY,,1,Rural,5,Major Collector,1,State Highway Agency,644,644,33.94311389,-112.9777778,No Special Jurisdiction,32,Culvert,0,The First Harmful Event was Not a Collision with a Motor Vehicle in Transport,0,No,1,Non-Junction,1,Not an Intersection,None,4,On Roadside,1,Daylight,1,Clear,0,12,12:00pm-12:59pm,12,12,12:00pm-12:59pm,34,88,Not Applicable (Not Transported),Not Applicable (Not Transported),1,0
2019,4,Arizona,40116,2,2,0,0,7,7,0,19,PIMA (19),NOT APPLICABLE,26,2,2019,3,Tuesday,14,2:00pm-2:59pm,0,This section IS NOT on the NHS,3,State Highway,SR-85,,1,Rural,4,Minor Arterial,1,State Highway Agency,490,490,32.32447222,-112.7733472,No Special Jurisdiction,12,Motor Vehicle In-Transport,2,Front-to-Front,0,No,1,Non-Junction,1,Not an Intersection,None,1,On Roadway,1,Daylight,10,Cloudy,0,14,2:00pm-2:59pm,0,14,2:00pm-2:59pm,10,99,Unknown,Unknown EMS Hospital Arrival Time,3,1
2019,4,Arizona,40117,1,1,0,1,1,1,1,21,PINAL (21),ELOY,27,2,2019,4,Wednesday,19,7:00pm-7:59pm,15,This section IS NOT on the NHS,6,Local Street - Municipality,TUMBLEWEED RD,,2,Urban,6,Minor Collector,4,City or Municipal Highway Agency,0,None,32.7868,-111.5819528,No Special Jurisdiction,8,Pedestrian,0,The First Harmful Event was Not a Collision with a Motor Vehicle in Transport,0,No,1,Non-Junction,1,Not an Intersection,None,1,On Roadway,2,Dark - Not Lighted,1,Clear,0,19,7:00pm-7:59pm,15,19,7:00pm-7:59pm,22,88,Not Applicable (Not Transported),Not Applicable (Not Transported),1,0
2019,4,Arizona,40118,1,1,0,1,2,2,1,19,PIMA (19),TUCSON,28,2,2019,5,Thursday,7,7:00am-7:59am,34,This section IS NOT on the NHS,6,Local Street - Municipality,W SILVERLAKE RD W 29TH ST,S COTTONWOOD LN,2,Urban,4,Minor Arterial,4,City or Municipal Highway Agency,0,None,32.19956389,-110.99035,No Special Jurisdiction,8,Pedestrian,0,The First Harmful Event was Not a Collision with a Motor Vehicle in Transport,0,No,3,Intersection-Related,3,T-Intersection,None,1,On Roadway,1,Daylight,1,Clear,0,7,7:00am-7:59am,34,7,7:00am-7:59am,40,8,8:00am-8:59am,0,1,0
2019,4,Arizona,40120,2,2,0,0,4,4,0,21,PINAL (21),NOT APPLICABLE,1,3,2019,6,Friday,12,12:00pm-12:59pm,40,This section IS NOT on the NHS,3,State Highway,SR-87,W BLACKWATER SCHOOL RD,1,Rural,4,Minor Arterial,1,State Highway Agency,1423,1423,33.02924167,-111.6463167,Indian Reservation,12,Motor Vehicle In-Transport,6,Angle,0,No,2,Intersection,3,T-Intersection,None,1,On Roadway,1,Daylight,1,Clear,0,12,12:00pm-12:59pm,40,12,12:00pm-12:59pm,45,99,Unknown,Unknown EMS Hospital Arrival Time,1,0
2019,4,Arizona,40121,2,2,0,0,2,2,0,13,MARICOPA (13),MESA,1,3,2019,6,Friday,18,6:00pm-6:59pm,1,This section IS ON the NHS,6,Local Street - Municipality,N POWER RD,E DALLAS ST,2,Urban,3,Principal Arterial - Other,4,City or Municipal Highway Agency,0,None,33.42831667,-111.6844333,No Special Jurisdiction,12,Motor Vehicle In-Transport,6,Angle,0,No,2,Intersection,3,T-Intersection,None,1,On Roadway,5,Dusk,1,Clear,0,99,Unknown,Unknown,99,Unknown EMS Scene Arrival Hour,Unknown EMS Scene Arrival Minutes,99,Unknown,Unknown EMS Hospital Arrival Time,1,1
2019,4,Arizona,40122,4,3,1,0,4,4,0,9,GRAHAM (9),NOT APPLICABLE,3,3,2019,1,Sunday,9,9:00am-9:59am,51,This section IS NOT on the NHS,2,U.S. Highway,US-70,,2,Urban,4,Minor Arterial,1,State Highway Agency,638,638,32.91991944,-109.8680361,No Special Jurisdiction,12,Motor Vehicle In-Transport,2,Front-to-Front,0,No,1,Non-Junction,1,Not an Intersection,None,1,On Roadway,1,Daylight,1,Clear,0,9,9:00am-9:59am,52,10,10:00am-10:59am,15,99,Unknown,Unknown EMS Hospital Arrival Time,1,0
2019,4,Arizona,40123,2,2,0,0,3,3,0,21,PINAL (21),NOT APPLICABLE,4,3,2019,2,Monday,8,8:00am-8:59am,46,This section IS ON the NHS,2,U.S. Highway,US-60,,1,Rural,3,Principal Arterial - Other,1,State Highway Agency,1754,1754,33.301375,-111.3977917,No Special Jurisdiction,12,Motor Vehicle In-Transport,1,Front-to-Rear,0,No,1,Non-Junction,1,Not an Intersection,None,1,On Roadway,1,Daylight,1,Clear,0,8,8:00am-8:59am,53,8,8:00am-8:59am,58,99,Unknown,Unknown EMS Hospital Arrival Time,1,0
2019,4,Arizona,40124,1,1,0,1,2,2,1,13,MARICOPA (13),GLENDALE,5,3,2019,3,Tuesday,6,6:00am-6:59am,33,This section IS NOT on the NHS,6,Local Street - Municipality,W PEORIA AVE,N 60TH AVE,2,Urban,4,Minor Arterial,4,City or Municipal Highway Agency,0,None,33.58193333,-112.1893639,No Special Jurisdiction,8,Pedestrian,0,The First Harmful Event was Not a Collision with a Motor Vehicle in Transport,0,No,3,Intersection-Related,2,Four-Way Intersection,None,1,On Roadway,2,Dark - Not Lighted,1,Clear,0,99,Unknown,Unknown,99,Unknown EMS Scene Arrival Hour,Unknown EMS Scene Arrival Minutes,99,Unknown,Unknown EMS Hospital Arrival Time,1,0
2019,4,Arizona,40125,1,1,0,0,2,2,0,13,MARICOPA (13),PEORIA,5,3,2019,3,Tuesday,9,9:00am-9:59am,9,This section IS ON the NHS,6,Local Street - Municipality,W BELL RD,,2,Urban,3,Principal Arterial - Other,4,City or Municipal Highway Agency,0,None,33.638075,-112.2389528,No Special Jurisdiction,59,Traffic Sign Support,0,The First Harmful Event was Not a Collision with a Motor Vehicle in Transport,1,Yes,5,Entrance/Exit Ramp Related,1,Not an Intersection,None,4,On Roadside,1,Daylight,1,Clear,0,9,9:00am-9:59am,10,9,9:00am-9:59am,20,9,9:00am-9:59am,35,1,0
2019,4,Arizona,40126,1,1,0,0,1,1,0,3,COCHISE (3),NOT APPLICABLE,5,3,2019,3,Tuesday,14,2:00pm-2:59pm,35,This section IS ON the NHS,1,Interstate,I-10,,1,Rural,1,Interstate,1,State Highway Agency,3628,3628,32.33228889,-109.51995,No Special Jurisdiction,1,Rollover/Overturn,0,The First Harmful Event was Not a Collision with a Motor Vehicle in Transport,1,Yes,19,Other location within Interchange Area,1,Not an Intersection,None,3,On Median,1,Daylight,10,Cloudy,0,14,2:00pm-2:59pm,36,15,3:00pm-3:59pm,25,18,6:00pm-6:59pm,21,1,1
2019,4,Arizona,40127,2,2,0,0,2,2,0,13,MARICOPA (13),PHOENIX,5,3,2019,3,Tuesday,19,7:00pm-7:59pm,44,This section IS ON the NHS,1,Interstate,I-17 RAMP,,2,Urban,1,Interstate,1,State Highway Agency,110,110,33.54233611,-112.1108667,No Special Jurisdiction,12,Motor Vehicle In-Transport,1,Front-to-Rear,1,Yes,20,Entrance/Exit Ramp,1,Not an Intersection,None,1,On Roadway,3,Dark - Lighted,1,Clear,0,19,7:00pm-7:59pm,44,19,7:00pm-7:59pm,50,20,8:00pm-8:59pm,3,1,1
2019,4,Arizona,40128,2,2,0,0,2,2,0,19,PIMA (19),TUCSON,6,3,2019,4,Wednesday,8,8:00am-8:59am,9,This section IS NOT on the NHS,6,Local Street - Municipality,N WILMOT RD,EL DORADO PL,2,Urban,4,Minor Arterial,4,City or Municipal Highway Agency,0,None,32.23786667,-110.8578333,No Special Jurisdiction,12,Motor Vehicle In-Transport,6,Angle,0,No,2,Intersection,2,Four-Way Intersection,None,1,On Roadway,1,Daylight,1,Clear,0,8,8:00am-8:59am,9,8,8:00am-8:59am,11,8,8:00am-8:59am,40,1,0
2019,4,Arizona,40129,1,1,0,0,1,1,0,15,MOHAVE (15),NOT APPLICABLE,6,3,2019,4,Wednesday,19,7:00pm-7:59pm,16,This section IS ON the NHS,1,Interstate,I-15,,1,Rural,1,Interstate,1,State Highway Agency,230,230,36.98099167,-113.6708694,No Special Jurisdiction,35,Embankment,0,The First Harmful Event was Not a Collision with a Motor Vehicle in Transport,0,No,1,Non-Junction,1,Not an Intersection,None,4,On Roadside,2,Dark - Not Lighted,2,Rain,0,19,7:00pm-7:59pm,22,19,7:00pm-7:59pm,45,88,Not Applicable (Not Transported),Not Applicable (Not Transported),1,0
2019,4,Arizona,40130,1,1,0,0,1,1,0,13,MARICOPA (13),PEORIA,7,3,2019,5,Thursday,0,0:00am-0:59am,1,This section IS ON the NHS,3,State Highway,SR-303,,2,Urban,2,Principal Arterial - Other Freeways and Expressways,1,State Highway Agency,228,228,33.72653889,-112.3090722,No Special Jurisdiction,38,Fence,0,The First Harmful Event was Not a Collision with a Motor Vehicle in Transport,0,No,1,Non-Junction,1,Not an Intersection,None,4,On Roadside,3,Dark - Lighted,1,Clear,0,7,7:00am-7:59am,30,7,7:00am-7:59am,33,88,Not Applicable (Not Transported),Not Applicable (Not Transported),1,1
2019,4,Arizona,40131,1,1,0,0,2,2,0,11,GREENLEE (11),NOT APPLICABLE,9,3,2019,7,Saturday,2,2:00am-2:59am,28,This section IS NOT on the NHS,3,State Highway,SR-75,,1,Rural,5,Major Collector,1,State Highway Agency,70,70,32.80195556,-109.1669444,No Special Jurisdiction,35,Embankment,0,The First Harmful Event was Not a Collision with a Motor Vehicle in Transport,0,No,1,Non-Junction,1,Not an Intersection,None,4,On Roadside,2,Dark - Not Lighted,1,Clear,0,2,2:00am-2:59am,28,2,2:00am-2:59am,40,99,Unknown,Unknown EMS Hospital Arrival Time,1,1
2019,4,Arizona,40132,4,4,0,0,4,4,0,19,PIMA (19),NOT APPLICABLE,9,3,2019,7,Saturday,13,1:00pm-1:59pm,41,This section IS NOT on the NHS,5,Local Street - Township,VELENCIA RD,,2,Urban,4,Minor Arterial,2,County Highway Agency,0,None,32.13375278,-111.042025,No Special Jurisdiction,12,Motor Vehicle In-Transport,8,Sideswipe - Opposite Direction,0,No,1,Non-Junction,1,Not an Intersection,None,1,On Roadway,1,Daylight,10,Cloudy,0,13,1:00pm-1:59pm,42,13,1:00pm-1:59pm,46,99,Unknown,Unknown EMS Hospital Arrival Time,1,0
2019,4,Arizona,40133,2,2,0,0,3,3,0,19,PIMA (19),TUCSON,9,3,2019,7,Saturday,19,7:00pm-7:59pm,31,This section IS ON the NHS,6,Local Street - Municipality,W VELENCIA RD,S MISSIONDALE RD,2,Urban,3,Principal Arterial - Other,4,City or Municipal Highway Agency,0,None,32.133975,-110.9692222,No Special Jurisdiction,12,Motor Vehicle In-Transport,1,Front-to-Rear,0,No,2,Intersection,2,Four-Way Intersection,None,1,On Roadway,3,Dark - Lighted,1,Clear,0,19,7:00pm-7:59pm,31,19,7:00pm-7:59pm,36,19,7:00pm-7:59pm,42,1,0
2019,4,Arizona,40134,1,1,0,0,1,1,0,5,COCONINO (5),NOT APPLICABLE,10,3,2019,1,Sunday,5,5:00am-5:59am,1,This section IS NOT on the NHS,3,State Highway,SR-99,,1,Rural,4,Minor Arterial,1,State Highway Agency,280,280,35.12252778,-110.8734528,No Special Jurisdiction,1,Rollover/Overturn,0,The First Harmful Event was Not a Collision with a Motor Vehicle in Transport,0,No,1,Non-Junction,1,Not an Intersection,None,4,On Roadside,2,Dark - Not Lighted,1,Clear,0,5,5:00am-5:59am,7,5,5:00am-5:59am,14,88,Not Applicable (Not Transported),Not Applicable (Not Transported),1,1
2019,4,Arizona,40135,2,2,0,0,3,3,0,17,NAVAJO (17),NOT APPLICABLE,10,3,2019,1,Sunday,8,8:00am-8:59am,28,This section IS ON the NHS,1,Interstate,I-40 US-180,,1,Rural,1,Interstate,1,State Highway Agency,2820,2820,34.91057222,-110.2376722,No Special Jurisdiction,12,Motor Vehicle In-Transport,1,Front-to-Rear,0,No,1,Non-Junction,1,Not an Intersection,None,1,On Roadway,1,Daylight,1,Clear,0,8,8:00am-8:59am,29,8,8:00am-8:59am,39,9,9:00am-9:59am,50,1,0
2019,4,Arizona,40136,1,1,0,0,2,2,0,1,APACHE (1),SANDERS,10,3,2019,1,Sunday,11,11:00am-11:59am,20,This section IS ON the NHS,1,Interstate,I-40 PURPLE HEART TRL,,1,Rural,1,Interstate,1,State Highway Agency,3400,3400,35.22019722,-109.3262806,No Special Jurisdiction,1,Rollover/Overturn,0,The First Harmful Event was Not a Collision with a Motor Vehicle in Transport,0,No,1,Non-Junction,1,Not an Intersection,None,1,On Roadway,1,Daylight,1,Clear,0,11,11:00am-11:59am,15,11,11:00am-11:59am,20,99,Unknown,Unknown EMS Hospital Arrival Time,1,0
2019,4,Arizona,40138,1,1,0,1,5,5,1,19,PIMA (19),TUCSON,11,3,2019,2,Monday,19,7:00pm-7:59pm,13,This section IS ON the NHS,3,State Highway,SR-77 ORACLE RD,,2,Urban,3,Principal Arterial - Other,1,State Highway Agency,720,720,32.29678611,-110.9784944,No Special Jurisdiction,8,Pedestrian,0,The First Harmful Event was Not a Collision with a Motor Vehicle in Transport,0,No,1,Non-Junction,1,Not an Intersection,None,1,On Roadway,2,Dark - Not Lighted,10,Cloudy,0,19,7:00pm-7:59pm,13,19,7:00pm-7:59pm,19,19,7:00pm-7:59pm,45,1,0
2019,4,Arizona,40139,2,2,0,0,2,2,0,13,MARICOPA (13),PHOENIX,14,3,2019,5,Thursday,8,8:00am-8:59am,43,This section IS ON the NHS,6,Local Street - Municipality,N 51ST AVE,,2,Urban,3,Principal Arterial - Other,4,City or Municipal Highway Agency,0,None,33.50294722,-112.1688167,No Special Jurisdiction,12,Motor Vehicle In-Transport,6,Angle,0,No,1,Non-Junction,1,Not an Intersection,None,1,On Roadway,1,Daylight,1,Clear,0,9,9:00am-9:59am,16,9,9:00am-9:59am,12,99,Unknown,Unknown EMS Hospital Arrival Time,1,0
2019,4,Arizona,40140,2,2,0,0,2,2,0,13,MARICOPA (13),GLENDALE,15,3,2019,6,Friday,16,4:00pm-4:59pm,4,This section IS ON the NHS,3,State Highway,SR-101,,2,Urban,2,Principal Arterial - Other Freeways and Expressways,1,State Highway Agency,148,148,33.65967778,-112.2323806,No Special Jurisdiction,25,Concrete Traffic Barrier,0,The First Harmful Event was Not a Collision with a Motor Vehicle in Transport,0,No,1,Non-Junction,1,Not an Intersection,None,3,On Median,1,Daylight,1,Clear,0,16,4:00pm-4:59pm,4,16,4:00pm-4:59pm,10,88,Not Applicable (Not Transported),Not Applicable (Not Transported),1,0
2019,4,Arizona,40142,1,1,0,0,1,1,0,25,YAVAPAI (25),NOT APPLICABLE,16,3,2019,7,Saturday,13,1:00pm-1:59pm,25,This section IS NOT on the NHS,2,U.S. Highway,US-66,,1,Rural,5,Major Collector,1,State Highway Agency,0,None,35.40129444,-113.0166972,No Special Jurisdiction,24,Guardrail Face,0,The First Harmful Event was Not a Collision with a Motor Vehicle in Transport,0,No,1,Non-Junction,1,Not an Intersection,None,4,On Roadside,1,Daylight,1,Clear,0,99,Unknown,Unknown,99,Unknown EMS Scene Arrival Hour,Unknown EMS Scene Arrival Minutes,88,Not Applicable (Not Transported),Not Applicable (Not Transported),1,0
2019,4,Arizona,40143,2,2,0,0,4,4,0,17,NAVAJO (17),NOT APPLICABLE,16,3,2019,7,Saturday,23,11:00pm-11:59pm,49,This section IS NOT on the NHS,3,State Highway,SR-77,,1,Rural,3,Principal Arterial - Other,1,State Highway Agency,2139,2139,34.85138611,-110.14825,No Special Jurisdiction,12,Motor Vehicle In-Transport,2,Front-to-Front,0,No,1,Non-Junction,1,Not an Intersection,None,1,On Roadway,2,Dark - Not Lighted,1,Clear,0,23,11:00pm-11:59pm,49,0,0:00am-0:59am,6,3,3:00am-3:59am,17,1,1
2019,4,Arizona,40144,1,1,0,0,1,1,0,13,MARICOPA (13),SURPRISE,17,3,2019,1,Sunday,13,1:00pm-1:59pm,57,This section IS ON the NHS,3,State Highway,SR-303 RAMP,,2,Urban,3,Principal Arterial - Other,1,State Highway Agency,158,158,33.67925,-112.4058806,No Special Jurisdiction,1,Rollover/Overturn,0,The First Harmful Event was Not a Collision with a Motor Vehicle in Transport,1,Yes,20,Entrance/Exit Ramp,1,Not an Intersection,None,1,On Roadway,1,Daylight,1,Clear,0,13,1:00pm-1:59pm,57,14,2:00pm-2:59pm,17,88,Not Applicable (Not Transported),Not Applicable (Not Transported),1,0
2019,4,Arizona,40145,1,1,0,0,2,2,0,13,MARICOPA (13),PHOENIX,17,3,2019,1,Sunday,18,6:00pm-6:59pm,19,This section IS NOT on the NHS,6,Local Street - Municipality,E WASHINGTON ST,,2,Urban,4,Minor Arterial,1,State Highway Agency,0,None,33.44788889,-111.9817194,No Special Jurisdiction,33,Curb,0,The First Harmful Event was Not a Collision with a Motor Vehicle in Transport,1,Yes,19,Other location within Interchange Area,1,Not an Intersection,None,4,On Roadside,5,Dusk,1,Clear,0,18,6:00pm-6:59pm,21,18,6:00pm-6:59pm,26,99,Unknown,Unknown EMS Hospital Arrival Time,2,0
2019,4,Arizona,40146,2,2,0,0,3,3,0,25,YAVAPAI (25),NOT APPLICABLE,18,3,2019,2,Monday,15,3:00pm-3:59pm,27,This section IS ON the NHS,3,State Highway,SR-89,,1,Rural,3,Principal Arterial - Other,1,State Highway Agency,779,779,34.882,-112.4684472,No Special Jurisdiction,12,Motor Vehicle In-Transport,2,Front-to-Front,0,No,1,Non-Junction,1,Not an Intersection,None,1,On Roadway,1,Daylight,1,Clear,0,15,3:00pm-3:59pm,27,15,3:00pm-3:59pm,37,99,Unknown,Unknown EMS Hospital Arrival Time,2,0
2019,4,Arizona,40147,2,2,0,0,2,2,0,13,MARICOPA (13),PEORIA,19,3,2019,3,Tuesday,19,7:00pm-7:59pm,38,This section IS ON the NHS,6,Local Street - Municipality,W NORTHERN AVE,N 91ST AVE,2,Urban,3,Principal Arterial - Other,1,State Highway Agency,0,None,33.55173056,-112.2549861,No Special Jurisdiction,12,Motor Vehicle In-Transport,6,Angle,0,No,2,Intersection,2,Four-Way Intersection,None,1,On Roadway,3,Dark - Lighted,1,Clear,0,99,Unknown,Unknown,99,Unknown EMS Scene Arrival Hour,Unknown EMS Scene Arrival Minutes,99,Unknown,Unknown EMS Hospital Arrival Time,1,1
2019,4,Arizona,40148,1,1,0,0,1,1,0,13,MARICOPA (13),PHOENIX,20,3,2019,4,Wednesday,0,0:00am-0:59am,48,This section IS ON the NHS,3,State Highway,SR-51,,2,Urban,2,Principal Arterial - Other Freeways and Expressways,1,State Highway Agency,126,126,33.62656667,-112.0065111,No Special Jurisdiction,1,Rollover/Overturn,0,The First Harmful Event was Not a Collision with a Motor Vehicle in Transport,1,Yes,19,Other location within Interchange Area,1,Not an Intersection,None,4,On Roadside,3,Dark - Lighted,1,Clear,0,0,0:00am-0:59am,47,0,0:00am-0:59am,55,1,1:00am-1:59am,20,1,0
2019,4,Arizona,40149,2,2,0,0,2,2,0,13,MARICOPA (13),AVONDALE,21,3,2019,5,Thursday,9,9:00am-9:59am,59,This section IS NOT on the NHS,4,County Road,CR-85 W BUCKEYE RD,S 107TH AVE,2,Urban,4,Minor Arterial,4,City or Municipal Highway Agency,0,None,33.43545556,-112.2897139,No Special Jurisdiction,12,Motor Vehicle In-Transport,6,Angle,0,No,2,Intersection,2,Four-Way Intersection,None,1,On Roadway,1,Daylight,1,Clear,0,10,10:00am-10:59am,0,10,10:00am-10:59am,18,88,Not Applicable (Not Transported),Not Applicable (Not Transported),1,0
2019,4,Arizona,40151,3,3,0,0,3,3,0,13,MARICOPA (13),SUN CITY,22,3,2019,6,Friday,13,1:00pm-1:59pm,0,This section IS ON the NHS,6,Local Street - Municipality,W BELL RD,N DEL-WEBB BLVD,2,Urban,3,Principal Arterial - Other,1,State Highway Agency,0,None,33.63817778,-112.289525,No Special Jurisdiction,12,Motor Vehicle In-Transport,1,Front-to-Rear,0,No,3,Intersection-Related,2,Four-Way Intersection,None,1,On Roadway,1,Daylight,1,Clear,0,13,1:00pm-1:59pm,0,13,1:00pm-1:59pm,12,13,1:00pm-1:59pm,45,1,0
2019,4,Arizona,40153,1,1,0,0,2,2,0,7,GILA (7),NOT APPLICABLE,22,3,2019,6,Friday,18,6:00pm-6:59pm,19,This section IS NOT on the NHS,8,Other,E FOREST SERVICE RD 198,,6,Trafficway Not in State Inventory,96,Trafficway Not in State Inventory,96,Trafficway Not in State Inventory,0,None,34.33108056,-111.2624306,No Special Jurisdiction,34,Ditch,0,The First Harmful Event was Not a Collision with a Motor Vehicle in Transport,0,No,1,Non-Junction,1,Not an Intersection,None,4,On Roadside,5,Dusk,1,Clear,0,18,6:00pm-6:59pm,19,18,6:00pm-6:59pm,34,88,Not Applicable (Not Transported),Not Applicable (Not Transported),1,0
2019,4,Arizona,40154,1,1,0,0,2,2,0,5,COCONINO (5),NOT APPLICABLE,26,3,2019,3,Tuesday,8,8:00am-8:59am,16,This section IS ON the NHS,1,Interstate,I-40,,1,Rural,1,Interstate,1,State Highway Agency,1566,1566,35.22040833,-112.2877083,No Special Jurisdiction,35,Embankment,0,The First Harmful Event was Not a Collision with a Motor Vehicle in Transport,0,No,1,Non-Junction,1,Not an Intersection,None,3,On Median,1,Daylight,1,Clear,0,8,8:00am-8:59am,18,8,8:00am-8:59am,34,88,Not Applicable (Not Transported),Not Applicable (Not Transported),1,0
2019,4,Arizona,40155,1,1,0,1,1,1,1,19,PIMA (19),TUCSON,26,3,2019,3,Tuesday,21,9:00pm-9:59pm,57,This section IS NOT on the NHS,6,Local Street - Municipality,PIMA ST E,ROOK AVE N,2,Urban,4,Minor Arterial,4,City or Municipal Highway Agency,0,None,32.24335556,-110.8601861,No Special Jurisdiction,8,Pedestrian,0,The First Harmful Event was Not a Collision with a Motor Vehicle in Transport,0,No,3,Intersection-Related,3,T-Intersection,None,1,On Roadway,3,Dark - Lighted,1,Clear,0,21,9:00pm-9:59pm,57,22,10:00pm-10:59pm,1,22,10:00pm-10:59pm,30,1,0
2019,4,Arizona,40156,2,2,0,0,4,4,0,12,LA PAZ (12),Other,27,3,2019,4,Wednesday,1,1:00am-1:59am,4,This section IS ON the NHS,1,Interstate,I-10,,1,Rural,1,Interstate,1,State Highway Agency,670,670,33.57402222,-113.384175,No Special Jurisdiction,12,Motor Vehicle In-Transport,2,Front-to-Front,0,No,1,Non-Junction,1,Not an Intersection,None,1,On Roadway,2,Dark - Not Lighted,1,Clear,0,1,1:00am-1:59am,11,1,1:00am-1:59am,37,88,Not Applicable (Not Transported),Not Applicable (Not Transported),4,0
2019,4,Arizona,40158,1,1,0,1,1,1,1,19,PIMA (19),TUCSON,27,3,2019,4,Wednesday,21,9:00pm-9:59pm,31,This section IS NOT on the NHS,6,Local Street - Municipality,12TH AVE,CALLE RAMONA,2,Urban,4,Minor Arterial,4,City or Municipal Highway Agency,0,None,32.14628611,-110.9776306,No Special Jurisdiction,8,Pedestrian,0,The First Harmful Event was Not a Collision with a Motor Vehicle in Transport,0,No,3,Intersection-Related,3,T-Intersection,None,1,On Roadway,3,Dark - Lighted,1,Clear,0,21,9:00pm-9:59pm,33,21,9:00pm-9:59pm,37,22,10:00pm-10:59pm,17,1,0
2019,4,Arizona,40159,1,1,0,0,1,1,0,19,PIMA (19),NOT APPLICABLE,29,3,2019,6,Friday,17,5:00pm-5:59pm,19,This section IS NOT on the NHS,5,Local Street - Township,SUNRISE DR,SWAN RD,2,Urban,7,Local,2,County Highway Agency,0,None,32.30830556,-110.8926944,No Special Jurisdiction,58,Ground,0,The First Harmful Event was Not a Collision with a Motor Vehicle in Transport,0,No,3,Intersection-Related,2,Four-Way Intersection,None,5,Outside Trafficway,1,Daylight,1,Clear,0,17,5:00pm-5:59pm,19,17,5:00pm-5:59pm,24,17,5:00pm-5:59pm,41,1,0
2019,4,Arizona,40160,1,1,0,1,1,1,1,5,COCONINO (5),FLAGSTAFF,29,3,2019,6,Friday,23,11:00pm-11:59pm,42,This section IS ON the NHS,1,Interstate,I-40,,2,Urban,1,Interstate,1,State Highway Agency,2008,2008,35.21593056,-111.5836583,No Special Jurisdiction,8,Pedestrian,0,The First Harmful Event was Not a Collision with a Motor Vehicle in Transport,0,No,1,Non-Junction,1,Not an Intersection,None,1,On Roadway,2,Dark - Not Lighted,1,Clear,0,23,11:00pm-11:59pm,42,23,11:00pm-11:59pm,43,88,Not Applicable (Not Transported),Not Applicable (Not Transported),1,0
2019,4,Arizona,40161,3,3,0,0,5,5,0,13,MARICOPA (13),PHOENIX,30,3,2019,7,Saturday,14,2:00pm-2:59pm,47,This section IS ON the NHS,3,State Highway,SR-101,,2,Urban,2,Principal Arterial - Other Freeways and Expressways,1,State Highway Agency,330,330,33.66219167,-111.9447222,No Special Jurisdiction,12,Motor Vehicle In-Transport,1,Front-to-Rear,1,Yes,18,Through Roadway,1,Not an Intersection,Construction,1,On Roadway,1,Daylight,1,Clear,0,14,2:00pm-2:59pm,48,15,3:00pm-3:59pm,0,88,Not Applicable (Not Transported),Not Applicable (Not Transported),2,0
2019,4,Arizona,40162,2,2,0,0,3,3,0,19,PIMA (19),TUCSON,31,3,2019,1,Sunday,4,4:00am-4:59am,19,This section IS NOT on the NHS,6,Local Street - Municipality,SPEEDWAY BLVD,,2,Urban,3,Principal Arterial - Other,4,City or Municipal Highway Agency,0,None,32.23554167,-110.8044806,No Special Jurisdiction,12,Motor Vehicle In-Transport,1,Front-to-Rear,0,No,1,Non-Junction,1,Not an Intersection,None,1,On Roadway,3,Dark - Lighted,1,Clear,0,4,4:00am-4:59am,19,4,4:00am-4:59am,26,88,Not Applicable (Not Transported),Not Applicable (Not Transported),1,1
2019,4,Arizona,40163,2,2,0,0,2,2,0,15,MOHAVE (15),NOT APPLICABLE,31,3,2019,1,Sunday,13,1:00pm-1:59pm,52,This section IS ON the NHS,1,Interstate,I-15,,1,Rural,1,Interstate,1,State Highway Agency,130,130,36.91810556,-113.8689,No Special Jurisdiction,25,Concrete Traffic Barrier,0,The First Harmful Event was Not a Collision with a Motor Vehicle in Transport,0,No,1,Non-Junction,1,Not an Intersection,None,3,On Median,1,Daylight,1,Clear,0,13,1:00pm-1:59pm,53,14,2:00pm-2:59pm,5,99,Unknown,Unknown EMS Hospital Arrival Time,1,0