AccidentYear,STATE,STATENAME,ST_CASE,VE_TOTAL,VE_FORMS,PVH_INVL,PEDS,PERSONS,PERMVIT,PERNOTMVIT,COUNTY,COUNTYNAME,CITYNAME,DAY,MONTH,YEAR,DAY_WEEK,DAY_WEEKNAME,HOUR,HOURNAME,MINUTENAME,NHSNAME,ROUTE,ROUTENAME,TWAY_ID,TWAY_ID2,RUR_URB,RUR_URBNAME,FUNC_SYS,FUNC_SYSNAME,RD_OWNER,RD_OWNERNAME,MILEPT,MILEPTNAME,LATITUDENAME,LONGITUDNAME,SP_JURNAME,HARM_EV,HARM_EVNAME,MAN_COLL,MAN_COLLNAME,RELJCT1,RELJCT1NAME,RELJCT2,RELJCT2NAME,TYP_INT,TYP_INTNAME,WRK_ZONENAME,REL_ROAD,REL_ROADNAME,LGT_COND,LGT_CONDNAME,WEATHER,WEATHERNAME,SCH_BUS,NOT_HOUR,NOT_HOURNAME,NOT_MINNAME,ARR_HOUR,ARR_HOURNAME,ARR_MINNAME,HOSP_HR,HOSP_HRNAME,HOSP_MNNAME,FATALS,DRUNK_DR
2019,4,Arizona,40207,2,2,0,0,4,4,0,13,MARICOPA (13),TEMPE,9,3,2019,7,Saturday,20,8:00pm-8:59pm,7,This section IS ON the NHS,6,Local Street - Municipality,BASELINE RD,,2,Urban,3,Principal Arterial - Other,4,City or Municipal Highway Agency,0,None,33.37804722,-111.9800667,No Special Jurisdiction,12,Motor Vehicle In-Transport,2,Front-to-Front,0,No,1,Non-Junction,1,Not an Intersection,None,1,On Roadway,3,Dark - Lighted,1,Clear,0,20,8:00pm-8:59pm,17,20,8:00pm-8:59pm,26,20,8:00pm-8:59pm,50,1,0
2019,4,Arizona,40208,2,2,0,0,3,3,0,13,MARICOPA (13),PHOENIX,12,3,2019,3,Tuesday,21,9:00pm-9:59pm,0,This section IS ON the NHS,6,Local Street - Municipality,INDIAN SCHOOL RD,,2,Urban,3,Principal Arterial - Other,4,City or Municipal Highway Agency,0,None,33.49500278,-112.10155,No Special Jurisdiction,12,Motor Vehicle In-Transport,98,Not Reported,0,No,98,Not Reported,98,Not Reported,None,1,On Roadway,6,Dark - Unknown Lighting,98,Not Reported,0,99,Unknown,Unknown,99,Unknown EMS Scene Arrival Hour,Unknown EMS Scene Arrival Minutes,99,Unknown,Unknown EMS Hospital Arrival Time,1,1
2019,4,Arizona,40209,1,1,0,1,1,1,1,13,MARICOPA (13),NOT APPLICABLE,14,3,2019,5,Thursday,0,0:00am-0:59am,49,This section IS NOT on the NHS,9,Unknown,PALO VERDE,,1,Rural,98,Not Reported,98,Not Reported,0,None,33.39304444,-112.6771833,Unknown,9,Pedalcyclist,0,The First Harmful Event was Not a Collision with a Motor Vehicle in Transport,0,No,1,Non-Junction,1,Not an Intersection,None,1,On Roadway,2,Dark - Not Lighted,1,Clear,0,0,0:00am-0:59am,49,1,1:00am-1:59am,0,88,Not Applicable (Not Transported),Not Applicable (Not Transported),1,0
2019,4,Arizona,40210,2,2,0,0,2,2,0,13,MARICOPA (13),PHOENIX,14,3,2019,5,Thursday,13,1:00pm-1:59pm,51,This section IS ON the NHS,6,Local Street - Municipality,51ST AVE,MOHAVE ST,2,Urban,3,Principal Arterial - Other,4,City or Municipal Highway Agency,0,None,33.43113889,-112.1692444,No Special Jurisdiction,12,Motor Vehicle In-Transport,6,Angle,0,No,2,Intersection,2,Four-Way Intersection,None,1,On Roadway,1,Daylight,1,Clear,0,13,1:00pm-1:59pm,51,13,1:00pm-1:59pm,56,14,2:00pm-2:59pm,17,1,0
2019,4,Arizona,40211,1,1,0,0,2,2,0,13,MARICOPA (13),SCOTTSDALE,14,3,2019,5,Thursday,19,7:00pm-7:59pm,40,This section IS ON the NHS,6,Local Street - Municipality,INDIAN SCHOOL RD,,2,Urban,3,Principal Arterial - Other,4,City or Municipal Highway Agency,0,None,33.49481667,-111.9335861,No Special Jurisdiction,5,Fell/Jumped from Vehicle,0,The First Harmful Event was Not a Collision with a Motor Vehicle in Transport,0,No,1,Non-Junction,1,Not an Intersection,None,1,On Roadway,8,Not Reported,98,Not Reported,0,99,Unknown,Unknown,99,Unknown EMS Scene Arrival Hour,Unknown EMS Scene Arrival Minutes,99,Unknown,Unknown EMS Hospital Arrival Time,1,1
2019,4,Arizona,40212,2,2,0,0,2,2,0,13,MARICOPA (13),PHOENIX,15,3,2019,6,Friday,7,7:00am-7:59am,54,This section IS ON the NHS,6,Local Street - Municipality,BASELINE RD,44TH ST,2,Urban,3,Principal Arterial - Other,4,City or Municipal Highway Agency,0,None,33.37824444,-111.9869944,No Special Jurisdiction,12,Motor Vehicle In-Transport,6,Angle,0,No,2,Intersection,2,Four-Way Intersection,None,1,On Roadway,1,Daylight,1,Clear,0,7,7:00am-7:59am,56,8,8:00am-8:59am,0,8,8:00am-8:59am,46,1,1
2019,4,Arizona,40213,3,3,0,0,6,6,0,13,MARICOPA (13),PHOENIX,15,3,2019,6,Friday,16,4:00pm-4:59pm,16,This section IS NOT on the NHS,6,Local Street - Municipality,BROADWAY,63RD AVE,2,Urban,4,Minor Arterial,4,City or Municipal Highway Agency,0,None,33.40827778,-112.1953694,No Special Jurisdiction,12,Motor Vehicle In-Transport,6,Angle,0,No,2,Intersection,3,T-Intersection,None,1,On Roadway,1,Daylight,1,Clear,0,16,4:00pm-4:59pm,16,16,4:00pm-4:59pm,21,16,4:00pm-4:59pm,52,1,0
2019,4,Arizona,40214,1,1,0,0,1,1,0,13,MARICOPA (13),PHOENIX,16,3,2019,7,Saturday,17,5:00pm-5:59pm,18,This section IS NOT on the NHS,6,Local Street - Municipality,WASHINGTON ST,,2,Urban,3,Principal Arterial - Other,4,City or Municipal Highway Agency,0,None,33.448025,-112.0259722,No Special Jurisdiction,33,Curb,0,The First Harmful Event was Not a Collision with a Motor Vehicle in Transport,0,No,1,Non-Junction,1,Not an Intersection,None,4,On Roadside,1,Daylight,1,Clear,0,17,5:00pm-5:59pm,19,17,5:00pm-5:59pm,25,17,5:00pm-5:59pm,46,1,0
2019,4,Arizona,40215,1,1,0,1,1,1,1,13,MARICOPA (13),PHOENIX,17,3,2019,1,Sunday,0,0:00am-0:59am,8,This section IS ON the NHS,6,Local Street - Municipality,7TH ST,CAMELBACK RD,2,Urban,3,Principal Arterial - Other,4,City or Municipal Highway Agency,0,None,33.50925,-112.0650194,No Special Jurisdiction,8,Pedestrian,0,The First Harmful Event was Not a Collision with a Motor Vehicle in Transport,0,No,3,Intersection-Related,2,Four-Way Intersection,None,1,On Roadway,3,Dark - Lighted,1,Clear,0,0,0:00am-0:59am,9,0,0:00am-0:59am,14,0,0:00am-0:59am,25,1,0
2019,4,Arizona,40216,1,1,0,1,1,1,1,3,COCHISE (3),SIERRA VISTA,20,3,2019,4,Wednesday,22,10:00pm-10:59pm,30,This section IS ON the NHS,3,State Highway,SR-90,RAINBOW WAY,2,Urban,3,Principal Arterial - Other,1,State Highway Agency,0,None,31.55461944,-110.2441389,No Special Jurisdiction,8,Pedestrian,0,The First Harmful Event was Not a Collision with a Motor Vehicle in Transport,0,No,3,Intersection-Related,3,T-Intersection,None,1,On Roadway,3,Dark - Lighted,1,Clear,0,99,Unknown,Unknown,99,Unknown EMS Scene Arrival Hour,Unknown EMS Scene Arrival Minutes,88,Not Applicable (Not Transported),Not Applicable (Not Transported),1,0
2019,4,Arizona,40217,1,1,0,1,1,1,1,13,MARICOPA (13),PHOENIX,20,3,2019,4,Wednesday,19,7:00pm-7:59pm,50,This section IS NOT on the NHS,6,Local Street - Municipality,43RD AVE,,2,Urban,4,Minor Arterial,4,City or Municipal Highway Agency,0,None,33.61158889,-112.151225,No Special Jurisdiction,8,Pedestrian,0,The First Harmful Event was Not a Collision with a Motor Vehicle in Transport,0,No,99,Reported as Unknown,98,Not Reported,None,1,On Roadway,8,Not Reported,98,Not Reported,0,99,Unknown,Unknown,99,Unknown EMS Scene Arrival Hour,Unknown EMS Scene Arrival Minutes,99,Unknown,Unknown EMS Hospital Arrival Time,1,0
2019,4,Arizona,40218,1,1,0,1,1,1,1,13,MARICOPA (13),PHOENIX,20,3,2019,4,Wednesday,22,10:00pm-10:59pm,10,This section IS NOT on the NHS,6,Local Street - Municipality,NORTHERN AVE,,2,Urban,4,Minor Arterial,4,City or Municipal Highway Agency,0,None,33.55311944,-112.1174944,No Special Jurisdiction,8,Pedestrian,0,The First Harmful Event was Not a Collision with a Motor Vehicle in Transport,0,No,8,Driveway Access Related,1,Not an Intersection,None,11,Continuous Left - Turn Lane,3,Dark - Lighted,1,Clear,0,22,10:00pm-10:59pm,12,22,10:00pm-10:59pm,14,22,10:00pm-10:59pm,26,1,0
2019,4,Arizona,40219,1,1,0,0,1,1,0,13,MARICOPA (13),PHOENIX,22,3,2019,6,Friday,4,4:00am-4:59am,27,This section IS ON the NHS,1,Interstate,I-10 FRONTAGE,,2,Urban,1,Interstate,1,State Highway Agency,1390,1390,33.46234167,-112.1720028,No Special Jurisdiction,33,Curb,0,The First Harmful Event was Not a Collision with a Motor Vehicle in Transport,0,No,5,Entrance/Exit Ramp Related,1,Not an Intersection,None,4,On Roadside,3,Dark - Lighted,1,Clear,0,4,4:00am-4:59am,32,4,4:00am-4:59am,40,88,Not Applicable (Not Transported),Not Applicable (Not Transported),1,0
2019,4,Arizona,40220,1,1,0,1,1,1,1,13,MARICOPA (13),PHOENIX,21,3,2019,5,Thursday,8,8:00am-8:59am,15,This section IS ON the NHS,6,Local Street - Municipality,INDIAN SCHOOL RD,,2,Urban,3,Principal Arterial - Other,4,City or Municipal Highway Agency,0,None,33.49451667,-112.2212056,No Special Jurisdiction,8,Pedestrian,0,The First Harmful Event was Not a Collision with a Motor Vehicle in Transport,0,No,1,Non-Junction,1,Not an Intersection,"Work Zone, Type Unknown",11,Continuous Left - Turn Lane,1,Daylight,1,Clear,0,8,8:00am-8:59am,17,8,8:00am-8:59am,21,8,8:00am-8:59am,39,1,0
2019,4,Arizona,40221,1,1,0,1,1,1,1,13,MARICOPA (13),PHOENIX,22,3,2019,6,Friday,19,7:00pm-7:59pm,21,This section IS NOT on the NHS,6,Local Street - Municipality,MCDOWELL RD,,2,Urban,4,Minor Arterial,4,City or Municipal Highway Agency,0,None,33.46594167,-112.1455694,No Special Jurisdiction,8,Pedestrian,0,The First Harmful Event was Not a Collision with a Motor Vehicle in Transport,0,No,1,Non-Junction,1,Not an Intersection,None,1,On Roadway,3,Dark - Lighted,1,Clear,0,19,7:00pm-7:59pm,22,19,7:00pm-7:59pm,26,88,Not Applicable (Not Transported),Not Applicable (Not Transported),1,0
2019,4,Arizona,40223,1,1,0,1,1,1,1,13,MARICOPA (13),PHOENIX,26,3,2019,3,Tuesday,21,9:00pm-9:59pm,15,This section IS ON the NHS,6,Local Street - Municipality,INDIAN SCHOOL RD,,2,Urban,3,Principal Arterial - Other,4,City or Municipal Highway Agency,0,None,33.49515556,-112.0170194,No Special Jurisdiction,8,Pedestrian,0,The First Harmful Event was Not a Collision with a Motor Vehicle in Transport,0,No,1,Non-Junction,1,Not an Intersection,None,1,On Roadway,3,Dark - Lighted,98,Not Reported,0,21,9:00pm-9:59pm,16,21,9:00pm-9:59pm,19,21,9:00pm-9:59pm,43,1,1
2019,4,Arizona,40224,2,2,0,0,2,2,0,13,MARICOPA (13),TEMPE,27,3,2019,4,Wednesday,23,11:00pm-11:59pm,11,This section IS ON the NHS,6,Local Street - Municipality,ELLIOT RD,KYRENE RD,2,Urban,3,Principal Arterial - Other,4,City or Municipal Highway Agency,0,None,33.34927222,-111.9457389,No Special Jurisdiction,12,Motor Vehicle In-Transport,6,Angle,0,No,2,Intersection,4,Y-Intersection,None,1,On Roadway,3,Dark - Lighted,1,Clear,0,23,11:00pm-11:59pm,11,23,11:00pm-11:59pm,16,23,11:00pm-11:59pm,40,1,1
2019,4,Arizona,40225,1,1,0,1,1,1,1,19,PIMA (19),SOUTH TUCSON,28,3,2019,5,Thursday,10,10:00am-10:59am,0,This section IS NOT on the NHS,6,Local Street - Municipality,6TH AVE,30TH ST,2,Urban,3,Principal Arterial - Other,4,City or Municipal Highway Agency,0,None,32.19858889,-110.9684194,No Special Jurisdiction,8,Pedestrian,0,The First Harmful Event was Not a Collision with a Motor Vehicle in Transport,0,No,3,Intersection-Related,2,Four-Way Intersection,None,1,On Roadway,8,Not Reported,98,Not Reported,0,99,Unknown,Unknown,99,Unknown EMS Scene Arrival Hour,Unknown EMS Scene Arrival Minutes,99,Unknown,Unknown EMS Hospital Arrival Time,1,0
2019,4,Arizona,40227,1,1,0,0,2,2,0,21,PINAL (21),ELOY,31,3,2019,1,Sunday,21,9:00pm-9:59pm,8,This section IS NOT on the NHS,6,Local Street - Municipality,FRONTIER ST,,2,Urban,4,Minor Arterial,4,City or Municipal Highway Agency,0,None,32.79145,-111.6180417,No Special Jurisdiction,42,Tree (Standing Only),0,The First Harmful Event was Not a Collision with a Motor Vehicle in Transport,0,No,1,Non-Junction,1,Not an Intersection,None,4,On Roadside,2,Dark - Not Lighted,1,Clear,0,21,9:00pm-9:59pm,8,21,9:00pm-9:59pm,16,21,9:00pm-9:59pm,39,1,0
2019,4,Arizona,40228,1,1,0,1,1,1,1,19,PIMA (19),TUCSON,1,4,2019,2,Monday,19,7:00pm-7:59pm,55,This section IS NOT on the NHS,6,Local Street - Municipality,12TH AVE S,,2,Urban,4,Minor Arterial,4,City or Municipal Highway Agency,0,None,32.13783611,-110.9775806,No Special Jurisdiction,8,Pedestrian,0,The First Harmful Event was Not a Collision with a Motor Vehicle in Transport,0,No,1,Non-Junction,1,Not an Intersection,None,1,On Roadway,3,Dark - Lighted,1,Clear,0,19,7:00pm-7:59pm,55,19,7:00pm-7:59pm,56,20,8:00pm-8:59pm,20,1,0
2019,4,Arizona,40229,1,1,0,1,1,1,1,19,PIMA (19),TUCSON,2,4,2019,3,Tuesday,3,3:00am-3:59am,47,This section IS NOT on the NHS,6,Local Street - Municipality,SPEEDWAY BLD,,2,Urban,3,Principal Arterial - Other,4,City or Municipal Highway Agency,0,None,32.23624722,-110.8854139,No Special Jurisdiction,8,Pedestrian,0,The First Harmful Event was Not a Collision with a Motor Vehicle in Transport,0,No,1,Non-Junction,1,Not an Intersection,None,1,On Roadway,3,Dark - Lighted,1,Clear,0,3,3:00am-3:59am,47,3,3:00am-3:59am,52,88,Not Applicable (Not Transported),Not Applicable (Not Transported),1,0
2019,4,Arizona,40230,1,1,0,0,1,1,0,3,COCHISE (3),WILLCOX,2,4,2019,3,Tuesday,11,11:00am-11:59am,14,This section IS ON the NHS,1,Interstate,I-10,,1,Rural,1,Interstate,1,State Highway Agency,3418,3418,32.27199444,-109.839125,No Special Jurisdiction,1,Rollover/Overturn,0,The First Harmful Event was Not a Collision with a Motor Vehicle in Transport,0,No,1,Non-Junction,1,Not an Intersection,None,3,On Median,1,Daylight,1,Clear,0,11,11:00am-11:59am,17,11,11:00am-11:59am,23,11,11:00am-11:59am,29,1,1
2019,4,Arizona,40231,2,2,0,0,5,5,0,13,MARICOPA (13),PHOENIX,2,4,2019,3,Tuesday,15,3:00pm-3:59pm,43,This section IS NOT on the NHS,6,Local Street - Municipality,28TH DR,SAHUARO DR,2,Urban,5,Major Collector,4,City or Municipal Highway Agency,0,None,33.58387778,-112.1220583,No Special Jurisdiction,12,Motor Vehicle In-Transport,6,Angle,0,No,2,Intersection,2,Four-Way Intersection,None,1,On Roadway,1,Daylight,1,Clear,0,15,3:00pm-3:59pm,44,15,3:00pm-3:59pm,45,16,4:00pm-4:59pm,3,1,0
2019,4,Arizona,40232,2,2,0,0,2,2,0,13,MARICOPA (13),PHOENIX,3,4,2019,4,Wednesday,11,11:00am-11:59am,29,This section IS ON the NHS,3,State Highway,SR-101,,2,Urban,2,Principal Arterial - Other Freeways and Expressways,1,State Highway Agency,198,198,33.66956389,-112.1393056,No Special Jurisdiction,12,Motor Vehicle In-Transport,6,Angle,0,No,1,Non-Junction,1,Not an Intersection,None,1,On Roadway,1,Daylight,1,Clear,0,11,11:00am-11:59am,29,11,11:00am-11:59am,39,12,12:00pm-12:59pm,12,1,0
2019,4,Arizona,40233,3,3,0,0,4,4,0,13,MARICOPA (13),MESA,3,4,2019,4,Wednesday,15,3:00pm-3:59pm,41,This section IS NOT on the NHS,6,Local Street - Municipality,BROADWAY RD,,2,Urban,3,Principal Arterial - Other,4,City or Municipal Highway Agency,0,None,33.40748889,-111.87875,No Special Jurisdiction,12,Motor Vehicle In-Transport,7,Sideswipe - Same Direction,0,No,1,Non-Junction,1,Not an Intersection,None,1,On Roadway,1,Daylight,1,Clear,0,15,3:00pm-3:59pm,41,15,3:00pm-3:59pm,45,88,Not Applicable (Not Transported),Not Applicable (Not Transported),1,0
2019,4,Arizona,40235,1,1,0,0,1,1,0,25,YAVAPAI (25),NOT APPLICABLE,4,4,2019,5,Thursday,13,1:00pm-1:59pm,28,This section IS NOT on the NHS,3,State Highway,SR-260,,1,Rural,5,Major Collector,1,State Highway Agency,270,270,34.48603333,-111.6990556,No Special Jurisdiction,1,Rollover/Overturn,0,The First Harmful Event was Not a Collision with a Motor Vehicle in Transport,0,No,1,Non-Junction,1,Not an Intersection,None,4,On Roadside,1,Daylight,10,Cloudy,0,13,1:00pm-1:59pm,29,13,1:00pm-1:59pm,43,15,3:00pm-3:59pm,18,1,0
2019,4,Arizona,40237,1,1,0,0,1,1,0,13,MARICOPA (13),PHOENIX,5,4,2019,6,Friday,0,0:00am-0:59am,36,This section IS ON the NHS,1,Interstate,I-17,,2,Urban,5,Major Collector,1,State Highway Agency,280,280,33.79711389,-112.1375889,No Special Jurisdiction,42,Tree (Standing Only),0,The First Harmful Event was Not a Collision with a Motor Vehicle in Transport,0,No,5,Entrance/Exit Ramp Related,1,Not an Intersection,None,4,On Roadside,2,Dark - Not Lighted,1,Clear,0,11,11:00am-11:59am,24,12,12:00pm-12:59pm,5,88,Not Applicable (Not Transported),Not Applicable (Not Transported),1,1
2019,4,Arizona,40238,2,2,0,0,2,2,0,13,MARICOPA (13),PHOENIX,6,4,2019,7,Saturday,9,9:00am-9:59am,58,This section IS ON the NHS,3,State Highway,SR-101,,2,Urban,2,Principal Arterial - Other Freeways and Expressways,1,State Highway Agency,298,298,33.67233333,-111.9708278,No Special Jurisdiction,12,Motor Vehicle In-Transport,1,Front-to-Rear,0,No,1,Non-Junction,1,Not an Intersection,None,1,On Roadway,1,Daylight,1,Clear,0,9,9:00am-9:59am,45,10,10:00am-10:59am,0,10,10:00am-10:59am,28,1,0
2019,4,Arizona,40239,1,1,0,0,3,3,0,21,PINAL (21),NOT APPLICABLE,6,4,2019,7,Saturday,19,7:00pm-7:59pm,41,This section IS NOT on the NHS,3,State Highway,SR-87 NONCARD,,1,Rural,4,Minor Arterial,1,State Highway Agency,348,348,33.11825,-111.7296639,No Special Jurisdiction,25,Concrete Traffic Barrier,0,The First Harmful Event was Not a Collision with a Motor Vehicle in Transport,0,No,1,Non-Junction,1,Not an Intersection,Construction,4,On Roadside,2,Dark - Not Lighted,1,Clear,0,19,7:00pm-7:59pm,42,19,7:00pm-7:59pm,45,20,8:00pm-8:59pm,45,1,1
2019,4,Arizona,40240,3,3,0,0,4,4,0,13,MARICOPA (13),GLENDALE,7,4,2019,1,Sunday,11,11:00am-11:59am,10,This section IS ON the NHS,3,State Highway,SR-101,,2,Urban,2,Principal Arterial - Other Freeways and Expressways,1,State Highway Agency,168,168,33.66826944,-112.1991917,No Special Jurisdiction,12,Motor Vehicle In-Transport,1,Front-to-Rear,0,No,1,Non-Junction,1,Not an Intersection,None,1,On Roadway,1,Daylight,1,Clear,0,11,11:00am-11:59am,10,11,11:00am-11:59am,16,11,11:00am-11:59am,45,1,0
2019,4,Arizona,40241,3,3,0,0,7,7,0,13,MARICOPA (13),SCOTTSDALE,7,4,2019,1,Sunday,13,1:00pm-1:59pm,54,This section IS NOT on the NHS,6,Local Street - Municipality,HAYDEN RD,SR-101 EXIT RAMP,2,Urban,4,Minor Arterial,1,State Highway Agency,154,154,33.65511667,-111.9078417,No Special Jurisdiction,33,Curb,0,The First Harmful Event was Not a Collision with a Motor Vehicle in Transport,1,Yes,3,Intersection-Related,3,T-Intersection,None,4,On Roadside,1,Daylight,1,Clear,0,13,1:00pm-1:59pm,54,14,2:00pm-2:59pm,2,99,Unknown,Unknown EMS Hospital Arrival Time,1,1
2019,4,Arizona,40242,2,2,0,0,2,2,0,25,YAVAPAI (25),NOT APPLICABLE,7,4,2019,1,Sunday,19,7:00pm-7:59pm,27,This section IS NOT on the NHS,9,Unknown,SAN JUAN LN,BRIDGE CANYON PKWY,6,Trafficway Not in State Inventory,96,Trafficway Not in State Inventory,96,Trafficway Not in State Inventory,0,None,35.32415,-112.9642806,Unknown,12,Motor Vehicle In-Transport,98,Not Reported,8,Not Reported,2,Intersection,2,Four-Way Intersection,None,1,On Roadway,5,Dusk,1,Clear,0,99,Unknown,Unknown,99,Unknown EMS Scene Arrival Hour,Unknown EMS Scene Arrival Minutes,99,Unknown,Unknown EMS Hospital Arrival Time,1,2
2019,4,Arizona,40243,2,2,0,0,7,7,0,13,MARICOPA (13),MESA,7,4,2019,1,Sunday,20,8:00pm-8:59pm,3,This section IS NOT on the NHS,6,Local Street - Municipality,SOUTHERN AVE,,2,Urban,3,Principal Arterial - Other,4,City or Municipal Highway Agency,0,None,33.39333611,-111.8137056,No Special Jurisdiction,12,Motor Vehicle In-Transport,6,Angle,0,No,4,Driveway Access,1,Not an Intersection,None,1,On Roadway,3,Dark - Lighted,1,Clear,0,99,Unknown,Unknown,99,Unknown EMS Scene Arrival Hour,Unknown EMS Scene Arrival Minutes,99,Unknown,Unknown EMS Hospital Arrival Time,1,0
2019,4,Arizona,40244,2,2,0,0,5,5,0,1,APACHE (1),NOT APPLICABLE,8,4,2019,2,Monday,7,7:00am-7:59am,46,This section IS NOT on the NHS,3,State Highway,SR-61,,1,Rural,5,Major Collector,1,State Highway Agency,9,9,34.29155278,-109.8075,No Special Jurisdiction,12,Motor Vehicle In-Transport,2,Front-to-Front,0,No,1,Non-Junction,1,Not an Intersection,None,1,On Roadway,1,Daylight,1,Clear,0,7,7:00am-7:59am,49,7,7:00am-7:59am,59,9,9:00am-9:59am,45,3,0
2019,4,Arizona,40245,1,1,0,0,1,1,0,19,PIMA (19),NOT APPLICABLE,8,4,2019,2,Monday,16,4:00pm-4:59pm,18,This section IS NOT on the NHS,3,State Highway,SR-83,,1,Rural,5,Major Collector,1,State Highway Agency,427,427,31.87459167,-110.6768,No Special Jurisdiction,35,Embankment,0,The First Harmful Event was Not a Collision with a Motor Vehicle in Transport,0,No,1,Non-Junction,1,Not an Intersection,None,4,On Roadside,1,Daylight,1,Clear,0,16,4:00pm-4:59pm,28,16,4:00pm-4:59pm,41,88,Not Applicable (Not Transported),Not Applicable (Not Transported),1,0
2019,4,Arizona,40246,1,1,0,0,1,1,0,21,PINAL (21),NOT APPLICABLE,8,4,2019,2,Monday,16,4:00pm-4:59pm,55,This section IS ON the NHS,2,U.S. Highway,US-60,,1,Rural,3,Principal Arterial - Other,1,State Highway Agency,1876,1876,33.29284722,-111.0917472,No Special Jurisdiction,35,Embankment,0,The First Harmful Event was Not a Collision with a Motor Vehicle in Transport,0,No,1,Non-Junction,1,Not an Intersection,None,4,On Roadside,1,Daylight,1,Clear,0,16,4:00pm-4:59pm,57,17,5:00pm-5:59pm,8,88,Not Applicable (Not Transported),Not Applicable (Not Transported),1,0
2019,4,Arizona,40247,2,2,0,0,5,5,0,21,PINAL (21),NOT APPLICABLE,9,4,2019,3,Tuesday,5,5:00am-5:59am,40,This section IS ON the NHS,3,State Highway,SR-347,,1,Rural,3,Principal Arterial - Other,1,State Highway Agency,211,211,33.17252222,-112.0050972,No Special Jurisdiction,12,Motor Vehicle In-Transport,1,Front-to-Rear,0,No,7,Crossover-Related,1,Not an Intersection,None,1,On Roadway,1,Daylight,1,Clear,0,5,5:00am-5:59am,56,6,6:00am-6:59am,9,6,6:00am-6:59am,20,1,0
2019,4,Arizona,40248,2,2,0,0,3,3,0,21,PINAL (21),NOT APPLICABLE,9,4,2019,3,Tuesday,13,1:00pm-1:59pm,3,This section IS ON the NHS,1,Interstate,I-10,,2,Urban,1,Interstate,1,State Highway Agency,1833,1833,33.02789167,-111.7725,No Special Jurisdiction,12,Motor Vehicle In-Transport,7,Sideswipe - Same Direction,0,No,1,Non-Junction,1,Not an Intersection,None,1,On Roadway,1,Daylight,1,Clear,0,13,1:00pm-1:59pm,3,13,1:00pm-1:59pm,5,99,Unknown,Unknown EMS Hospital Arrival Time,1,1
2019,4,Arizona,40249,1,1,0,0,1,1,0,19,PIMA (19),NOT APPLICABLE,9,4,2019,3,Tuesday,16,4:00pm-4:59pm,28,This section IS ON the NHS,1,Interstate,I-10,,1,Rural,1,Interstate,1,State Highway Agency,2913,2913,31.98138056,-110.5348722,No Special Jurisdiction,35,Embankment,0,The First Harmful Event was Not a Collision with a Motor Vehicle in Transport,0,No,1,Non-Junction,1,Not an Intersection,None,4,On Roadside,1,Daylight,1,Clear,0,16,4:00pm-4:59pm,28,16,4:00pm-4:59pm,33,88,Not Applicable (Not Transported),Not Applicable (Not Transported),1,0
2019,4,Arizona,40250,1,1,0,0,1,1,0,21,PINAL (21),NOT APPLICABLE,9,4,2019,3,Tuesday,22,10:00pm-10:59pm,0,This section IS NOT on the NHS,3,State Highway,SR-77,,1,Rural,4,Minor Arterial,1,State Highway Agency,380,380,32.65234722,-110.7039056,No Special Jurisdiction,35,Embankment,0,The First Harmful Event was Not a Collision with a Motor Vehicle in Transport,0,No,1,Non-Junction,1,Not an Intersection,None,4,On Roadside,2,Dark - Not Lighted,1,Clear,0,22,10:00pm-10:59pm,4,22,10:00pm-10:59pm,15,23,11:00pm-11:59pm,47,1,0
2019,4,Arizona,40251,2,2,0,0,3,3,0,19,PIMA (19),TUCSON,10,4,2019,4,Wednesday,6,6:00am-6:59am,1,This section IS NOT on the NHS,6,Local Street - Municipality,29TH ST,FREEWAY RD,1,Rural,4,Minor Arterial,4,City or Municipal Highway Agency,0,None,32.19943611,-110.9800361,No Special Jurisdiction,12,Motor Vehicle In-Transport,1,Front-to-Rear,0,No,3,Intersection-Related,2,Four-Way Intersection,None,1,On Roadway,1,Daylight,1,Clear,0,6,6:00am-6:59am,1,6,6:00am-6:59am,8,88,Not Applicable (Not Transported),Not Applicable (Not Transported),1,0
2019,4,Arizona,40252,1,1,0,1,2,2,1,13,MARICOPA (13),PHOENIX,10,4,2019,4,Wednesday,11,11:00am-11:59am,54,This section IS NOT on the NHS,6,Local Street - Municipality,91ST AVE,YALE ST,2,Urban,4,Minor Arterial,4,City or Municipal Highway Agency,0,None,33.47707222,-112.2552,No Special Jurisdiction,15,Non-Motorist on Personal Conveyance,0,The First Harmful Event was Not a Collision with a Motor Vehicle in Transport,0,No,3,Intersection-Related,2,Four-Way Intersection,None,1,On Roadway,1,Daylight,1,Clear,0,99,Unknown,Unknown,99,Unknown EMS Scene Arrival Hour,Unknown EMS Scene Arrival Minutes,99,Unknown,Unknown EMS Hospital Arrival Time,1,0