AccidentYear,STATE,STATENAME,ST_CASE,VE_TOTAL,VE_FORMS,PVH_INVL,PEDS,PERSONS,PERMVIT,PERNOTMVIT,COUNTY,COUNTYNAME,CITYNAME,DAY,MONTH,YEAR,DAY_WEEK,DAY_WEEKNAME,HOUR,HOURNAME,MINUTENAME,NHSNAME,ROUTE,ROUTENAME,TWAY_ID,TWAY_ID2,RUR_URB,RUR_URBNAME,FUNC_SYS,FUNC_SYSNAME,RD_OWNER,RD_OWNERNAME,MILEPT,MILEPTNAME,LATITUDENAME,LONGITUDNAME,SP_JURNAME,HARM_EV,HARM_EVNAME,MAN_COLL,MAN_COLLNAME,RELJCT1,RELJCT1NAME,RELJCT2,RELJCT2NAME,TYP_INT,TYP_INTNAME,WRK_ZONENAME,REL_ROAD,REL_ROADNAME,LGT_COND,LGT_CONDNAME,WEATHER,WEATHERNAME,SCH_BUS,NOT_HOUR,NOT_HOURNAME,NOT_MINNAME,ARR_HOUR,ARR_HOURNAME,ARR_MINNAME,HOSP_HR,HOSP_HRNAME,HOSP_MNNAME,FATALS,DRUNK_DR
2019,4,Arizona,40253,2,2,0,0,3,3,0,13,MARICOPA (13),SCOTTSDALE,11,4,2019,5,Thursday,15,3:00pm-3:59pm,53,This section IS ON the NHS,6,Local Street - Municipality,SCOTTSDALE RD,ROSE LN,2,Urban,3,Principal Arterial - Other,4,City or Municipal Highway Agency,0,None,33.52776389,-111.9258861,No Special Jurisdiction,12,Motor Vehicle In-Transport,6,Angle,0,No,2,Intersection,2,Four-Way Intersection,None,1,On Roadway,1,Daylight,1,Clear,0,99,Unknown,Unknown,99,Unknown EMS Scene Arrival Hour,Unknown EMS Scene Arrival Minutes,99,Unknown,Unknown EMS Hospital Arrival Time,1,0
2019,4,Arizona,40255,1,1,0,1,1,1,1,13,MARICOPA (13),NOT APPLICABLE,11,4,2019,5,Thursday,20,8:00pm-8:59pm,24,This section IS NOT on the NHS,6,Local Street - Municipality,UNIVERSITY DR,56TH ST,2,Urban,5,Major Collector,2,County Highway Agency,0,None,33.4228,-111.71045,No Special Jurisdiction,15,Non-Motorist on Personal Conveyance,0,The First Harmful Event was Not a Collision with a Motor Vehicle in Transport,0,No,2,Intersection,2,Four-Way Intersection,None,1,On Roadway,3,Dark - Lighted,1,Clear,0,99,Unknown,Unknown,99,Unknown EMS Scene Arrival Hour,Unknown EMS Scene Arrival Minutes,99,Unknown,Unknown EMS Hospital Arrival Time,1,0
2019,4,Arizona,40256,2,2,0,0,2,2,0,21,PINAL (21),NOT APPLICABLE,12,4,2019,6,Friday,19,7:00pm-7:59pm,20,This section IS NOT on the NHS,6,Local Street - Municipality,PAPAGO RD,RALSTON RD,1,Rural,5,Major Collector,2,County Highway Agency,0,None,32.985575,-112.1173028,No Special Jurisdiction,12,Motor Vehicle In-Transport,6,Angle,0,No,2,Intersection,2,Four-Way Intersection,None,1,On Roadway,1,Daylight,1,Clear,0,19,7:00pm-7:59pm,23,19,7:00pm-7:59pm,34,99,Unknown,Unknown EMS Hospital Arrival Time,1,1
2019,4,Arizona,40257,7,7,0,0,17,17,0,13,MARICOPA (13),TOLLESON,13,4,2019,7,Saturday,16,4:00pm-4:59pm,12,This section IS ON the NHS,1,Interstate,I-10,,2,Urban,1,Interstate,1,State Highway Agency,1340,1340,33.46216389,-112.2520083,No Special Jurisdiction,12,Motor Vehicle In-Transport,1,Front-to-Rear,0,No,1,Non-Junction,1,Not an Intersection,"Work Zone, Type Unknown",1,On Roadway,1,Daylight,1,Clear,0,16,4:00pm-4:59pm,12,16,4:00pm-4:59pm,14,99,Unknown,Unknown EMS Hospital Arrival Time,1,0
2019,4,Arizona,40258,1,1,0,0,3,3,0,25,YAVAPAI (25),NOT APPLICABLE,13,4,2019,7,Saturday,23,11:00pm-11:59pm,35,This section IS ON the NHS,1,Interstate,I-17,,1,Rural,1,Interstate,1,State Highway Agency,588,588,34.20988889,-112.1167333,No Special Jurisdiction,1,Rollover/Overturn,0,The First Harmful Event was Not a Collision with a Motor Vehicle in Transport,0,No,1,Non-Junction,1,Not an Intersection,None,3,On Median,2,Dark - Not Lighted,1,Clear,0,23,11:00pm-11:59pm,38,23,11:00pm-11:59pm,55,99,Unknown,Unknown EMS Hospital Arrival Time,2,1
2019,4,Arizona,40259,5,5,0,0,7,7,0,21,PINAL (21),NOT APPLICABLE,14,4,2019,1,Sunday,23,11:00pm-11:59pm,20,This section IS ON the NHS,1,Interstate,I-10,,1,Rural,1,Interstate,1,State Highway Agency,2153,2153,32.69079722,-111.4588,No Special Jurisdiction,12,Motor Vehicle In-Transport,7,Sideswipe - Same Direction,0,No,1,Non-Junction,1,Not an Intersection,None,1,On Roadway,2,Dark - Not Lighted,1,Clear,0,23,11:00pm-11:59pm,21,23,11:00pm-11:59pm,57,88,Not Applicable (Not Transported),Not Applicable (Not Transported),1,1
2019,4,Arizona,40260,1,1,0,0,3,3,0,5,COCONINO (5),NOT APPLICABLE,16,4,2019,3,Tuesday,13,1:00pm-1:59pm,51,This section IS NOT on the NHS,2,U.S. Highway,US-89,,1,Rural,3,Principal Arterial - Other,1,State Highway Agency,1041,1041,36.63441111,-111.6508667,Unknown,1,Rollover/Overturn,0,The First Harmful Event was Not a Collision with a Motor Vehicle in Transport,0,No,1,Non-Junction,1,Not an Intersection,None,1,On Roadway,1,Daylight,2,Rain,0,13,1:00pm-1:59pm,55,14,2:00pm-2:59pm,39,99,Unknown,Unknown EMS Hospital Arrival Time,1,1
2019,4,Arizona,40261,1,1,0,0,1,1,0,13,MARICOPA (13),TEMPE,17,4,2019,4,Wednesday,11,11:00am-11:59am,43,This section IS ON the NHS,2,U.S. Highway,US-60,,2,Urban,2,Principal Arterial - Other Freeways and Expressways,1,State Highway Agency,1405,1405,33.38761944,-111.9610917,No Special Jurisdiction,20,Impact Attenuator/Crash Cushion,0,The First Harmful Event was Not a Collision with a Motor Vehicle in Transport,0,No,1,Non-Junction,1,Not an Intersection,None,8,Gore,1,Daylight,1,Clear,0,11,11:00am-11:59am,44,11,11:00am-11:59am,52,12,12:00pm-12:59pm,4,1,0
2019,4,Arizona,40262,3,3,0,1,3,3,1,13,MARICOPA (13),PHOENIX,17,4,2019,4,Wednesday,21,9:00pm-9:59pm,0,This section IS ON the NHS,1,Interstate,I-10,,2,Urban,1,Interstate,1,State Highway Agency,1390,1390,33.46287778,-112.1665944,No Special Jurisdiction,8,Pedestrian,0,The First Harmful Event was Not a Collision with a Motor Vehicle in Transport,0,No,1,Non-Junction,1,Not an Intersection,Construction,1,On Roadway,3,Dark - Lighted,1,Clear,0,21,9:00pm-9:59pm,2,21,9:00pm-9:59pm,15,88,Not Applicable (Not Transported),Not Applicable (Not Transported),1,0
2019,4,Arizona,40263,1,1,0,1,5,5,1,13,MARICOPA (13),PHOENIX,18,4,2019,5,Thursday,8,8:00am-8:59am,22,This section IS ON the NHS,6,Local Street - Municipality,CAVE CREEK RD,,2,Urban,3,Principal Arterial - Other,4,City or Municipal Highway Agency,0,None,33.63554167,-112.0307417,No Special Jurisdiction,8,Pedestrian,0,The First Harmful Event was Not a Collision with a Motor Vehicle in Transport,0,No,1,Non-Junction,1,Not an Intersection,None,1,On Roadway,1,Daylight,1,Clear,0,99,Unknown,Unknown,99,Unknown EMS Scene Arrival Hour,Unknown EMS Scene Arrival Minutes,99,Unknown,Unknown EMS Hospital Arrival Time,1,0
2019,4,Arizona,40264,1,1,0,1,1,1,1,19,PIMA (19),TUCSON,18,4,2019,5,Thursday,14,2:00pm-2:59pm,18,This section IS NOT on the NHS,6,Local Street - Municipality,SPEEDWAY BLVD,WILMOT RD,2,Urban,3,Principal Arterial - Other,4,City or Municipal Highway Agency,0,None,32.23565278,-110.8576639,No Special Jurisdiction,8,Pedestrian,0,The First Harmful Event was Not a Collision with a Motor Vehicle in Transport,0,No,3,Intersection-Related,2,Four-Way Intersection,None,1,On Roadway,1,Daylight,1,Clear,0,14,2:00pm-2:59pm,18,14,2:00pm-2:59pm,19,14,2:00pm-2:59pm,31,1,0
2019,4,Arizona,40265,2,2,0,0,2,2,0,19,PIMA (19),NOT APPLICABLE,19,4,2019,6,Friday,16,4:00pm-4:59pm,5,This section IS NOT on the NHS,6,Local Street - Municipality,1ST AVE,AGAVE DR,2,Urban,3,Principal Arterial - Other,2,County Highway Agency,0,None,32.30543611,-110.9612222,No Special Jurisdiction,12,Motor Vehicle In-Transport,6,Angle,0,No,2,Intersection,2,Four-Way Intersection,None,1,On Roadway,1,Daylight,1,Clear,0,16,4:00pm-4:59pm,6,16,4:00pm-4:59pm,10,99,Unknown,Unknown EMS Hospital Arrival Time,1,0
2019,4,Arizona,40267,2,2,0,0,2,2,0,19,PIMA (19),NOT APPLICABLE,19,4,2019,6,Friday,19,7:00pm-7:59pm,54,This section IS NOT on the NHS,3,State Highway,SR-86,,1,Rural,4,Minor Arterial,1,State Highway Agency,896,896,32.05101944,-111.4189194,Indian Reservation,12,Motor Vehicle In-Transport,2,Front-to-Front,0,No,1,Non-Junction,1,Not an Intersection,None,1,On Roadway,5,Dusk,1,Clear,0,99,Unknown,Unknown,99,Unknown EMS Scene Arrival Hour,Unknown EMS Scene Arrival Minutes,99,Unknown,Unknown EMS Hospital Arrival Time,1,0
2019,4,Arizona,40268,1,1,0,0,2,2,0,21,PINAL (21),NOT APPLICABLE,20,4,2019,7,Saturday,4,4:00am-4:59am,55,This section IS ON the NHS,1,Interstate,I-10,,1,Rural,1,Interstate,1,State Highway Agency,1713,1713,33.174575,-111.8854222,No Special Jurisdiction,1,Rollover/Overturn,0,The First Harmful Event was Not a Collision with a Motor Vehicle in Transport,0,No,1,Non-Junction,1,Not an Intersection,None,3,On Median,6,Dark - Unknown Lighting,1,Clear,0,5,5:00am-5:59am,0,5,5:00am-5:59am,5,88,Not Applicable (Not Transported),Not Applicable (Not Transported),2,1
2019,4,Arizona,40269,1,1,0,1,1,1,1,13,MARICOPA (13),PHOENIX,20,4,2019,7,Saturday,20,8:00pm-8:59pm,16,This section IS NOT on the NHS,6,Local Street - Municipality,GREENWAY RD,,2,Urban,3,Principal Arterial - Other,4,City or Municipal Highway Agency,0,None,33.62621389,-112.0191806,No Special Jurisdiction,8,Pedestrian,0,The First Harmful Event was Not a Collision with a Motor Vehicle in Transport,0,No,1,Non-Junction,1,Not an Intersection,None,1,On Roadway,2,Dark - Not Lighted,1,Clear,0,99,Unknown,Unknown,99,Unknown EMS Scene Arrival Hour,Unknown EMS Scene Arrival Minutes,99,Unknown,Unknown EMS Hospital Arrival Time,1,0
2019,4,Arizona,40270,1,1,0,0,2,2,0,3,COCHISE (3),COCHISE,21,4,2019,1,Sunday,12,12:00pm-12:59pm,35,This section IS NOT on the NHS,6,Local Street - Municipality,DRAGOON RD,,1,Rural,5,Major Collector,2,County Highway Agency,0,None,32.035925,-109.9538889,No Special Jurisdiction,1,Rollover/Overturn,0,The First Harmful Event was Not a Collision with a Motor Vehicle in Transport,0,No,1,Non-Junction,1,Not an Intersection,None,1,On Roadway,1,Daylight,1,Clear,0,12,12:00pm-12:59pm,35,12,12:00pm-12:59pm,58,99,Unknown,Unknown EMS Hospital Arrival Time,1,0
2019,4,Arizona,40271,2,2,0,0,3,3,0,25,YAVAPAI (25),NOT APPLICABLE,22,4,2019,2,Monday,0,0:00am-0:59am,23,This section IS ON the NHS,1,Interstate,I-17,,1,Rural,1,Interstate,1,State Highway Agency,310,310,34.23435556,-112.1112583,No Special Jurisdiction,35,Embankment,0,The First Harmful Event was Not a Collision with a Motor Vehicle in Transport,0,No,1,Non-Junction,1,Not an Intersection,None,3,On Median,2,Dark - Not Lighted,1,Clear,0,0,0:00am-0:59am,23,0,0:00am-0:59am,51,99,Unknown,Unknown EMS Hospital Arrival Time,1,0
2019,4,Arizona,40272,1,1,0,1,1,1,1,13,MARICOPA (13),GLENDALE,23,4,2019,3,Tuesday,20,8:00pm-8:59pm,30,This section IS NOT on the NHS,6,Local Street - Municipality,59TH AVE,MCLELLAN RD,2,Urban,3,Principal Arterial - Other,4,City or Municipal Highway Agency,0,None,33.53325278,-112.1862306,No Special Jurisdiction,8,Pedestrian,0,The First Harmful Event was Not a Collision with a Motor Vehicle in Transport,0,No,3,Intersection-Related,2,Four-Way Intersection,None,1,On Roadway,3,Dark - Lighted,1,Clear,0,99,Unknown,Unknown,99,Unknown EMS Scene Arrival Hour,Unknown EMS Scene Arrival Minutes,99,Unknown,Unknown EMS Hospital Arrival Time,1,0
2019,4,Arizona,40273,2,2,0,0,2,2,0,13,MARICOPA (13),SCOTTSDALE,23,4,2019,3,Tuesday,12,12:00pm-12:59pm,35,This section IS ON the NHS,6,Local Street - Municipality,SHEA BLVD,124TH ST,2,Urban,3,Principal Arterial - Other,4,City or Municipal Highway Agency,0,None,33.58249722,-111.8134389,No Special Jurisdiction,12,Motor Vehicle In-Transport,6,Angle,0,No,2,Intersection,2,Four-Way Intersection,None,1,On Roadway,1,Daylight,10,Cloudy,0,12,12:00pm-12:59pm,35,12,12:00pm-12:59pm,40,13,1:00pm-1:59pm,11,1,0
2019,4,Arizona,40275,1,1,0,0,1,1,0,21,PINAL (21),CASA GRANDE,24,4,2019,4,Wednesday,8,8:00am-8:59am,1,This section IS ON the NHS,1,Interstate,I-8,,1,Rural,1,Interstate,1,State Highway Agency,1757,1757,32.83486667,-111.72235,No Special Jurisdiction,35,Embankment,0,The First Harmful Event was Not a Collision with a Motor Vehicle in Transport,0,No,1,Non-Junction,1,Not an Intersection,None,3,On Median,1,Daylight,1,Clear,0,8,8:00am-8:59am,1,8,8:00am-8:59am,10,88,Not Applicable (Not Transported),Not Applicable (Not Transported),1,0
2019,4,Arizona,40276,1,1,0,0,3,3,0,1,APACHE (1),NOT APPLICABLE,24,4,2019,4,Wednesday,10,10:00am-10:59am,48,This section IS NOT on the NHS,2,U.S. Highway,US-191,,1,Rural,5,Major Collector,1,State Highway Agency,3927,3927,35.46661944,-109.5282722,No Special Jurisdiction,1,Rollover/Overturn,0,The First Harmful Event was Not a Collision with a Motor Vehicle in Transport,0,No,1,Non-Junction,1,Not an Intersection,None,4,On Roadside,1,Daylight,1,Clear,0,10,10:00am-10:59am,48,10,10:00am-10:59am,56,99,Unknown,Unknown EMS Hospital Arrival Time,1,1
2019,4,Arizona,40277,2,2,0,0,2,2,0,27,YUMA (27),NOT APPLICABLE,24,4,2019,4,Wednesday,12,12:00pm-12:59pm,57,This section IS ON the NHS,1,Interstate,I-8,,1,Rural,1,Interstate,1,State Highway Agency,638,638,32.774175,-113.6005944,No Special Jurisdiction,12,Motor Vehicle In-Transport,2,Front-to-Front,0,No,1,Non-Junction,1,Not an Intersection,None,1,On Roadway,1,Daylight,1,Clear,0,13,1:00pm-1:59pm,0,13,1:00pm-1:59pm,25,99,Unknown,Unknown EMS Hospital Arrival Time,1,0
2019,4,Arizona,40279,1,1,0,0,1,1,0,19,PIMA (19),NOT APPLICABLE,26,4,2019,6,Friday,10,10:00am-10:59am,48,This section IS NOT on the NHS,9,Unknown,MADERA CANYON RD,,1,Rural,6,Minor Collector,2,County Highway Agency,0,None,31.75133056,-110.8873444,No Special Jurisdiction,11,Live Animal,0,The First Harmful Event was Not a Collision with a Motor Vehicle in Transport,0,No,1,Non-Junction,1,Not an Intersection,None,1,On Roadway,1,Daylight,1,Clear,0,10,10:00am-10:59am,48,11,11:00am-11:59am,0,88,Not Applicable (Not Transported),Not Applicable (Not Transported),1,0
2019,4,Arizona,40280,5,5,0,0,7,7,0,21,PINAL (21),NOT APPLICABLE,26,4,2019,6,Friday,16,4:00pm-4:59pm,12,This section IS ON the NHS,1,Interstate,I-10,,2,Urban,1,Interstate,1,State Highway Agency,2113,2113,32.72319722,-111.5154611,No Special Jurisdiction,25,Concrete Traffic Barrier,0,The First Harmful Event was Not a Collision with a Motor Vehicle in Transport,0,No,1,Non-Junction,1,Not an Intersection,Construction,3,On Median,1,Daylight,1,Clear,0,16,4:00pm-4:59pm,14,16,4:00pm-4:59pm,30,99,Unknown,Unknown EMS Hospital Arrival Time,1,0
2019,4,Arizona,40281,1,1,0,0,1,1,0,7,GILA (7),NOT APPLICABLE,26,4,2019,6,Friday,17,5:00pm-5:59pm,59,This section IS NOT on the NHS,3,State Highway,SR-87,,1,Rural,5,Major Collector,1,State Highway Agency,1551,1551,34.42165278,-111.5117083,No Special Jurisdiction,24,Guardrail Face,0,The First Harmful Event was Not a Collision with a Motor Vehicle in Transport,0,No,1,Non-Junction,1,Not an Intersection,None,4,On Roadside,1,Daylight,1,Clear,0,17,5:00pm-5:59pm,59,18,6:00pm-6:59pm,9,19,7:00pm-7:59pm,0,1,0
2019,4,Arizona,40282,1,1,0,1,2,2,1,13,MARICOPA (13),MESA,26,4,2019,6,Friday,20,8:00pm-8:59pm,11,This section IS NOT on the NHS,6,Local Street - Municipality,SOUTHERN AVE,,2,Urban,3,Principal Arterial - Other,4,City or Municipal Highway Agency,0,None,33.39334167,-111.8109194,No Special Jurisdiction,8,Pedestrian,0,The First Harmful Event was Not a Collision with a Motor Vehicle in Transport,0,No,1,Non-Junction,1,Not an Intersection,None,1,On Roadway,3,Dark - Lighted,1,Clear,0,99,Unknown,Unknown,99,Unknown EMS Scene Arrival Hour,Unknown EMS Scene Arrival Minutes,99,Unknown,Unknown EMS Hospital Arrival Time,1,0
2019,4,Arizona,40283,1,1,0,0,1,1,0,21,PINAL (21),CASA GRANDE,27,4,2019,7,Saturday,2,2:00am-2:59am,33,This section IS NOT on the NHS,6,Local Street - Municipality,PEART RD,RODEO RD,1,Rural,4,Minor Arterial,4,City or Municipal Highway Agency,0,None,32.92366389,-111.72245,No Special Jurisdiction,35,Embankment,0,The First Harmful Event was Not a Collision with a Motor Vehicle in Transport,0,No,3,Intersection-Related,3,T-Intersection,None,4,On Roadside,2,Dark - Not Lighted,1,Clear,0,2,2:00am-2:59am,33,2,2:00am-2:59am,41,88,Not Applicable (Not Transported),Not Applicable (Not Transported),1,1
2019,4,Arizona,40284,1,1,0,0,1,1,0,25,YAVAPAI (25),NOT APPLICABLE,27,4,2019,7,Saturday,14,2:00pm-2:59pm,48,This section IS ON the NHS,1,Interstate,I-17,,1,Rural,1,Interstate,1,State Highway Agency,966,966,34.62048056,-111.8442111,No Special Jurisdiction,35,Embankment,0,The First Harmful Event was Not a Collision with a Motor Vehicle in Transport,0,No,1,Non-Junction,1,Not an Intersection,None,4,On Roadside,1,Daylight,1,Clear,0,14,2:00pm-2:59pm,48,14,2:00pm-2:59pm,52,88,Not Applicable (Not Transported),Not Applicable (Not Transported),1,0
2019,4,Arizona,40285,2,2,0,0,2,2,0,13,MARICOPA (13),SCOTTSDALE,28,4,2019,1,Sunday,2,2:00am-2:59am,37,This section IS NOT on the NHS,6,Local Street - Municipality,HAYEDEN RD,CHAPARRAL RD,2,Urban,3,Principal Arterial - Other,4,City or Municipal Highway Agency,0,None,33.50944722,-111.9085167,No Special Jurisdiction,12,Motor Vehicle In-Transport,6,Angle,0,No,2,Intersection,2,Four-Way Intersection,None,1,On Roadway,3,Dark - Lighted,1,Clear,0,2,2:00am-2:59am,38,2,2:00am-2:59am,42,3,3:00am-3:59am,7,1,1
2019,4,Arizona,40286,2,1,1,0,2,1,1,13,MARICOPA (13),CHANDLER,28,4,2019,1,Sunday,4,4:00am-4:59am,2,This section IS ON the NHS,1,Interstate,I-10,,2,Urban,1,Interstate,1,State Highway Agency,1592,1592,33.31975833,-111.9720639,No Special Jurisdiction,14,Parked Motor Vehicle,0,The First Harmful Event was Not a Collision with a Motor Vehicle in Transport,0,No,1,Non-Junction,1,Not an Intersection,None,2,On Shoulder,3,Dark - Lighted,1,Clear,0,4,4:00am-4:59am,2,4,4:00am-4:59am,56,88,Not Applicable (Not Transported),Not Applicable (Not Transported),1,0
2019,4,Arizona,40287,2,2,0,0,3,3,0,13,MARICOPA (13),TEMPE,28,4,2019,1,Sunday,6,6:00am-6:59am,46,This section IS ON the NHS,1,Interstate,I-10,,2,Urban,1,Interstate,1,State Highway Agency,1550,1550,33.38196111,-111.9679917,No Special Jurisdiction,12,Motor Vehicle In-Transport,1,Front-to-Rear,0,No,1,Non-Junction,1,Not an Intersection,None,2,On Shoulder,1,Daylight,1,Clear,0,6,6:00am-6:59am,47,6,6:00am-6:59am,57,88,Not Applicable (Not Transported),Not Applicable (Not Transported),1,1
2019,4,Arizona,40288,1,1,0,0,1,1,0,13,MARICOPA (13),TOLLESON,28,4,2019,1,Sunday,8,8:00am-8:59am,46,This section IS ON the NHS,1,Interstate,I-10,,2,Urban,1,Interstate,1,State Highway Agency,1350,1350,33.46241667,-112.2408278,No Special Jurisdiction,1,Rollover/Overturn,0,The First Harmful Event was Not a Collision with a Motor Vehicle in Transport,0,No,1,Non-Junction,1,Not an Intersection,None,4,On Roadside,1,Daylight,1,Clear,0,8,8:00am-8:59am,46,8,8:00am-8:59am,49,9,9:00am-9:59am,25,1,0
2019,4,Arizona,40289,2,2,0,0,4,4,0,13,MARICOPA (13),NOT APPLICABLE,28,4,2019,1,Sunday,14,2:00pm-2:59pm,26,This section IS NOT on the NHS,3,State Highway,SR-88,,1,Rural,5,Major Collector,1,State Highway Agency,118,118,33.51972222,-111.4508472,No Special Jurisdiction,12,Motor Vehicle In-Transport,6,Angle,0,No,1,Non-Junction,1,Not an Intersection,None,1,On Roadway,1,Daylight,1,Clear,0,14,2:00pm-2:59pm,28,14,2:00pm-2:59pm,56,99,Unknown,Terminated Transport,1,0
2019,4,Arizona,40290,2,2,0,0,1,1,0,13,MARICOPA (13),PHOENIX,6,4,2019,7,Saturday,15,3:00pm-3:59pm,52,This section IS NOT on the NHS,6,Local Street - Municipality,W GRANDVIEW RD,,2,Urban,7,Local,4,City or Municipal Highway Agency,0,None,33.63324722,-112.13215,No Special Jurisdiction,12,Motor Vehicle In-Transport,99,Reported as Unknown,0,No,99,Reported as Unknown,99,Reported as Unknown,None,99,Reported as Unknown,9,Reported as Unknown,99,Reported as Unknown,0,99,Unknown,Unknown,99,Unknown EMS Scene Arrival Hour,Unknown EMS Scene Arrival Minutes,99,Unknown,Unknown EMS Hospital Arrival Time,1,0
2019,4,Arizona,40291,1,1,0,0,1,1,0,13,MARICOPA (13),PHOENIX,7,4,2019,1,Sunday,13,1:00pm-1:59pm,57,This section IS NOT on the NHS,3,State Highway,SR-74 CAREFREE HWY,,2,Urban,4,Minor Arterial,4,City or Municipal Highway Agency,0,None,33.79844444,-112.1170222,No Special Jurisdiction,33,Curb,0,The First Harmful Event was Not a Collision with a Motor Vehicle in Transport,0,No,1,Non-Junction,1,Not an Intersection,None,3,On Median,1,Daylight,1,Clear,0,13,1:00pm-1:59pm,57,14,2:00pm-2:59pm,5,14,2:00pm-2:59pm,37,1,0
2019,4,Arizona,40292,2,2,0,0,6,6,0,13,MARICOPA (13),PHOENIX,7,4,2019,1,Sunday,9,9:00am-9:59am,13,This section IS NOT on the NHS,6,Local Street - Municipality,BETHANY HOME RD,29TH AVE,2,Urban,4,Minor Arterial,4,City or Municipal Highway Agency,0,None,33.52403333,-112.1214,No Special Jurisdiction,12,Motor Vehicle In-Transport,6,Angle,0,No,2,Intersection,2,Four-Way Intersection,None,1,On Roadway,1,Daylight,1,Clear,0,9,9:00am-9:59am,13,9,9:00am-9:59am,13,9,9:00am-9:59am,36,3,0
2019,4,Arizona,40293,1,1,0,1,1,1,1,13,MARICOPA (13),PHOENIX,10,4,2019,4,Wednesday,23,11:00pm-11:59pm,32,This section IS ON the NHS,6,Local Street - Municipality,INDIAN SCHOOL RD,,2,Urban,3,Principal Arterial - Other,4,City or Municipal Highway Agency,0,None,33.494775,-112.0740472,No Special Jurisdiction,8,Pedestrian,0,The First Harmful Event was Not a Collision with a Motor Vehicle in Transport,0,No,1,Non-Junction,1,Not an Intersection,None,1,On Roadway,3,Dark - Lighted,1,Clear,0,99,Unknown,Unknown,99,Unknown EMS Scene Arrival Hour,Unknown EMS Scene Arrival Minutes,88,Not Applicable (Not Transported),Not Applicable (Not Transported),1,0
2019,4,Arizona,40294,1,1,0,1,1,1,1,13,MARICOPA (13),PHOENIX,12,4,2019,6,Friday,22,10:00pm-10:59pm,54,This section IS ON the NHS,6,Local Street - Municipality,7TH ST,,2,Urban,3,Principal Arterial - Other,4,City or Municipal Highway Agency,0,None,33.57166111,-112.0651889,No Special Jurisdiction,8,Pedestrian,0,The First Harmful Event was Not a Collision with a Motor Vehicle in Transport,0,No,1,Non-Junction,1,Not an Intersection,None,1,On Roadway,3,Dark - Lighted,1,Clear,0,22,10:00pm-10:59pm,55,22,10:00pm-10:59pm,57,23,11:00pm-11:59pm,14,1,0
2019,4,Arizona,40295,2,2,0,0,3,3,0,13,MARICOPA (13),PHOENIX,13,4,2019,7,Saturday,10,10:00am-10:59am,1,This section IS ON the NHS,6,Local Street - Municipality,INDIAN SCHOOL RD,,2,Urban,3,Principal Arterial - Other,4,City or Municipal Highway Agency,0,None,33.49503333,-112.17635,No Special Jurisdiction,12,Motor Vehicle In-Transport,6,Angle,0,No,8,Driveway Access Related,1,Not an Intersection,None,1,On Roadway,1,Daylight,1,Clear,0,10,10:00am-10:59am,2,10,10:00am-10:59am,2,10,10:00am-10:59am,22,1,0
2019,4,Arizona,40296,1,1,0,1,3,3,1,13,MARICOPA (13),PHOENIX,13,4,2019,7,Saturday,22,10:00pm-10:59pm,13,This section IS ON the NHS,6,Local Street - Municipality,INDIAN SCHOOL RD,,2,Urban,3,Principal Arterial - Other,4,City or Municipal Highway Agency,0,None,33.49495278,-112.1711639,No Special Jurisdiction,8,Pedestrian,0,The First Harmful Event was Not a Collision with a Motor Vehicle in Transport,0,No,1,Non-Junction,1,Not an Intersection,None,1,On Roadway,3,Dark - Lighted,1,Clear,0,22,10:00pm-10:59pm,14,22,10:00pm-10:59pm,18,22,10:00pm-10:59pm,32,1,0
2019,4,Arizona,40297,1,1,0,1,1,1,1,13,MARICOPA (13),TEMPE,16,4,2019,3,Tuesday,17,5:00pm-5:59pm,38,This section IS NOT on the NHS,6,Local Street - Municipality,CURRY RD,,2,Urban,4,Minor Arterial,4,City or Municipal Highway Agency,0,None,33.43916944,-111.9382611,No Special Jurisdiction,8,Pedestrian,0,The First Harmful Event was Not a Collision with a Motor Vehicle in Transport,0,No,1,Non-Junction,1,Not an Intersection,None,1,On Roadway,1,Daylight,1,Clear,0,17,5:00pm-5:59pm,38,17,5:00pm-5:59pm,42,18,6:00pm-6:59pm,18,1,0
2019,4,Arizona,40298,1,1,0,1,1,1,1,13,MARICOPA (13),AVONDALE,20,4,2019,7,Saturday,5,5:00am-5:59am,23,This section IS NOT on the NHS,6,Local Street - Municipality,BUCKEY RD,107TH AVE,2,Urban,3,Principal Arterial - Other,2,County Highway Agency,0,None,33.43545278,-112.2897,No Special Jurisdiction,8,Pedestrian,0,The First Harmful Event was Not a Collision with a Motor Vehicle in Transport,0,No,3,Intersection-Related,2,Four-Way Intersection,None,1,On Roadway,4,Dawn,1,Clear,0,5,5:00am-5:59am,23,5,5:00am-5:59am,32,88,Not Applicable (Not Transported),Not Applicable (Not Transported),1,0