AccidentYear,STATE,STATENAME,ST_CASE,VE_TOTAL,VE_FORMS,PVH_INVL,PEDS,PERSONS,PERMVIT,PERNOTMVIT,COUNTY,COUNTYNAME,CITYNAME,DAY,MONTH,YEAR,DAY_WEEK,DAY_WEEKNAME,HOUR,HOURNAME,MINUTENAME,NHSNAME,ROUTE,ROUTENAME,TWAY_ID,TWAY_ID2,RUR_URB,RUR_URBNAME,FUNC_SYS,FUNC_SYSNAME,RD_OWNER,RD_OWNERNAME,MILEPT,MILEPTNAME,LATITUDENAME,LONGITUDNAME,SP_JURNAME,HARM_EV,HARM_EVNAME,MAN_COLL,MAN_COLLNAME,RELJCT1,RELJCT1NAME,RELJCT2,RELJCT2NAME,TYP_INT,TYP_INTNAME,WRK_ZONENAME,REL_ROAD,REL_ROADNAME,LGT_COND,LGT_CONDNAME,WEATHER,WEATHERNAME,SCH_BUS,NOT_HOUR,NOT_HOURNAME,NOT_MINNAME,ARR_HOUR,ARR_HOURNAME,ARR_MINNAME,HOSP_HR,HOSP_HRNAME,HOSP_MNNAME,FATALS,DRUNK_DR
2019,4,Arizona,40626,2,2,0,0,2,2,0,13,MARICOPA (13),MESA,5,9,2019,5,Thursday,8,8:00am-8:59am,44,This section IS ON the NHS,6,Local Street - Municipality,COUNTRY CLUB DR,,2,Urban,3,Principal Arterial - Other,4,City or Municipal Highway Agency,0,None,33.40493889,-111.8400833,No Special Jurisdiction,12,Motor Vehicle In-Transport,6,Angle,0,No,8,Driveway Access Related,1,Not an Intersection,None,1,On Roadway,1,Daylight,1,Clear,0,8,8:00am-8:59am,44,8,8:00am-8:59am,50,9,9:00am-9:59am,0,1,1
2019,4,Arizona,40627,1,1,0,0,6,6,0,13,MARICOPA (13),SCOTTSDALE,8,9,2019,1,Sunday,18,6:00pm-6:59pm,41,This section IS NOT on the NHS,9,Unknown,STETSON DR,CIVIC CENTER PLZA,2,Urban,7,Local,98,Not Reported,0,None,33.49955278,-111.921375,No Special Jurisdiction,5,Fell/Jumped from Vehicle,0,The First Harmful Event was Not a Collision with a Motor Vehicle in Transport,0,No,2,Intersection,2,Four-Way Intersection,None,1,On Roadway,5,Dusk,1,Clear,0,18,6:00pm-6:59pm,41,18,6:00pm-6:59pm,46,18,6:00pm-6:59pm,56,1,0
2019,4,Arizona,40628,1,1,0,1,4,4,1,21,PINAL (21),FLORENCE,9,9,2019,2,Monday,22,10:00pm-10:59pm,59,This section IS NOT on the NHS,6,Local Street - Municipality,PARK ST,ELLIOTT ST,2,Urban,5,Major Collector,4,City or Municipal Highway Agency,0,None,33.02431389,-111.3832194,No Special Jurisdiction,8,Pedestrian,0,The First Harmful Event was Not a Collision with a Motor Vehicle in Transport,0,No,3,Intersection-Related,4,Y-Intersection,None,1,On Roadway,2,Dark - Not Lighted,1,Clear,0,22,10:00pm-10:59pm,59,99,Unknown EMS Scene Arrival Hour,Unknown EMS Scene Arrival Minutes,99,Unknown,Unknown EMS Hospital Arrival Time,1,1
2019,4,Arizona,40629,1,1,0,0,1,1,0,19,PIMA (19),TUCSON,10,9,2019,3,Tuesday,0,0:00am-0:59am,24,This section IS NOT on the NHS,6,Local Street - Municipality,MISSION RD,,2,Urban,99,Unknown,4,City or Municipal Highway Agency,0,None,32.16804722,-111.0059972,No Special Jurisdiction,59,Traffic Sign Support,0,The First Harmful Event was Not a Collision with a Motor Vehicle in Transport,0,No,1,Non-Junction,1,Not an Intersection,None,4,On Roadside,3,Dark - Lighted,1,Clear,0,0,0:00am-0:59am,12,0,0:00am-0:59am,19,88,Not Applicable (Not Transported),Not Applicable (Not Transported),1,1
2019,4,Arizona,40631,1,1,0,0,1,1,0,17,NAVAJO (17),NOT APPLICABLE,16,9,2019,2,Monday,9,9:00am-9:59am,7,This section IS ON the NHS,3,State Highway,SR-260,,1,Rural,3,Principal Arterial - Other,1,State Highway Agency,1369,1369,34.36736944,-110.3731056,No Special Jurisdiction,1,Rollover/Overturn,0,The First Harmful Event was Not a Collision with a Motor Vehicle in Transport,0,No,1,Non-Junction,1,Not an Intersection,None,4,On Roadside,1,Daylight,1,Clear,0,99,Unknown,Unknown,99,Unknown EMS Scene Arrival Hour,Unknown EMS Scene Arrival Minutes,99,Unknown,Unknown EMS Hospital Arrival Time,1,0
2019,4,Arizona,40632,1,1,0,0,1,1,0,25,YAVAPAI (25),CORNVILLE,19,9,2019,5,Thursday,14,2:00pm-2:59pm,45,This section IS NOT on the NHS,4,County Road,CR-BEAVERHEAD FLATS RD,,1,Rural,5,Major Collector,2,County Highway Agency,0,None,34.700775,-111.8310083,No Special Jurisdiction,41,Shrubbery,0,The First Harmful Event was Not a Collision with a Motor Vehicle in Transport,0,No,1,Non-Junction,1,Not an Intersection,None,4,On Roadside,1,Daylight,1,Clear,0,14,2:00pm-2:59pm,53,15,3:00pm-3:59pm,0,88,Not Applicable (Not Transported),Not Applicable (Not Transported),1,1
2019,4,Arizona,40633,2,2,0,0,3,3,0,21,PINAL (21),CASA GRANDE,22,9,2019,1,Sunday,8,8:00am-8:59am,15,This section IS NOT on the NHS,6,Local Street - Municipality,EARLEY RD,PEART RD,2,Urban,4,Minor Arterial,4,City or Municipal Highway Agency,0,None,32.86495,-111.7228833,No Special Jurisdiction,12,Motor Vehicle In-Transport,6,Angle,0,No,2,Intersection,2,Four-Way Intersection,None,1,On Roadway,1,Daylight,1,Clear,0,8,8:00am-8:59am,15,8,8:00am-8:59am,20,99,Unknown,Unknown EMS Hospital Arrival Time,1,0
2019,4,Arizona,40634,1,1,0,1,1,1,1,13,MARICOPA (13),GILBERT,24,9,2019,3,Tuesday,16,4:00pm-4:59pm,33,This section IS NOT on the NHS,6,Local Street - Municipality,GREENFIELD RD,,2,Urban,4,Minor Arterial,4,City or Municipal Highway Agency,0,None,33.35747222,-111.7386417,No Special Jurisdiction,9,Pedalcyclist,0,The First Harmful Event was Not a Collision with a Motor Vehicle in Transport,0,No,1,Non-Junction,1,Not an Intersection,None,1,On Roadway,1,Daylight,1,Clear,0,16,4:00pm-4:59pm,33,16,4:00pm-4:59pm,40,17,5:00pm-5:59pm,0,1,0
2019,4,Arizona,40635,1,1,0,1,1,1,1,5,COCONINO (5),LEUPP,26,1,2019,7,Saturday,12,12:00pm-12:59pm,39,This section IS NOT on the NHS,8,Other,BIA 15,,1,Rural,5,Major Collector,62,Bureau of Indian Affairs,0,None,35.29749444,-111.0179806,Indian Reservation,8,Pedestrian,0,The First Harmful Event was Not a Collision with a Motor Vehicle in Transport,0,No,99,Reported as Unknown,99,Reported as Unknown,None,99,Reported as Unknown,1,Daylight,99,Reported as Unknown,0,99,Unknown,Unknown,99,Unknown EMS Scene Arrival Hour,Unknown EMS Scene Arrival Minutes,99,Unknown,Unknown EMS Hospital Arrival Time,1,0
2019,4,Arizona,40636,1,1,0,0,1,1,0,1,APACHE (1),GREER,11,7,2019,5,Thursday,14,2:00pm-2:59pm,0,This section IS NOT on the NHS,3,State Highway,SR-373,,1,Rural,98,Not Reported,1,State Highway Agency,99998,Not Reported,Reported as Unknown,Reported as Unknown,No Special Jurisdiction,99,Reported as Unknown,99,Reported as Unknown,9,Reported as Unknown,99,Reported as Unknown,99,Reported as Unknown,None,99,Reported as Unknown,1,Daylight,99,Reported as Unknown,0,99,Unknown,Unknown,99,Unknown EMS Scene Arrival Hour,Unknown EMS Scene Arrival Minutes,99,Unknown,Unknown EMS Hospital Arrival Time,1,0
2019,4,Arizona,40637,1,1,0,0,1,1,0,13,MARICOPA (13),NOT APPLICABLE,8,8,2019,5,Thursday,16,4:00pm-4:59pm,54,This section IS NOT on the NHS,4,County Road,CR-MCDOWELL MOUNTAIN RD,,1,Rural,5,Major Collector,2,County Highway Agency,0,None,33.71009444,-111.6870528,No Special Jurisdiction,52,Guardrail End,0,The First Harmful Event was Not a Collision with a Motor Vehicle in Transport,0,No,1,Non-Junction,1,Not an Intersection,None,4,On Roadside,1,Daylight,1,Clear,0,16,4:00pm-4:59pm,54,17,5:00pm-5:59pm,4,18,6:00pm-6:59pm,0,1,1
2019,4,Arizona,40639,1,1,0,0,2,2,0,13,MARICOPA (13),NOT APPLICABLE,24,8,2019,7,Saturday,20,8:00pm-8:59pm,13,This section IS NOT on the NHS,4,County Road,CR-DYSART RD,COLTER ST,2,Urban,3,Principal Arterial - Other,2,County Highway Agency,0,None,33.511375,-112.3409056,No Special Jurisdiction,1,Rollover/Overturn,0,The First Harmful Event was Not a Collision with a Motor Vehicle in Transport,0,No,3,Intersection-Related,2,Four-Way Intersection,None,4,On Roadside,3,Dark - Lighted,1,Clear,0,20,8:00pm-8:59pm,13,20,8:00pm-8:59pm,23,20,8:00pm-8:59pm,35,1,0
2019,4,Arizona,40640,1,1,0,0,1,1,0,13,MARICOPA (13),GILA BEND,25,8,2019,1,Sunday,7,7:00am-7:59am,44,This section IS NOT on the NHS,5,Local Street - Township,OLD US 80,,1,Rural,5,Major Collector,3,Town or Township Highway Agency,0,None,32.966975,-112.6878778,No Special Jurisdiction,52,Guardrail End,0,The First Harmful Event was Not a Collision with a Motor Vehicle in Transport,0,No,1,Non-Junction,1,Not an Intersection,None,4,On Roadside,2,Dark - Not Lighted,1,Clear,0,7,7:00am-7:59am,22,7,7:00am-7:59am,32,88,Not Applicable (Not Transported),Not Applicable (Not Transported),1,1
2019,4,Arizona,40642,1,1,0,1,1,1,1,13,MARICOPA (13),PHOENIX,10,9,2019,3,Tuesday,6,6:00am-6:59am,55,This section IS ON the NHS,6,Local Street - Municipality,INDIAN SCHOOL RD,,2,Urban,3,Principal Arterial - Other,4,City or Municipal Highway Agency,0,None,33.49493333,-112.159175,No Special Jurisdiction,9,Pedalcyclist,0,The First Harmful Event was Not a Collision with a Motor Vehicle in Transport,0,No,1,Non-Junction,1,Not an Intersection,None,1,On Roadway,1,Daylight,1,Clear,0,99,Unknown,Unknown,99,Unknown EMS Scene Arrival Hour,Unknown EMS Scene Arrival Minutes,99,Unknown,Unknown EMS Hospital Arrival Time,1,0
2019,4,Arizona,40643,1,1,0,1,1,1,1,19,PIMA (19),TUCSON,21,9,2019,7,Saturday,22,10:00pm-10:59pm,25,This section IS NOT on the NHS,6,Local Street - Municipality,GRANT RD,,2,Urban,3,Principal Arterial - Other,4,City or Municipal Highway Agency,0,None,32.25060556,-110.9017528,No Special Jurisdiction,8,Pedestrian,0,The First Harmful Event was Not a Collision with a Motor Vehicle in Transport,0,No,1,Non-Junction,1,Not an Intersection,None,1,On Roadway,3,Dark - Lighted,1,Clear,0,22,10:00pm-10:59pm,25,22,10:00pm-10:59pm,29,22,10:00pm-10:59pm,54,1,0
2019,4,Arizona,40644,1,1,0,1,1,1,1,19,PIMA (19),TUCSON,23,9,2019,2,Monday,21,9:00pm-9:59pm,6,This section IS NOT on the NHS,3,State Highway,SR-86,,2,Urban,3,Principal Arterial - Other,1,State Highway Agency,1174,1174,32.17788056,-110.9926028,No Special Jurisdiction,8,Pedestrian,0,The First Harmful Event was Not a Collision with a Motor Vehicle in Transport,0,No,1,Non-Junction,1,Not an Intersection,Construction,1,On Roadway,2,Dark - Not Lighted,2,Rain,0,21,9:00pm-9:59pm,8,21,9:00pm-9:59pm,17,21,9:00pm-9:59pm,41,1,0
2019,4,Arizona,40645,2,2,0,0,3,3,0,19,PIMA (19),TUCSON,30,9,2019,2,Monday,20,8:00pm-8:59pm,9,This section IS NOT on the NHS,6,Local Street - Municipality,BROADWAY BLVD,SARNOFF DR,2,Urban,3,Principal Arterial - Other,4,City or Municipal Highway Agency,0,None,32.22089167,-110.8153583,No Special Jurisdiction,12,Motor Vehicle In-Transport,6,Angle,0,No,2,Intersection,4,Y-Intersection,None,1,On Roadway,3,Dark - Lighted,1,Clear,0,99,Unknown,Unknown,99,Unknown EMS Scene Arrival Hour,Unknown EMS Scene Arrival Minutes,99,Unknown,Unknown EMS Hospital Arrival Time,2,0
2019,4,Arizona,40646,2,2,0,0,3,3,0,21,PINAL (21),NOT APPLICABLE,1,8,2019,5,Thursday,12,12:00pm-12:59pm,22,This section IS NOT on the NHS,4,County Road,CR-FLORENCE KELVIN HWY,,1,Rural,5,Major Collector,2,County Highway Agency,0,None,32.99865,-111.073,No Special Jurisdiction,12,Motor Vehicle In-Transport,2,Front-to-Front,0,No,1,Non-Junction,1,Not an Intersection,None,1,On Roadway,1,Daylight,1,Clear,0,12,12:00pm-12:59pm,22,13,1:00pm-1:59pm,10,99,Unknown,Unknown EMS Hospital Arrival Time,1,0
2019,4,Arizona,40647,1,1,0,0,1,1,0,21,PINAL (21),CASA GRANDE,2,8,2019,6,Friday,13,1:00pm-1:59pm,30,This section IS NOT on the NHS,4,County Road,CR-CLAYTON RD,,1,Rural,98,Not Reported,2,County Highway Agency,0,None,32.89396389,-111.799175,No Special Jurisdiction,38,Fence,0,The First Harmful Event was Not a Collision with a Motor Vehicle in Transport,0,No,1,Non-Junction,1,Not an Intersection,None,4,On Roadside,1,Daylight,1,Clear,0,13,1:00pm-1:59pm,31,13,1:00pm-1:59pm,46,88,Not Applicable (Not Transported),Not Applicable (Not Transported),1,0
2019,4,Arizona,40648,1,1,0,1,1,1,1,13,MARICOPA (13),PHOENIX,8,8,2019,5,Thursday,2,2:00am-2:59am,32,This section IS ON the NHS,6,Local Street - Municipality,51ST AVE,CAMPBELL AVE,2,Urban,3,Principal Arterial - Other,4,City or Municipal Highway Agency,0,None,33.50214444,-112.1688722,No Special Jurisdiction,8,Pedestrian,0,The First Harmful Event was Not a Collision with a Motor Vehicle in Transport,0,No,3,Intersection-Related,2,Four-Way Intersection,None,1,On Roadway,3,Dark - Lighted,1,Clear,0,2,2:00am-2:59am,32,2,2:00am-2:59am,33,2,2:00am-2:59am,39,1,0
2019,4,Arizona,40650,2,2,0,0,3,3,0,13,MARICOPA (13),PHOENIX,14,8,2019,4,Wednesday,5,5:00am-5:59am,39,This section IS NOT on the NHS,6,Local Street - Municipality,LOWER BUCKEY RD,SR-202,2,Urban,4,Minor Arterial,4,City or Municipal Highway Agency,0,None,33.42255,-112.1889528,No Special Jurisdiction,12,Motor Vehicle In-Transport,6,Angle,1,Yes,2,Intersection,3,T-Intersection,Construction,1,On Roadway,1,Daylight,1,Clear,0,5,5:00am-5:59am,39,5,5:00am-5:59am,46,88,Not Applicable (Not Transported),Not Applicable (Not Transported),1,0
2019,4,Arizona,40651,1,1,0,0,1,1,0,3,COCHISE (3),Unknown,14,8,2019,4,Wednesday,6,6:00am-6:59am,12,This section IS NOT on the NHS,8,Other,BIA 6,,1,Rural,98,Not Reported,62,Bureau of Indian Affairs,99998,Not Reported,Reported as Unknown,Reported as Unknown,Indian Reservation,99,Reported as Unknown,98,Not Reported,9,Reported as Unknown,99,Reported as Unknown,98,Not Reported,None,98,Not Reported,4,Dawn,98,Not Reported,0,99,Unknown,Unknown,99,Unknown EMS Scene Arrival Hour,Unknown EMS Scene Arrival Minutes,88,Not Applicable (Not Transported),Not Applicable (Not Transported),1,0
2019,4,Arizona,40652,2,2,0,0,2,2,0,13,MARICOPA (13),PHOENIX,15,8,2019,5,Thursday,9,9:00am-9:59am,2,This section IS NOT on the NHS,6,Local Street - Municipality,19TH AVE,,2,Urban,3,Principal Arterial - Other,4,City or Municipal Highway Agency,0,None,33.47903889,-112.1000167,No Special Jurisdiction,12,Motor Vehicle In-Transport,2,Front-to-Front,0,No,1,Non-Junction,1,Not an Intersection,None,1,On Roadway,1,Daylight,1,Clear,0,99,Unknown,Unknown,99,Unknown EMS Scene Arrival Hour,Unknown EMS Scene Arrival Minutes,99,Unknown,Unknown EMS Hospital Arrival Time,1,0
2019,4,Arizona,40653,1,1,0,1,1,1,1,13,MARICOPA (13),CHANDLER,16,8,2019,6,Friday,6,6:00am-6:59am,15,This section IS NOT on the NHS,6,Local Street - Municipality,RAY RD,,2,Urban,3,Principal Arterial - Other,4,City or Municipal Highway Agency,0,None,33.32067222,-111.8441056,No Special Jurisdiction,15,Non-Motorist on Personal Conveyance,0,The First Harmful Event was Not a Collision with a Motor Vehicle in Transport,0,No,1,Non-Junction,1,Not an Intersection,None,1,On Roadway,1,Daylight,1,Clear,0,6,6:00am-6:59am,20,6,6:00am-6:59am,25,6,6:00am-6:59am,34,1,0
2019,4,Arizona,40654,1,1,0,0,1,1,0,13,MARICOPA (13),FORT MCDOWELL,17,8,2019,7,Saturday,6,6:00am-6:59am,28,This section IS ON the NHS,3,State Highway,SR-87,,2,Urban,3,Principal Arterial - Other,1,State Highway Agency,99999,Unknown,Reported as Unknown,Reported as Unknown,No Special Jurisdiction,99,Reported as Unknown,99,Reported as Unknown,9,Reported as Unknown,99,Reported as Unknown,99,Reported as Unknown,None,99,Reported as Unknown,1,Daylight,99,Reported as Unknown,0,88,Not Applicable (Not Notified),Not Applicable (Not Notified),88,Not Applicable,Not Applicable,88,Not Applicable (Not Transported),Not Applicable (Not Transported),1,0
2019,4,Arizona,40655,1,1,0,0,4,4,0,21,PINAL (21),ELOY,21,8,2019,4,Wednesday,21,9:00pm-9:59pm,47,This section IS NOT on the NHS,6,Local Street - Municipality,CORNMAN RD,,1,Rural,99,Unknown,4,City or Municipal Highway Agency,0,None,32.83571389,-111.6127361,No Special Jurisdiction,58,Ground,0,The First Harmful Event was Not a Collision with a Motor Vehicle in Transport,0,No,1,Non-Junction,1,Not an Intersection,None,1,On Roadway,6,Dark - Unknown Lighting,1,Clear,0,99,Unknown,Unknown,99,Unknown EMS Scene Arrival Hour,Unknown EMS Scene Arrival Minutes,99,Unknown,Unknown EMS Hospital Arrival Time,2,0
2019,4,Arizona,40656,2,2,0,0,3,3,0,13,MARICOPA (13),PHOENIX,22,8,2019,5,Thursday,4,4:00am-4:59am,25,This section IS NOT on the NHS,6,Local Street - Municipality,43RD AVE,,2,Urban,4,Minor Arterial,4,City or Municipal Highway Agency,0,None,33.45182222,-112.1517722,No Special Jurisdiction,12,Motor Vehicle In-Transport,6,Angle,0,No,8,Driveway Access Related,1,Not an Intersection,None,1,On Roadway,3,Dark - Lighted,1,Clear,0,4,4:00am-4:59am,26,4,4:00am-4:59am,35,99,Unknown,Unknown EMS Hospital Arrival Time,1,0
2019,4,Arizona,40657,1,1,0,0,1,1,0,13,MARICOPA (13),PHOENIX,24,8,2019,7,Saturday,18,6:00pm-6:59pm,40,This section IS ON the NHS,6,Local Street - Municipality,INDIAN SCHOOL RD,,2,Urban,3,Principal Arterial - Other,4,City or Municipal Highway Agency,0,None,33.49499444,-112.092625,No Special Jurisdiction,40,Fire Hydrant,0,The First Harmful Event was Not a Collision with a Motor Vehicle in Transport,0,No,1,Non-Junction,1,Not an Intersection,None,4,On Roadside,3,Dark - Lighted,1,Clear,0,18,6:00pm-6:59pm,41,18,6:00pm-6:59pm,42,88,Not Applicable (Not Transported),Not Applicable (Not Transported),1,1
2019,4,Arizona,40658,1,1,0,1,1,1,1,13,MARICOPA (13),PHOENIX,24,8,2019,7,Saturday,23,11:00pm-11:59pm,4,This section IS ON the NHS,6,Local Street - Municipality,BELL RD,21ST ST,2,Urban,3,Principal Arterial - Other,4,City or Municipal Highway Agency,0,None,33.64014444,-112.1056639,No Special Jurisdiction,8,Pedestrian,0,The First Harmful Event was Not a Collision with a Motor Vehicle in Transport,0,No,3,Intersection-Related,2,Four-Way Intersection,None,1,On Roadway,3,Dark - Lighted,1,Clear,0,99,Unknown,Unknown,99,Unknown EMS Scene Arrival Hour,Unknown EMS Scene Arrival Minutes,99,Unknown,Unknown EMS Hospital Arrival Time,1,0
2019,4,Arizona,40659,1,1,0,0,2,2,0,25,YAVAPAI (25),PRESCOTT,31,8,2019,7,Saturday,1,1:00am-1:59am,38,This section IS NOT on the NHS,4,County Road,CR-WILLIAMSON VALLEY RD,,2,Urban,5,Major Collector,2,County Highway Agency,0,None,34.61940278,-112.4930833,No Special Jurisdiction,1,Rollover/Overturn,0,The First Harmful Event was Not a Collision with a Motor Vehicle in Transport,0,No,1,Non-Junction,1,Not an Intersection,None,4,On Roadside,2,Dark - Not Lighted,1,Clear,0,1,1:00am-1:59am,40,1,1:00am-1:59am,56,99,Unknown,Unknown EMS Hospital Arrival Time,1,1
2019,4,Arizona,40660,1,1,0,0,1,1,0,13,MARICOPA (13),NOT APPLICABLE,31,8,2019,7,Saturday,10,10:00am-10:59am,27,This section IS NOT on the NHS,2,U.S. Highway,US-80,,1,Rural,5,Major Collector,2,County Highway Agency,99999,Unknown,33.17972222,-112.6941583,No Special Jurisdiction,30,Utility Pole/Light Support,0,The First Harmful Event was Not a Collision with a Motor Vehicle in Transport,0,No,1,Non-Junction,1,Not an Intersection,None,4,On Roadside,1,Daylight,1,Clear,0,10,10:00am-10:59am,27,10,10:00am-10:59am,45,11,11:00am-11:59am,10,1,0
2019,4,Arizona,40661,1,1,0,1,1,1,1,13,MARICOPA (13),PHOENIX,31,8,2019,7,Saturday,14,2:00pm-2:59pm,20,This section IS NOT on the NHS,6,Local Street - Municipality,35TH AVE,,2,Urban,3,Principal Arterial - Other,4,City or Municipal Highway Agency,0,None,33.453225,-112.1344833,No Special Jurisdiction,9,Pedalcyclist,0,The First Harmful Event was Not a Collision with a Motor Vehicle in Transport,0,No,1,Non-Junction,1,Not an Intersection,None,1,On Roadway,1,Daylight,1,Clear,0,14,2:00pm-2:59pm,21,14,2:00pm-2:59pm,26,14,2:00pm-2:59pm,38,1,0
2019,4,Arizona,40662,1,1,0,1,1,1,1,13,MARICOPA (13),PHOENIX,31,8,2019,7,Saturday,23,11:00pm-11:59pm,10,This section IS NOT on the NHS,6,Local Street - Municipality,MCDOWELL RD,41ST ST,2,Urban,4,Minor Arterial,4,City or Municipal Highway Agency,0,None,33.46570556,-111.9927694,No Special Jurisdiction,8,Pedestrian,0,The First Harmful Event was Not a Collision with a Motor Vehicle in Transport,0,No,3,Intersection-Related,3,T-Intersection,None,1,On Roadway,3,Dark - Lighted,1,Clear,0,23,11:00pm-11:59pm,10,23,11:00pm-11:59pm,13,23,11:00pm-11:59pm,30,1,1
2019,4,Arizona,40663,2,2,0,0,2,2,0,13,MARICOPA (13),PHOENIX,20,7,2019,7,Saturday,23,11:00pm-11:59pm,23,This section IS ON the NHS,6,Local Street - Municipality,INDIAN SCHOOL RD,,2,Urban,3,Principal Arterial - Other,4,City or Municipal Highway Agency,0,None,33.49484444,-112.0306139,No Special Jurisdiction,12,Motor Vehicle In-Transport,7,Sideswipe - Same Direction,0,No,8,Driveway Access Related,1,Not an Intersection,None,1,On Roadway,3,Dark - Lighted,1,Clear,0,23,11:00pm-11:59pm,24,23,11:00pm-11:59pm,27,23,11:00pm-11:59pm,41,1,2
2019,4,Arizona,40664,1,1,0,2,1,1,2,13,MARICOPA (13),PHOENIX,3,9,2019,3,Tuesday,21,9:00pm-9:59pm,13,This section IS ON the NHS,6,Local Street - Municipality,INDIAN SCHOOL RD,16TH ST,2,Urban,3,Principal Arterial - Other,4,City or Municipal Highway Agency,0,None,33.49469444,-112.0476667,National Park Service,8,Pedestrian,0,The First Harmful Event was Not a Collision with a Motor Vehicle in Transport,0,No,3,Intersection-Related,2,Four-Way Intersection,None,1,On Roadway,3,Dark - Lighted,1,Clear,0,21,9:00pm-9:59pm,13,21,9:00pm-9:59pm,19,99,Unknown,Unknown EMS Hospital Arrival Time,1,0
2019,4,Arizona,40665,1,1,0,0,1,1,0,19,PIMA (19),TUCSON,6,9,2019,6,Friday,23,11:00pm-11:59pm,0,This section IS NOT on the NHS,6,Local Street - Municipality,MISSION RD,,2,Urban,3,Principal Arterial - Other,4,City or Municipal Highway Agency,0,None,32.19434167,-110.9983278,No Special Jurisdiction,33,Curb,0,The First Harmful Event was Not a Collision with a Motor Vehicle in Transport,0,No,1,Non-Junction,1,Not an Intersection,None,4,On Roadside,3,Dark - Lighted,1,Clear,0,23,11:00pm-11:59pm,0,23,11:00pm-11:59pm,4,88,Not Applicable (Not Transported),Not Applicable (Not Transported),1,1
2019,4,Arizona,40666,1,1,0,1,1,1,1,21,PINAL (21),NOT APPLICABLE,11,9,2019,4,Wednesday,5,5:00am-5:59am,10,This section IS ON the NHS,3,State Highway,SR-587,,1,Rural,4,Minor Arterial,1,State Highway Agency,51,51,33.13359722,-111.84095,Indian Reservation,8,Pedestrian,0,The First Harmful Event was Not a Collision with a Motor Vehicle in Transport,0,No,99,Reported as Unknown,99,Reported as Unknown,None,99,Reported as Unknown,4,Dawn,99,Reported as Unknown,0,99,Unknown,Unknown,99,Unknown EMS Scene Arrival Hour,Unknown EMS Scene Arrival Minutes,99,Unknown,Unknown EMS Hospital Arrival Time,1,0
2019,4,Arizona,40667,1,1,0,0,1,1,0,17,NAVAJO (17),NOT APPLICABLE,14,9,2019,7,Saturday,4,4:00am-4:59am,10,This section IS NOT on the NHS,8,Other,BIA 67,,1,Rural,6,Minor Collector,62,Bureau of Indian Affairs,0,None,36.03115833,-110.0426417,Indian Reservation,43,Other Fixed Object,0,The First Harmful Event was Not a Collision with a Motor Vehicle in Transport,0,No,99,Reported as Unknown,99,Reported as Unknown,None,4,On Roadside,9,Reported as Unknown,99,Reported as Unknown,0,99,Unknown,Unknown,99,Unknown EMS Scene Arrival Hour,Unknown EMS Scene Arrival Minutes,88,Not Applicable (Not Transported),Not Applicable (Not Transported),1,0
2019,4,Arizona,40668,1,1,0,1,1,1,1,13,MARICOPA (13),PHOENIX,16,9,2019,2,Monday,20,8:00pm-8:59pm,14,This section IS NOT on the NHS,6,Local Street - Municipality,43RD AVE,,2,Urban,4,Minor Arterial,4,City or Municipal Highway Agency,0,None,33.56453611,-112.1516833,No Special Jurisdiction,8,Pedestrian,0,The First Harmful Event was Not a Collision with a Motor Vehicle in Transport,0,No,1,Non-Junction,1,Not an Intersection,None,1,On Roadway,3,Dark - Lighted,10,Cloudy,0,20,8:00pm-8:59pm,14,20,8:00pm-8:59pm,17,20,8:00pm-8:59pm,39,1,0
2019,4,Arizona,40669,1,1,0,1,1,1,1,13,MARICOPA (13),PHOENIX,18,9,2019,4,Wednesday,14,2:00pm-2:59pm,23,This section IS NOT on the NHS,6,Local Street - Municipality,19TH AVE,BELL RD,2,Urban,3,Principal Arterial - Other,4,City or Municipal Highway Agency,0,None,33.640025,-112.0997306,No Special Jurisdiction,8,Pedestrian,0,The First Harmful Event was Not a Collision with a Motor Vehicle in Transport,0,No,3,Intersection-Related,2,Four-Way Intersection,None,1,On Roadway,1,Daylight,1,Clear,0,14,2:00pm-2:59pm,24,14,2:00pm-2:59pm,29,14,2:00pm-2:59pm,45,1,0
2019,4,Arizona,40670,2,2,0,0,2,2,0,13,MARICOPA (13),NOT APPLICABLE,23,9,2019,2,Monday,13,1:00pm-1:59pm,7,This section IS ON the NHS,4,County Road,CR-MC 85,,2,Urban,3,Principal Arterial - Other,2,County Highway Agency,0,None,33.39190556,-112.4466306,No Special Jurisdiction,12,Motor Vehicle In-Transport,11,Other,0,No,1,Non-Junction,1,Not an Intersection,None,1,On Roadway,1,Daylight,10,Cloudy,0,13,1:00pm-1:59pm,0,13,1:00pm-1:59pm,15,88,Not Applicable (Not Transported),Not Applicable (Not Transported),1,0