AccidentYear,STATE,STATENAME,ST_CASE,VE_TOTAL,VE_FORMS,PVH_INVL,PEDS,PERSONS,PERMVIT,PERNOTMVIT,COUNTY,COUNTYNAME,CITYNAME,DAY,MONTH,YEAR,DAY_WEEK,DAY_WEEKNAME,HOUR,HOURNAME,MINUTENAME,NHSNAME,ROUTE,ROUTENAME,TWAY_ID,TWAY_ID2,RUR_URB,RUR_URBNAME,FUNC_SYS,FUNC_SYSNAME,RD_OWNER,RD_OWNERNAME,MILEPT,MILEPTNAME,LATITUDENAME,LONGITUDNAME,SP_JURNAME,HARM_EV,HARM_EVNAME,MAN_COLL,MAN_COLLNAME,RELJCT1,RELJCT1NAME,RELJCT2,RELJCT2NAME,TYP_INT,TYP_INTNAME,WRK_ZONENAME,REL_ROAD,REL_ROADNAME,LGT_COND,LGT_CONDNAME,WEATHER,WEATHERNAME,SCH_BUS,NOT_HOUR,NOT_HOURNAME,NOT_MINNAME,ARR_HOUR,ARR_HOURNAME,ARR_MINNAME,HOSP_HR,HOSP_HRNAME,HOSP_MNNAME,FATALS,DRUNK_DR
2019,4,Arizona,40722,1,1,0,1,1,1,1,21,PINAL (21),NOT APPLICABLE,28,10,2019,2,Monday,6,6:00am-6:59am,43,This section IS NOT on the NHS,4,County Road,CR-AMARILLO VALLEY RD,,1,Rural,99,Unknown,2,County Highway Agency,0,None,32.94240556,-112.082925,No Special Jurisdiction,8,Pedestrian,0,The First Harmful Event was Not a Collision with a Motor Vehicle in Transport,0,No,1,Non-Junction,1,Not an Intersection,None,7,In Parking Lane/Zone,2,Dark - Not Lighted,10,Cloudy,0,6,6:00am-6:59am,44,6,6:00am-6:59am,50,88,Not Applicable (Not Transported),Not Applicable (Not Transported),1,0
2019,4,Arizona,40724,1,1,0,0,1,1,0,3,COCHISE (3),NOT APPLICABLE,29,10,2019,3,Tuesday,6,6:00am-6:59am,14,This section IS NOT on the NHS,3,State Highway,SR-80,,1,Rural,3,Principal Arterial - Other,1,State Highway Agency,918,918,31.49199167,-109.3390417,No Special Jurisdiction,1,Rollover/Overturn,0,The First Harmful Event was Not a Collision with a Motor Vehicle in Transport,0,No,1,Non-Junction,1,Not an Intersection,None,4,On Roadside,2,Dark - Not Lighted,1,Clear,0,6,6:00am-6:59am,14,6,6:00am-6:59am,0,88,Not Applicable (Not Transported),Not Applicable (Not Transported),1,0
2019,4,Arizona,40725,3,3,0,0,6,6,0,13,MARICOPA (13),Other,29,10,2019,3,Tuesday,17,5:00pm-5:59pm,3,This section IS NOT on the NHS,4,County Road,CR-MEEKER BLVD,,1,Rural,5,Major Collector,2,County Highway Agency,0,None,33.66108333,-112.3592889,No Special Jurisdiction,12,Motor Vehicle In-Transport,7,Sideswipe - Same Direction,0,No,8,Driveway Access Related,1,Not an Intersection,None,1,On Roadway,1,Daylight,1,Clear,0,99,Unknown,Unknown,99,Unknown EMS Scene Arrival Hour,Unknown EMS Scene Arrival Minutes,99,Unknown,Unknown EMS Hospital Arrival Time,1,0
2019,4,Arizona,40726,1,1,0,1,1,1,1,13,MARICOPA (13),GLENDALE,29,10,2019,3,Tuesday,17,5:00pm-5:59pm,49,This section IS NOT on the NHS,6,Local Street - Municipality,CAMELBACK RD,53RD AVE,2,Urban,3,Principal Arterial - Other,4,City or Municipal Highway Agency,0,None,33.50949444,-112.173125,No Special Jurisdiction,8,Pedestrian,0,The First Harmful Event was Not a Collision with a Motor Vehicle in Transport,0,No,3,Intersection-Related,2,Four-Way Intersection,None,1,On Roadway,1,Daylight,1,Clear,0,17,5:00pm-5:59pm,49,17,5:00pm-5:59pm,51,18,6:00pm-6:59pm,29,1,0
2019,4,Arizona,40727,1,1,0,0,1,1,0,19,PIMA (19),TUCSON,30,10,2019,4,Wednesday,1,1:00am-1:59am,21,This section IS ON the NHS,1,Interstate,I-10,,2,Urban,1,Interstate,1,State Highway Agency,2742,2742,32.07451667,-110.7940222,No Special Jurisdiction,1,Rollover/Overturn,0,The First Harmful Event was Not a Collision with a Motor Vehicle in Transport,0,No,1,Non-Junction,1,Not an Intersection,None,4,On Roadside,2,Dark - Not Lighted,1,Clear,0,1,1:00am-1:59am,28,1,1:00am-1:59am,39,88,Not Applicable (Not Transported),Not Applicable (Not Transported),1,0
2019,4,Arizona,40728,1,1,0,1,4,4,1,5,COCONINO (5),NOT APPLICABLE,30,10,2019,4,Wednesday,18,6:00pm-6:59pm,38,This section IS ON the NHS,2,U.S. Highway,US-89,,2,Urban,3,Principal Arterial - Other,1,State Highway Agency,891,891,36.43442222,-111.5507139,Indian Reservation,8,Pedestrian,0,The First Harmful Event was Not a Collision with a Motor Vehicle in Transport,0,No,1,Non-Junction,1,Not an Intersection,None,1,On Roadway,2,Dark - Not Lighted,1,Clear,0,18,6:00pm-6:59pm,45,19,7:00pm-7:59pm,30,19,7:00pm-7:59pm,45,1,1
2019,4,Arizona,40729,1,1,0,1,1,1,1,19,PIMA (19),TUCSON,31,10,2019,5,Thursday,7,7:00am-7:59am,14,This section IS ON the NHS,6,Local Street - Municipality,IRVINGTON RD,GREENWAY DR S,2,Urban,3,Principal Arterial - Other,4,City or Municipal Highway Agency,0,None,32.16326111,-110.9408167,No Special Jurisdiction,8,Pedestrian,0,The First Harmful Event was Not a Collision with a Motor Vehicle in Transport,0,No,3,Intersection-Related,2,Four-Way Intersection,None,1,On Roadway,1,Daylight,1,Clear,0,99,Unknown,Unknown,99,Unknown EMS Scene Arrival Hour,Unknown EMS Scene Arrival Minutes,99,Unknown,Unknown EMS Hospital Arrival Time,1,0
2019,4,Arizona,40731,1,1,0,1,1,1,1,19,PIMA (19),NOT APPLICABLE,31,10,2019,5,Thursday,18,6:00pm-6:59pm,25,This section IS NOT on the NHS,3,State Highway,SR-86,,2,Urban,4,Minor Arterial,1,State Highway Agency,1144,1144,32.177825,-111.0445944,Indian Reservation,8,Pedestrian,0,The First Harmful Event was Not a Collision with a Motor Vehicle in Transport,0,No,1,Non-Junction,1,Not an Intersection,None,1,On Roadway,2,Dark - Not Lighted,1,Clear,0,18,6:00pm-6:59pm,37,18,6:00pm-6:59pm,54,19,7:00pm-7:59pm,22,1,0
2019,4,Arizona,40732,1,1,0,1,1,1,1,13,MARICOPA (13),GILA BEND,12,4,2019,6,Friday,2,2:00am-2:59am,22,This section IS NOT on the NHS,9,Unknown,ST LOUIS AVE,,1,Rural,7,Local,98,Not Reported,0,None,32.94981667,-112.7137972,No Special Jurisdiction,8,Pedestrian,0,The First Harmful Event was Not a Collision with a Motor Vehicle in Transport,0,No,1,Non-Junction,1,Not an Intersection,None,1,On Roadway,2,Dark - Not Lighted,10,Cloudy,0,2,2:00am-2:59am,22,2,2:00am-2:59am,32,88,Not Applicable (Not Transported),Not Applicable (Not Transported),1,0
2019,4,Arizona,40733,3,3,0,0,4,4,0,19,PIMA (19),ORO VALLEY,21,8,2019,4,Wednesday,9,9:00am-9:59am,4,This section IS NOT on the NHS,6,Local Street - Municipality,TANGERINE RD,LA CANADA DR,2,Urban,3,Principal Arterial - Other,4,City or Municipal Highway Agency,0,None,32.42376667,-110.9957056,No Special Jurisdiction,12,Motor Vehicle In-Transport,6,Angle,0,No,2,Intersection,4,Y-Intersection,None,1,On Roadway,1,Daylight,1,Clear,0,9,9:00am-9:59am,4,9,9:00am-9:59am,11,9,9:00am-9:59am,31,2,0
2019,4,Arizona,40734,3,3,0,0,5,5,0,13,MARICOPA (13),BUCKEYE,27,9,2019,6,Friday,6,6:00am-6:59am,3,This section IS ON the NHS,4,County Road,CR-MC85,,1,Rural,3,Principal Arterial - Other,2,County Highway Agency,0,None,33.37755,-112.5438278,No Special Jurisdiction,12,Motor Vehicle In-Transport,8,Sideswipe - Opposite Direction,0,No,1,Non-Junction,1,Not an Intersection,None,1,On Roadway,4,Dawn,2,Rain,0,6,6:00am-6:59am,3,6,6:00am-6:59am,13,6,6:00am-6:59am,30,1,0
2019,4,Arizona,40735,1,1,0,0,6,6,0,13,MARICOPA (13),LAVEEN,29,9,2019,1,Sunday,16,4:00pm-4:59pm,15,This section IS NOT on the NHS,6,Local Street - Municipality,51ST AVE,DOBBINS RD,2,Urban,3,Principal Arterial - Other,4,City or Municipal Highway Agency,0,None,33.36295556,-112.1692222,No Special Jurisdiction,5,Fell/Jumped from Vehicle,0,The First Harmful Event was Not a Collision with a Motor Vehicle in Transport,0,No,2,Intersection,2,Four-Way Intersection,None,1,On Roadway,1,Daylight,1,Clear,0,16,4:00pm-4:59pm,15,16,4:00pm-4:59pm,18,16,4:00pm-4:59pm,59,1,0
2019,4,Arizona,40736,1,1,0,1,1,1,1,13,MARICOPA (13),PHOENIX,4,10,2019,6,Friday,2,2:00am-2:59am,56,This section IS NOT on the NHS,6,Local Street - Municipality,VAN BUREN ST,,2,Urban,4,Minor Arterial,4,City or Municipal Highway Agency,0,None,33.45134722,-112.0941944,No Special Jurisdiction,8,Pedestrian,0,The First Harmful Event was Not a Collision with a Motor Vehicle in Transport,0,No,1,Non-Junction,1,Not an Intersection,None,1,On Roadway,3,Dark - Lighted,1,Clear,0,2,2:00am-2:59am,57,3,3:00am-3:59am,1,3,3:00am-3:59am,17,1,0
2019,4,Arizona,40737,1,1,0,1,2,2,1,13,MARICOPA (13),PHOENIX,4,10,2019,6,Friday,17,5:00pm-5:59pm,3,This section IS ON the NHS,6,Local Street - Municipality,CAVE CREEK RD,,2,Urban,3,Principal Arterial - Other,4,City or Municipal Highway Agency,0,None,33.63878889,-112.0308528,No Special Jurisdiction,8,Pedestrian,0,The First Harmful Event was Not a Collision with a Motor Vehicle in Transport,0,No,1,Non-Junction,1,Not an Intersection,None,1,On Roadway,1,Daylight,1,Clear,0,17,5:00pm-5:59pm,4,17,5:00pm-5:59pm,6,17,5:00pm-5:59pm,17,1,0
2019,4,Arizona,40738,1,1,0,1,1,1,1,13,MARICOPA (13),NOT APPLICABLE,5,10,2019,7,Saturday,18,6:00pm-6:59pm,6,This section IS NOT on the NHS,9,Unknown,LONE MOUNTAIN RD,,1,Rural,7,Local,98,Not Reported,99999,Unknown,33.76765556,-112.5363083,Unknown,8,Pedestrian,0,The First Harmful Event was Not a Collision with a Motor Vehicle in Transport,0,No,1,Non-Junction,1,Not an Intersection,None,1,On Roadway,5,Dusk,1,Clear,0,18,6:00pm-6:59pm,6,18,6:00pm-6:59pm,15,18,6:00pm-6:59pm,45,1,0
2019,4,Arizona,40739,1,1,0,3,1,1,3,13,MARICOPA (13),PHOENIX,8,10,2019,3,Tuesday,19,7:00pm-7:59pm,44,This section IS NOT on the NHS,6,Local Street - Municipality,75TH AVE,THOMAS RD,2,Urban,3,Principal Arterial - Other,4,City or Municipal Highway Agency,0,None,33.480175,-112.2206472,No Special Jurisdiction,8,Pedestrian,0,The First Harmful Event was Not a Collision with a Motor Vehicle in Transport,0,No,3,Intersection-Related,2,Four-Way Intersection,None,1,On Roadway,3,Dark - Lighted,1,Clear,0,99,Unknown,Unknown,99,Unknown EMS Scene Arrival Hour,Unknown EMS Scene Arrival Minutes,99,Unknown,Unknown EMS Hospital Arrival Time,1,0
2019,4,Arizona,40740,2,2,0,0,2,2,0,13,MARICOPA (13),QUEEN CREEK,20,10,2019,1,Sunday,12,12:00pm-12:59pm,27,This section IS NOT on the NHS,6,Local Street - Municipality,POWER RD,,1,Rural,4,Minor Arterial,4,City or Municipal Highway Agency,0,None,33.23535556,-111.6858167,No Special Jurisdiction,12,Motor Vehicle In-Transport,98,Not Reported,0,No,8,Driveway Access Related,1,Not an Intersection,None,1,On Roadway,1,Daylight,1,Clear,0,12,12:00pm-12:59pm,26,12,12:00pm-12:59pm,35,13,1:00pm-1:59pm,0,1,0
2019,4,Arizona,40741,1,1,0,1,1,1,1,13,MARICOPA (13),MESA,31,10,2019,5,Thursday,16,4:00pm-4:59pm,8,This section IS NOT on the NHS,6,Local Street - Municipality,32ND ST,,2,Urban,5,Major Collector,4,City or Municipal Highway Agency,0,None,33.45621944,-111.762025,No Special Jurisdiction,9,Pedalcyclist,0,The First Harmful Event was Not a Collision with a Motor Vehicle in Transport,0,No,1,Non-Junction,1,Not an Intersection,None,1,On Roadway,1,Daylight,1,Clear,0,16,4:00pm-4:59pm,9,16,4:00pm-4:59pm,14,16,4:00pm-4:59pm,47,1,0
2019,4,Arizona,40742,2,2,0,0,2,2,0,13,MARICOPA (13),SUN CITY,31,10,2019,5,Thursday,16,4:00pm-4:59pm,42,This section IS NOT on the NHS,4,County Road,CR-103RD AVE,,2,Urban,5,Major Collector,2,County Highway Agency,0,None,33.60570556,-112.2812361,No Special Jurisdiction,12,Motor Vehicle In-Transport,6,Angle,0,No,8,Driveway Access Related,1,Not an Intersection,None,1,On Roadway,1,Daylight,1,Clear,0,99,Unknown,Unknown,99,Unknown EMS Scene Arrival Hour,Unknown EMS Scene Arrival Minutes,99,Unknown,Unknown EMS Hospital Arrival Time,1,0
2019,4,Arizona,40743,1,1,0,0,1,1,0,13,MARICOPA (13),Other,15,5,2019,4,Wednesday,21,9:00pm-9:59pm,3,This section IS NOT on the NHS,6,Local Street - Municipality,107TH ST,THOMAS RD,2,Urban,5,Major Collector,4,City or Municipal Highway Agency,0,None,33.48061389,-111.8491917,No Special Jurisdiction,99,Reported as Unknown,99,Reported as Unknown,9,Reported as Unknown,99,Reported as Unknown,99,Reported as Unknown,None,99,Reported as Unknown,6,Dark - Unknown Lighting,99,Reported as Unknown,0,99,Unknown,Unknown,99,Unknown EMS Scene Arrival Hour,Unknown EMS Scene Arrival Minutes,88,Not Applicable (Not Transported),Not Applicable (Not Transported),1,1
2019,4,Arizona,40744,3,3,0,0,4,4,0,13,MARICOPA (13),PHOENIX,13,8,2019,3,Tuesday,13,1:00pm-1:59pm,42,This section IS NOT on the NHS,6,Local Street - Municipality,7TH AVE,ELWOOD,2,Urban,4,Minor Arterial,4,City or Municipal Highway Agency,0,None,33.41394722,-112.0820083,No Special Jurisdiction,12,Motor Vehicle In-Transport,6,Angle,0,No,2,Intersection,2,Four-Way Intersection,None,1,On Roadway,1,Daylight,1,Clear,0,13,1:00pm-1:59pm,42,13,1:00pm-1:59pm,45,99,Unknown,Unknown EMS Hospital Arrival Time,1,0
2019,4,Arizona,40745,1,1,0,0,1,1,0,17,NAVAJO (17),DILKON,4,9,2019,4,Wednesday,99,Unknown Hours,Unknown Minutes,Unknown if this section is on the NHS,9,Unknown,BIA2,,9,Unknown,99,Unknown,99,Unknown,99999,Unknown,Reported as Unknown,Reported as Unknown,Unknown,99,Reported as Unknown,99,Reported as Unknown,9,Reported as Unknown,99,Reported as Unknown,99,Reported as Unknown,None,99,Reported as Unknown,9,Reported as Unknown,99,Reported as Unknown,0,99,Unknown,Unknown,99,Unknown EMS Scene Arrival Hour,Unknown EMS Scene Arrival Minutes,99,Unknown,Unknown EMS Hospital Arrival Time,1,0
2019,4,Arizona,40746,1,1,0,0,1,1,0,7,GILA (7),WINKELMAN,5,9,2019,5,Thursday,99,Unknown Hours,Unknown Minutes,This section IS NOT on the NHS,6,Local Street - Municipality,1ST ST,,1,Rural,7,Local,98,Not Reported,0,None,32.98690556,-110.7715667,Unknown,99,Reported as Unknown,99,Reported as Unknown,9,Reported as Unknown,99,Reported as Unknown,99,Reported as Unknown,None,99,Reported as Unknown,9,Reported as Unknown,99,Reported as Unknown,0,99,Unknown,Unknown,99,Unknown EMS Scene Arrival Hour,Unknown EMS Scene Arrival Minutes,99,Unknown,Unknown EMS Hospital Arrival Time,1,0
2019,4,Arizona,40747,2,2,0,0,2,2,0,13,MARICOPA (13),CHANDLER,2,10,2019,4,Wednesday,8,8:00am-8:59am,52,This section IS NOT on the NHS,6,Local Street - Municipality,GILBERT RD,,2,Urban,4,Minor Arterial,4,City or Municipal Highway Agency,0,None,33.21801944,-111.7893944,No Special Jurisdiction,12,Motor Vehicle In-Transport,6,Angle,0,No,8,Driveway Access Related,1,Not an Intersection,None,1,On Roadway,1,Daylight,1,Clear,0,8,8:00am-8:59am,52,8,8:00am-8:59am,56,9,9:00am-9:59am,21,1,0
2019,4,Arizona,40748,1,1,0,1,2,2,1,13,MARICOPA (13),PHOENIX,4,10,2019,6,Friday,19,7:00pm-7:59pm,4,This section IS NOT on the NHS,6,Local Street - Municipality,83RD AVE,PIERSON ST,2,Urban,4,Minor Arterial,4,City or Municipal Highway Agency,0,None,33.50686944,-112.2388194,No Special Jurisdiction,9,Pedalcyclist,0,The First Harmful Event was Not a Collision with a Motor Vehicle in Transport,0,No,2,Intersection,3,T-Intersection,None,1,On Roadway,3,Dark - Lighted,1,Clear,0,99,Unknown,Unknown,99,Unknown EMS Scene Arrival Hour,Unknown EMS Scene Arrival Minutes,99,Unknown,Unknown EMS Hospital Arrival Time,1,0
2019,4,Arizona,40749,4,4,0,0,4,4,0,13,MARICOPA (13),PHOENIX,1,10,2019,3,Tuesday,6,6:00am-6:59am,56,This section IS NOT on the NHS,6,Local Street - Municipality,CAVE CREEK RD,SONORAN DESERT DR,2,Urban,3,Principal Arterial - Other,4,City or Municipal Highway Agency,0,None,33.73430556,-112.0037722,No Special Jurisdiction,12,Motor Vehicle In-Transport,6,Angle,0,No,2,Intersection,2,Four-Way Intersection,None,1,On Roadway,1,Daylight,1,Clear,0,6,6:00am-6:59am,57,7,7:00am-7:59am,9,7,7:00am-7:59am,26,1,0
2019,4,Arizona,40750,1,1,0,1,1,1,1,13,MARICOPA (13),PHOENIX,4,10,2019,6,Friday,19,7:00pm-7:59pm,38,This section IS ON the NHS,6,Local Street - Municipality,THUNDERBIRD RD,49TH AVE,2,Urban,3,Principal Arterial - Other,4,City or Municipal Highway Agency,0,None,33.61080833,-112.1640861,No Special Jurisdiction,8,Pedestrian,0,The First Harmful Event was Not a Collision with a Motor Vehicle in Transport,0,No,3,Intersection-Related,2,Four-Way Intersection,None,1,On Roadway,3,Dark - Lighted,1,Clear,0,19,7:00pm-7:59pm,38,19,7:00pm-7:59pm,44,20,8:00pm-8:59pm,8,1,0
2019,4,Arizona,40751,2,2,0,0,3,3,0,13,MARICOPA (13),PHOENIX,4,10,2019,6,Friday,20,8:00pm-8:59pm,16,This section IS NOT on the NHS,6,Local Street - Municipality,DUNLAP AVE,,2,Urban,3,Principal Arterial - Other,4,City or Municipal Highway Agency,0,None,33.56755833,-112.1337083,No Special Jurisdiction,12,Motor Vehicle In-Transport,6,Angle,0,No,8,Driveway Access Related,1,Not an Intersection,None,1,On Roadway,3,Dark - Lighted,1,Clear,0,20,8:00pm-8:59pm,17,20,8:00pm-8:59pm,21,20,8:00pm-8:59pm,38,1,0
2019,4,Arizona,40752,2,2,0,0,2,2,0,13,MARICOPA (13),PHOENIX,5,10,2019,7,Saturday,16,4:00pm-4:59pm,14,This section IS ON the NHS,2,U.S. Highway,US-60,WELDON,2,Urban,3,Principal Arterial - Other,1,State Highway Agency,0,None,33.48960556,-112.1279083,No Special Jurisdiction,12,Motor Vehicle In-Transport,6,Angle,0,No,3,Intersection-Related,3,T-Intersection,None,1,On Roadway,1,Daylight,1,Clear,0,16,4:00pm-4:59pm,14,16,4:00pm-4:59pm,17,99,Unknown,Unknown EMS Hospital Arrival Time,1,0
2019,4,Arizona,40753,2,2,0,0,4,4,0,13,MARICOPA (13),PHOENIX,10,10,2019,5,Thursday,19,7:00pm-7:59pm,22,This section IS ON the NHS,6,Local Street - Municipality,CAVE CREEK RD,DESERT COVE AVE,2,Urban,3,Principal Arterial - Other,4,City or Municipal Highway Agency,0,None,33.5858,-112.0494278,No Special Jurisdiction,12,Motor Vehicle In-Transport,2,Front-to-Front,0,No,3,Intersection-Related,2,Four-Way Intersection,None,11,Continuous Left - Turn Lane,2,Dark - Not Lighted,1,Clear,0,19,7:00pm-7:59pm,23,19,7:00pm-7:59pm,24,19,7:00pm-7:59pm,36,1,0
2019,4,Arizona,40754,2,2,0,0,2,2,0,13,MARICOPA (13),PHOENIX,12,10,2019,7,Saturday,16,4:00pm-4:59pm,27,This section IS NOT on the NHS,6,Local Street - Municipality,GLENDALE AVE,17TH AVE,2,Urban,3,Principal Arterial - Other,4,City or Municipal Highway Agency,0,None,33.53855556,-112.0946389,No Special Jurisdiction,12,Motor Vehicle In-Transport,6,Angle,0,No,2,Intersection,3,T-Intersection,None,1,On Roadway,3,Dark - Lighted,1,Clear,0,16,4:00pm-4:59pm,27,16,4:00pm-4:59pm,31,88,Not Applicable (Not Transported),Not Applicable (Not Transported),1,1
2019,4,Arizona,40755,1,1,0,0,2,2,0,13,MARICOPA (13),PHOENIX,13,10,2019,1,Sunday,15,3:00pm-3:59pm,0,Unknown if this section is on the NHS,9,Unknown,BROADWAY RD,,9,Unknown,99,Unknown,99,Unknown,99999,Unknown,Reported as Unknown,Reported as Unknown,Unknown,99,Reported as Unknown,99,Reported as Unknown,9,Reported as Unknown,99,Reported as Unknown,99,Reported as Unknown,None,99,Reported as Unknown,9,Reported as Unknown,99,Reported as Unknown,0,99,Unknown,Unknown,99,Unknown EMS Scene Arrival Hour,Unknown EMS Scene Arrival Minutes,99,Unknown,Unknown EMS Hospital Arrival Time,1,0
2019,4,Arizona,40756,1,1,0,0,2,2,0,7,GILA (7),SAN CARLOS,19,10,2019,7,Saturday,8,8:00am-8:59am,0,This section IS NOT on the NHS,4,County Road,CR-1570,,9,Unknown,99,Unknown,2,County Highway Agency,0,None,Reported as Unknown,Reported as Unknown,Indian Reservation,11,Live Animal,0,The First Harmful Event was Not a Collision with a Motor Vehicle in Transport,0,No,99,Reported as Unknown,99,Reported as Unknown,None,99,Reported as Unknown,9,Reported as Unknown,99,Reported as Unknown,0,99,Unknown,Unknown,99,Unknown EMS Scene Arrival Hour,Unknown EMS Scene Arrival Minutes,88,Not Applicable (Not Transported),Not Applicable (Not Transported),2,0
2019,4,Arizona,40757,1,1,0,2,1,1,2,13,MARICOPA (13),CHANDLER,21,10,2019,2,Monday,17,5:00pm-5:59pm,58,This section IS NOT on the NHS,6,Local Street - Municipality,ALMA SCHOOL RD,ERIE ST,2,Urban,3,Principal Arterial - Other,4,City or Municipal Highway Agency,0,None,33.30972778,-111.8590917,No Special Jurisdiction,8,Pedestrian,0,The First Harmful Event was Not a Collision with a Motor Vehicle in Transport,0,No,3,Intersection-Related,2,Four-Way Intersection,None,1,On Roadway,5,Dusk,1,Clear,0,17,5:00pm-5:59pm,59,18,6:00pm-6:59pm,2,99,Unknown,Unknown EMS Hospital Arrival Time,2,0
2019,4,Arizona,40758,1,1,0,1,1,1,1,13,MARICOPA (13),PHOENIX,21,10,2019,2,Monday,18,6:00pm-6:59pm,16,This section IS NOT on the NHS,6,Local Street - Municipality,VAN BUREN ST,,2,Urban,4,Minor Arterial,4,City or Municipal Highway Agency,0,None,33.45110278,-112.1178556,No Special Jurisdiction,8,Pedestrian,0,The First Harmful Event was Not a Collision with a Motor Vehicle in Transport,0,No,1,Non-Junction,1,Not an Intersection,None,1,On Roadway,3,Dark - Lighted,10,Cloudy,0,18,6:00pm-6:59pm,18,18,6:00pm-6:59pm,21,18,6:00pm-6:59pm,35,1,0
2019,4,Arizona,40759,1,1,0,0,1,1,0,13,MARICOPA (13),PHOENIX,22,10,2019,3,Tuesday,14,2:00pm-2:59pm,3,This section IS NOT on the NHS,6,Local Street - Municipality,75TH AVE,,2,Urban,3,Principal Arterial - Other,4,City or Municipal Highway Agency,0,None,33.44027778,-112.2210139,No Special Jurisdiction,33,Curb,0,The First Harmful Event was Not a Collision with a Motor Vehicle in Transport,0,No,1,Non-Junction,1,Not an Intersection,None,4,On Roadside,1,Daylight,1,Clear,0,14,2:00pm-2:59pm,4,14,2:00pm-2:59pm,7,88,Not Applicable (Not Transported),Not Applicable (Not Transported),1,0
2019,4,Arizona,40760,1,1,0,1,1,1,1,13,MARICOPA (13),SURPRISE,24,10,2019,5,Thursday,16,4:00pm-4:59pm,22,This section IS NOT on the NHS,3,State Highway,SR-303,GREENWAY RD,2,Urban,3,Principal Arterial - Other,1,State Highway Agency,0,None,33.62413611,-112.4173333,No Special Jurisdiction,15,Non-Motorist on Personal Conveyance,0,The First Harmful Event was Not a Collision with a Motor Vehicle in Transport,1,Yes,3,Intersection-Related,2,Four-Way Intersection,None,1,On Roadway,5,Dusk,1,Clear,0,16,4:00pm-4:59pm,20,16,4:00pm-4:59pm,22,88,Not Applicable (Not Transported),Not Applicable (Not Transported),1,0
2019,4,Arizona,40761,2,2,0,0,2,2,0,13,MARICOPA (13),SCOTTSDALE,26,10,2019,7,Saturday,13,1:00pm-1:59pm,43,This section IS ON the NHS,6,Local Street - Municipality,SCOTTSDALE RD,OAK ST,2,Urban,3,Principal Arterial - Other,4,City or Municipal Highway Agency,0,None,33.47306389,-111.9261694,No Special Jurisdiction,12,Motor Vehicle In-Transport,6,Angle,0,No,2,Intersection,2,Four-Way Intersection,None,1,On Roadway,1,Daylight,1,Clear,0,13,1:00pm-1:59pm,43,13,1:00pm-1:59pm,47,14,2:00pm-2:59pm,2,1,0
2019,4,Arizona,40762,3,3,0,0,3,3,0,21,PINAL (21),Unknown,30,10,2019,4,Wednesday,99,Unknown Hours,Unknown Minutes,Unknown if this section is on the NHS,9,Unknown,51ST AVE,BELTLINE,9,Unknown,99,Unknown,99,Unknown,99999,Unknown,Reported as Unknown,Reported as Unknown,Unknown,99,Reported as Unknown,99,Reported as Unknown,9,Reported as Unknown,99,Reported as Unknown,99,Reported as Unknown,None,99,Reported as Unknown,9,Reported as Unknown,99,Reported as Unknown,0,99,Unknown,Unknown,99,Unknown EMS Scene Arrival Hour,Unknown EMS Scene Arrival Minutes,99,Unknown,Unknown EMS Hospital Arrival Time,1,0
2019,4,Arizona,40763,1,1,0,1,1,1,1,13,MARICOPA (13),NOT APPLICABLE,21,9,2019,7,Saturday,2,2:00am-2:59am,40,This section IS NOT on the NHS,4,County Road,CR-195TH AVE,,1,Rural,5,Major Collector,2,County Highway Agency,0,None,33.50636944,-112.4787694,No Special Jurisdiction,8,Pedestrian,0,The First Harmful Event was Not a Collision with a Motor Vehicle in Transport,0,No,1,Non-Junction,1,Not an Intersection,None,1,On Roadway,2,Dark - Not Lighted,1,Clear,0,2,2:00am-2:59am,58,3,3:00am-3:59am,5,88,Not Applicable (Not Transported),Not Applicable (Not Transported),1,0
2019,4,Arizona,40764,1,1,0,1,1,1,1,7,GILA (7),PERIDOT,1,11,2019,6,Friday,4,4:00am-4:59am,47,This section IS NOT on the NHS,2,U.S. Highway,US-70,,1,Rural,4,Minor Arterial,1,State Highway Agency,179,179,33.303425,-110.4779306,No Special Jurisdiction,8,Pedestrian,0,The First Harmful Event was Not a Collision with a Motor Vehicle in Transport,0,No,1,Non-Junction,1,Not an Intersection,None,1,On Roadway,3,Dark - Lighted,1,Clear,0,4,4:00am-4:59am,43,4,4:00am-4:59am,55,6,6:00am-6:59am,30,1,0
2019,4,Arizona,40765,1,1,0,1,1,1,1,19,PIMA (19),TUCSON,1,11,2019,6,Friday,18,6:00pm-6:59pm,22,This section IS ON the NHS,6,Local Street - Municipality,IRVINGTON RD,,1,Rural,3,Principal Arterial - Other,4,City or Municipal Highway Agency,0,None,32.16331111,-110.9450889,No Special Jurisdiction,8,Pedestrian,0,The First Harmful Event was Not a Collision with a Motor Vehicle in Transport,0,No,1,Non-Junction,1,Not an Intersection,None,1,On Roadway,2,Dark - Not Lighted,1,Clear,0,18,6:00pm-6:59pm,22,18,6:00pm-6:59pm,28,18,6:00pm-6:59pm,41,1,0