AccidentYear,STATE,STATENAME,ST_CASE,VE_TOTAL,VE_FORMS,PVH_INVL,PEDS,PERSONS,PERMVIT,PERNOTMVIT,COUNTY,COUNTYNAME,CITYNAME,DAY,MONTH,YEAR,DAY_WEEK,DAY_WEEKNAME,HOUR,HOURNAME,MINUTENAME,NHSNAME,ROUTE,ROUTENAME,TWAY_ID,TWAY_ID2,RUR_URB,RUR_URBNAME,FUNC_SYS,FUNC_SYSNAME,RD_OWNER,RD_OWNERNAME,MILEPT,MILEPTNAME,LATITUDENAME,LONGITUDNAME,SP_JURNAME,HARM_EV,HARM_EVNAME,MAN_COLL,MAN_COLLNAME,RELJCT1,RELJCT1NAME,RELJCT2,RELJCT2NAME,TYP_INT,TYP_INTNAME,WRK_ZONENAME,REL_ROAD,REL_ROADNAME,LGT_COND,LGT_CONDNAME,WEATHER,WEATHERNAME,SCH_BUS,NOT_HOUR,NOT_HOURNAME,NOT_MINNAME,ARR_HOUR,ARR_HOURNAME,ARR_MINNAME,HOSP_HR,HOSP_HRNAME,HOSP_MNNAME,FATALS,DRUNK_DR
2020,4,Arizona,40163,1,1,0,1,1,1,1,13,MARICOPA (13),BUCKEYE,21,2,2020,6,Friday,99,Unknown Hours,Unknown Minutes,This section IS NOT on the NHS,9,Unknown,5TH AVE,,2,Urban,99,Unknown,99,Unknown,0,None,33.38200278,-112.58879444,No Special Jurisdiction,8,Pedestrian,0,The First Harmful Event was Not a Collision with a Motor Vehicle in Transport,0,No,99,Reported as Unknown,99,Reported as Unknown,None,99,Reported as Unknown,8,Not Reported,98,Not Reported,0,99,Unknown,Unknown,99,Unknown EMS Scene Arrival Hour,Unknown EMS Scene Arrival Minutes,99,Unknown,Unknown EMS Hospital Arrival Time,1,0
2020,4,Arizona,40165,2,2,0,0,3,3,0,13,MARICOPA (13),PHOENIX,21,2,2020,6,Friday,12,12:00pm-12:59pm,18,This section IS ON the NHS,6,Local Street - Municipality,THUNDERBIRD RD,35TH AVE,2,Urban,3,Principal Arterial - Other,4,City or Municipal Highway Agency,0,None,33.61074444,-112.13379444,No Special Jurisdiction,12,Motor Vehicle In-Transport,6,Angle,0,No,2,Intersection,2,Four-Way Intersection,None,1,On Roadway,1,Daylight,1,Clear,0,12,12:00pm-12:59pm,19,12,12:00pm-12:59pm,24,12,12:00pm-12:59pm,50,1,0
2020,4,Arizona,40166,1,1,0,1,1,1,1,13,MARICOPA (13),BUCKEYE,22,2,2020,7,Saturday,20,8:00pm-8:59pm,15,This section IS NOT on the NHS,9,Unknown,DESERT VISTA,,9,Unknown,99,Unknown,99,Unknown,0,None,33.66705,-112.622975,No Special Jurisdiction,8,Pedestrian,0,The First Harmful Event was Not a Collision with a Motor Vehicle in Transport,0,No,1,Non-Junction,1,Not an Intersection,None,1,On Roadway,8,Not Reported,98,Not Reported,0,99,Unknown,Unknown,99,Unknown EMS Scene Arrival Hour,Unknown EMS Scene Arrival Minutes,99,Unknown,Unknown EMS Hospital Arrival Time,1,0
2020,4,Arizona,40168,2,2,0,0,3,3,0,13,MARICOPA (13),PHOENIX,24,2,2020,2,Monday,17,5:00pm-5:59pm,57,This section IS NOT on the NHS,6,Local Street - Municipality,SOUTHERN AVE,7TH AVE,2,Urban,4,Minor Arterial,4,City or Municipal Highway Agency,0,None,33.39220833,-112.08198611,No Special Jurisdiction,12,Motor Vehicle In-Transport,6,Angle,0,No,2,Intersection,4,Y-Intersection,None,1,On Roadway,5,Dusk,1,Clear,0,18,6:00pm-6:59pm,0,18,6:00pm-6:59pm,3,18,6:00pm-6:59pm,30,1,0
2020,4,Arizona,40169,2,2,0,0,2,2,0,13,MARICOPA (13),PHOENIX,26,2,2020,4,Wednesday,14,2:00pm-2:59pm,53,This section IS ON the NHS,6,Local Street - Municipality,BELL RD,31ST AVE,2,Urban,3,Principal Arterial - Other,4,City or Municipal Highway Agency,0,None,33.63982778,-112.12355833,No Special Jurisdiction,12,Motor Vehicle In-Transport,6,Angle,0,No,2,Intersection,3,T-Intersection,None,1,On Roadway,1,Daylight,98,Not Reported,0,14,2:00pm-2:59pm,53,99,Unknown EMS Scene Arrival Hour,Unknown EMS Scene Arrival Minutes,88,Not Applicable (Not Transported),Not Applicable (Not Transported),1,0
2020,4,Arizona,40170,1,1,0,0,1,1,0,1,APACHE (1),LUKACHUKAI,27,2,2020,5,Thursday,99,Unknown Hours,Unknown Minutes,This section IS NOT on the NHS,8,Other,BIA 13,,1,Rural,7,Local,62,Bureau of Indian Affairs,0,None,36.41315833,-109.24281111,No Special Jurisdiction,99,Reported as Unknown,99,Reported as Unknown,0,No,99,Reported as Unknown,99,Reported as Unknown,None,99,Reported as Unknown,9,Reported as Unknown,99,Reported as Unknown,0,99,Unknown,Unknown,99,Unknown EMS Scene Arrival Hour,Unknown EMS Scene Arrival Minutes,99,Unknown,Unknown EMS Hospital Arrival Time,1,0
2020,4,Arizona,40171,2,2,0,0,2,2,0,13,MARICOPA (13),CHANDLER,27,2,2020,5,Thursday,13,1:00pm-1:59pm,46,This section IS NOT on the NHS,6,Local Street - Municipality,LINDSAY RD,DORAL DR,2,Urban,4,Minor Arterial,4,City or Municipal Highway Agency,0,None,33.21193889,-111.77260556,No Special Jurisdiction,12,Motor Vehicle In-Transport,6,Angle,0,No,2,Intersection,4,Y-Intersection,None,1,On Roadway,1,Daylight,1,Clear,0,13,1:00pm-1:59pm,46,14,2:00pm-2:59pm,7,14,2:00pm-2:59pm,22,1,0
2020,4,Arizona,40172,2,2,0,0,4,4,0,13,MARICOPA (13),QUEEN CREEK,27,2,2020,5,Thursday,14,2:00pm-2:59pm,51,This section IS NOT on the NHS,4,County Road,CR-IRONWOOD RD,PIMA RD,2,Urban,4,Minor Arterial,2,County Highway Agency,0,None,Reported as Unknown,Reported as Unknown,No Special Jurisdiction,12,Motor Vehicle In-Transport,6,Angle,0,No,2,Intersection,2,Four-Way Intersection,None,1,On Roadway,1,Daylight,10,Cloudy,0,14,2:00pm-2:59pm,51,15,3:00pm-3:59pm,0,88,Not Applicable (Not Transported),Not Applicable (Not Transported),1,0
2020,4,Arizona,40173,1,1,0,0,1,1,0,13,MARICOPA (13),GLENDALE,28,2,2020,6,Friday,18,6:00pm-6:59pm,22,This section IS NOT on the NHS,6,Local Street - Municipality,CAMELBACK RD,,2,Urban,3,Principal Arterial - Other,4,City or Municipal Highway Agency,0,None,33.50953333,-112.18135833,No Special Jurisdiction,33,Curb,0,The First Harmful Event was Not a Collision with a Motor Vehicle in Transport,0,No,1,Non-Junction,1,Not an Intersection,None,4,On Roadside,9,Reported as Unknown,99,Reported as Unknown,0,99,Unknown,Unknown,99,Unknown EMS Scene Arrival Hour,Unknown EMS Scene Arrival Minutes,99,Unknown,Unknown EMS Hospital Arrival Time,1,0
2020,4,Arizona,40174,1,1,0,0,1,1,0,13,MARICOPA (13),PHOENIX,29,2,2020,7,Saturday,8,8:00am-8:59am,42,This section IS NOT on the NHS,6,Local Street - Municipality,7TH ST,,2,Urban,3,Principal Arterial - Other,4,City or Municipal Highway Agency,0,None,33.70199444,-112.06573333,No Special Jurisdiction,30,Utility Pole/Light Support,0,The First Harmful Event was Not a Collision with a Motor Vehicle in Transport,0,No,1,Non-Junction,1,Not an Intersection,None,4,On Roadside,1,Daylight,1,Clear,0,99,Unknown,Unknown,99,Unknown EMS Scene Arrival Hour,Unknown EMS Scene Arrival Minutes,99,Unknown,Unknown EMS Hospital Arrival Time,1,0
2020,4,Arizona,40176,1,1,0,1,2,2,1,19,PIMA (19),TUCSON,1,4,2020,4,Wednesday,18,6:00pm-6:59pm,37,This section IS NOT on the NHS,4,County Road,CR-MANVILLE  RD,,1,Rural,6,Minor Collector,2,County Highway Agency,0,None,32.29174167,-111.24951389,No Special Jurisdiction,9,Pedalcyclist,0,The First Harmful Event was Not a Collision with a Motor Vehicle in Transport,0,No,1,Non-Junction,1,Not an Intersection,None,1,On Roadway,5,Dusk,1,Clear,0,18,6:00pm-6:59pm,41,18,6:00pm-6:59pm,48,19,7:00pm-7:59pm,26,1,0
2020,4,Arizona,40178,1,1,0,0,2,2,0,15,MOHAVE (15),KINGMAN,2,4,2020,5,Thursday,11,11:00am-11:59am,50,Unknown if this section is on the NHS,9,Unknown,SILVER SPRINGS RD,,9,Unknown,99,Unknown,99,Unknown,0,None,35.21171667,-113.56480556,No Special Jurisdiction,43,Other Fixed Object,0,The First Harmful Event was Not a Collision with a Motor Vehicle in Transport,0,No,1,Non-Junction,1,Not an Intersection,None,4,On Roadside,1,Daylight,1,Clear,0,11,11:00am-11:59am,50,12,12:00pm-12:59pm,15,88,Not Applicable (Not Transported),Not Applicable (Not Transported),1,0
2020,4,Arizona,40179,1,1,0,0,1,1,0,12,LA PAZ (12),SALOME,3,4,2020,6,Friday,11,11:00am-11:59am,29,This section IS ON the NHS,1,Interstate,I-10,,1,Rural,1,Interstate,1,State Highway Agency,700,700,33.56761111,-113.34588333,No Special Jurisdiction,1,Rollover/Overturn,0,The First Harmful Event was Not a Collision with a Motor Vehicle in Transport,0,No,1,Non-Junction,1,Not an Intersection,None,4,On Roadside,1,Daylight,1,Clear,0,11,11:00am-11:59am,30,11,11:00am-11:59am,58,88,Not Applicable (Not Transported),Not Applicable (Not Transported),1,0
2020,4,Arizona,40180,3,3,0,0,6,6,0,21,PINAL (21),CASA GRANDE,3,4,2020,6,Friday,14,2:00pm-2:59pm,9,This section IS NOT on the NHS,4,County Road,CR-EARLY RD,JIMMIE KERR BLVD,2,Urban,99,Unknown,2,County Highway Agency,0,None,32.86493611,-111.73704444,No Special Jurisdiction,12,Motor Vehicle In-Transport,1,Front-to-Rear,0,No,3,Intersection-Related,3,T-Intersection,None,1,On Roadway,1,Daylight,1,Clear,0,14,2:00pm-2:59pm,10,14,2:00pm-2:59pm,16,99,Unknown,Unknown EMS Hospital Arrival Time,2,0
2020,4,Arizona,40181,2,2,0,0,4,4,0,21,PINAL (21),APACHE JUNCTION,3,4,2020,6,Friday,19,7:00pm-7:59pm,2,This section IS NOT on the NHS,9,Unknown,TEPEE ST,SAN MAARCOS DR,2,Urban,99,Unknown,4,City or Municipal Highway Agency,0,None,33.42956944,-111.55476389,No Special Jurisdiction,12,Motor Vehicle In-Transport,6,Angle,0,No,2,Intersection,4,Y-Intersection,None,1,On Roadway,2,Dark - Not Lighted,1,Clear,0,19,7:00pm-7:59pm,5,19,7:00pm-7:59pm,8,19,7:00pm-7:59pm,27,1,0
2020,4,Arizona,40183,1,1,0,0,1,1,0,13,MARICOPA (13),PHOENIX,4,4,2020,7,Saturday,17,5:00pm-5:59pm,6,This section IS NOT on the NHS,9,Unknown,63RD DR,,9,Unknown,99,Unknown,99,Unknown,0,None,33.49711667,-112.19645556,Unknown,1,Rollover/Overturn,0,The First Harmful Event was Not a Collision with a Motor Vehicle in Transport,0,No,1,Non-Junction,1,Not an Intersection,None,4,On Roadside,1,Daylight,1,Clear,0,17,5:00pm-5:59pm,7,17,5:00pm-5:59pm,9,17,5:00pm-5:59pm,34,1,0
2020,4,Arizona,40184,2,2,0,0,4,4,0,19,PIMA (19),TUCSON,5,4,2020,1,Sunday,17,5:00pm-5:59pm,14,This section IS NOT on the NHS,6,Local Street - Municipality,SPEEDWAY BLVD,GREASWOOD RD,2,Urban,98,Not Reported,4,City or Municipal Highway Agency,0,None,32.23593333,-111.02159444,No Special Jurisdiction,12,Motor Vehicle In-Transport,6,Angle,0,No,2,Intersection,2,Four-Way Intersection,None,1,On Roadway,1,Daylight,1,Clear,0,17,5:00pm-5:59pm,14,17,5:00pm-5:59pm,19,99,Unknown,Unknown EMS Hospital Arrival Time,1,0
2020,4,Arizona,40185,3,3,0,0,3,3,0,13,MARICOPA (13),SCOTTSDALE,7,4,2020,3,Tuesday,12,12:00pm-12:59pm,52,This section IS ON the NHS,3,State Highway,SR-101,,2,Urban,2,Principal Arterial - Other Freeways and Expressways,1,State Highway Agency,397,397,33.57379167,-111.88891944,No Special Jurisdiction,24,Guardrail Face,0,The First Harmful Event was Not a Collision with a Motor Vehicle in Transport,0,No,1,Non-Junction,1,Not an Intersection,None,4,On Roadside,1,Daylight,1,Clear,0,99,Unknown,Unknown,99,Unknown EMS Scene Arrival Hour,Unknown EMS Scene Arrival Minutes,99,Unknown,Unknown EMS Hospital Arrival Time,1,0
2020,4,Arizona,40186,1,1,0,0,1,1,0,25,YAVAPAI (25),KIRKLAND,7,4,2020,3,Tuesday,21,9:00pm-9:59pm,0,This section IS NOT on the NHS,3,State Highway,SR-96,,1,Rural,5,Major Collector,1,State Highway Agency,186,186,34.44449444,-112.93959444,No Special Jurisdiction,35,Embankment,0,The First Harmful Event was Not a Collision with a Motor Vehicle in Transport,0,No,1,Non-Junction,1,Not an Intersection,None,4,On Roadside,2,Dark - Not Lighted,1,Clear,0,20,8:00pm-8:59pm,31,20,8:00pm-8:59pm,54,88,Not Applicable (Not Transported),Not Applicable (Not Transported),1,0
2020,4,Arizona,40187,1,1,0,1,1,1,1,19,PIMA (19),TUCSON,8,4,2020,4,Wednesday,19,7:00pm-7:59pm,16,This section IS NOT on the NHS,6,Local Street - Municipality,CAMINO SECO N,,2,Urban,4,Minor Arterial,4,City or Municipal Highway Agency,0,None,32.23601667,-110.80680278,No Special Jurisdiction,8,Pedestrian,0,The First Harmful Event was Not a Collision with a Motor Vehicle in Transport,0,No,1,Non-Junction,1,Not an Intersection,None,1,On Roadway,2,Dark - Not Lighted,1,Clear,0,17,5:00pm-5:59pm,16,17,5:00pm-5:59pm,18,88,Not Applicable (Not Transported),Not Applicable (Not Transported),1,0
2020,4,Arizona,40188,1,1,0,0,3,3,0,25,YAVAPAI (25),CAMP VERDE,9,4,2020,5,Thursday,19,7:00pm-7:59pm,39,This section IS ON the NHS,1,Interstate,I-17,,1,Rural,1,Interstate,1,State Highway Agency,916,916,34.57238056,-111.88958333,No Special Jurisdiction,1,Rollover/Overturn,0,The First Harmful Event was Not a Collision with a Motor Vehicle in Transport,0,No,1,Non-Junction,1,Not an Intersection,None,3,On Median,2,Dark - Not Lighted,1,Clear,0,19,7:00pm-7:59pm,43,19,7:00pm-7:59pm,53,20,8:00pm-8:59pm,45,2,0
2020,4,Arizona,40189,3,3,0,0,3,3,0,13,MARICOPA (13),PHOENIX,10,4,2020,6,Friday,15,3:00pm-3:59pm,43,This section IS NOT on the NHS,3,State Highway,SR-101,,2,Urban,2,Principal Arterial - Other Freeways and Expressways,1,State Highway Agency,277,277,33.67238333,-112.00486944,No Special Jurisdiction,54,"Motor Vehicle In-Transport Strikes or is Struck by Cargo, Persons or Objects Set-in-Motion from/by Another Motor Vehicle In Transport",11,Other,0,No,1,Non-Junction,1,Not an Intersection,Construction,1,On Roadway,1,Daylight,1,Clear,0,15,3:00pm-3:59pm,45,15,3:00pm-3:59pm,52,16,4:00pm-4:59pm,32,1,0
2020,4,Arizona,40190,2,2,0,0,2,2,0,13,MARICOPA (13),PHOENIX,10,4,2020,6,Friday,16,4:00pm-4:59pm,53,This section IS ON the NHS,6,Local Street - Municipality,CAVE CREEK RD,,2,Urban,3,Principal Arterial - Other,4,City or Municipal Highway Agency,0,None,33.67460278,-112.03096111,No Special Jurisdiction,12,Motor Vehicle In-Transport,2,Front-to-Front,0,No,1,Non-Junction,1,Not an Intersection,None,1,On Roadway,1,Daylight,1,Clear,0,16,4:00pm-4:59pm,53,17,5:00pm-5:59pm,1,17,5:00pm-5:59pm,22,1,0
2020,4,Arizona,40192,1,1,0,1,1,1,1,19,PIMA (19),TUCSON,14,4,2020,3,Tuesday,8,8:00am-8:59am,1,This section IS NOT on the NHS,6,Local Street - Municipality,6TH AVE,VETERANS BLVD,2,Urban,3,Principal Arterial - Other,4,City or Municipal Highway Agency,0,None,32.18142778,-110.96830833,No Special Jurisdiction,8,Pedestrian,0,The First Harmful Event was Not a Collision with a Motor Vehicle in Transport,0,No,3,Intersection-Related,2,Four-Way Intersection,None,1,On Roadway,1,Daylight,1,Clear,0,8,8:00am-8:59am,1,8,8:00am-8:59am,4,8,8:00am-8:59am,48,1,0
2020,4,Arizona,40193,1,1,0,0,1,1,0,13,MARICOPA (13),PHOENIX,14,4,2020,3,Tuesday,19,7:00pm-7:59pm,46,This section IS NOT on the NHS,6,Local Street - Municipality,31ST AVE,VOLTAIRE AVE,2,Urban,5,Major Collector,4,City or Municipal Highway Agency,0,None,33.60904167,-112.12521944,No Special Jurisdiction,30,Utility Pole/Light Support,0,The First Harmful Event was Not a Collision with a Motor Vehicle in Transport,0,No,3,Intersection-Related,3,T-Intersection,None,4,On Roadside,3,Dark - Lighted,1,Clear,0,19,7:00pm-7:59pm,48,19,7:00pm-7:59pm,52,88,Not Applicable (Not Transported),Not Applicable (Not Transported),1,1
2020,4,Arizona,40194,1,1,0,0,8,8,0,25,YAVAPAI (25),PRESCOTT VALLEY,15,4,2020,4,Wednesday,2,2:00am-2:59am,34,This section IS NOT on the NHS,3,State Highway,SR-89A,,1,Rural,5,Major Collector,1,State Highway Agency,105,105,34.66361944,-112.24931111,No Special Jurisdiction,1,Rollover/Overturn,0,The First Harmful Event was Not a Collision with a Motor Vehicle in Transport,0,No,1,Non-Junction,1,Not an Intersection,None,4,On Roadside,2,Dark - Not Lighted,1,Clear,0,2,2:00am-2:59am,34,2,2:00am-2:59am,45,99,Unknown,Unknown EMS Hospital Arrival Time,1,0
2020,4,Arizona,40195,2,2,0,0,2,2,0,7,GILA (7),STRAWBERRY,18,4,2020,7,Saturday,13,1:00pm-1:59pm,18,This section IS NOT on the NHS,3,State Highway,SR-87,,1,Rural,5,Major Collector,1,State Highway Agency,1531,1531,34.41316944,-111.489575,No Special Jurisdiction,12,Motor Vehicle In-Transport,2,Front-to-Front,0,No,1,Non-Junction,1,Not an Intersection,None,1,On Roadway,1,Daylight,1,Clear,0,13,1:00pm-1:59pm,18,13,1:00pm-1:59pm,30,88,Not Applicable (Not Transported),Not Applicable (Not Transported),1,0
2020,4,Arizona,40196,1,1,0,0,1,1,0,1,APACHE (1),CHAMBERS,21,4,2020,3,Tuesday,8,8:00am-8:59am,59,This section IS ON the NHS,1,Interstate,I-40,,1,Rural,1,Interstate,1,State Highway Agency,3357,3357,35.20321111,-109.37475,No Special Jurisdiction,1,Rollover/Overturn,0,The First Harmful Event was Not a Collision with a Motor Vehicle in Transport,0,No,1,Non-Junction,1,Not an Intersection,None,4,On Roadside,1,Daylight,1,Clear,0,9,9:00am-9:59am,0,9,9:00am-9:59am,6,88,Not Applicable (Not Transported),Not Applicable (Not Transported),1,0
2020,4,Arizona,40197,1,1,0,0,1,1,0,3,COCHISE (3),NOT APPLICABLE,24,4,2020,6,Friday,17,5:00pm-5:59pm,54,This section IS NOT on the NHS,2,U.S. Highway,US-191,,1,Rural,5,Major Collector,1,State Highway Agency,310,310,31.78528889,-109.69168889,No Special Jurisdiction,1,Rollover/Overturn,0,The First Harmful Event was Not a Collision with a Motor Vehicle in Transport,0,No,1,Non-Junction,1,Not an Intersection,None,4,On Roadside,1,Daylight,1,Clear,0,20,8:00pm-8:59pm,31,20,8:00pm-8:59pm,31,88,Not Applicable (Not Transported),Not Applicable (Not Transported),1,1
2020,4,Arizona,40198,1,1,0,0,1,1,0,21,PINAL (21),KEARNY,25,4,2020,7,Saturday,9,9:00am-9:59am,26,This section IS NOT on the NHS,3,State Highway,SR-177,,1,Rural,5,Major Collector,1,State Highway Agency,237,237,33.2,-111.05600833,No Special Jurisdiction,35,Embankment,0,The First Harmful Event was Not a Collision with a Motor Vehicle in Transport,0,No,1,Non-Junction,1,Not an Intersection,None,4,On Roadside,1,Daylight,1,Clear,0,9,9:00am-9:59am,31,9,9:00am-9:59am,47,88,Not Applicable (Not Transported),Not Applicable (Not Transported),1,0
2020,4,Arizona,40201,1,1,0,0,1,1,0,7,GILA (7),PAYSON,27,4,2020,2,Monday,13,1:00pm-1:59pm,34,This section IS ON the NHS,3,State Highway,SR-260,,1,Rural,3,Principal Arterial - Other,1,State Highway Agency,957,957,34.29991111,-110.96186667,No Special Jurisdiction,7,Other Non-Collision,0,The First Harmful Event was Not a Collision with a Motor Vehicle in Transport,0,No,1,Non-Junction,1,Not an Intersection,None,1,On Roadway,1,Daylight,1,Clear,0,13,1:00pm-1:59pm,35,13,1:00pm-1:59pm,44,88,Not Applicable (Not Transported),Not Applicable (Not Transported),1,0
2020,4,Arizona,40202,1,1,0,1,1,1,1,5,COCONINO (5),NOT APPLICABLE,1,3,2020,1,Sunday,19,7:00pm-7:59pm,31,This section IS ON the NHS,2,U.S. Highway,US-89,,1,Rural,3,Principal Arterial - Other,1,State Highway Agency,66,66,35.30370278,-111.54278611,No Special Jurisdiction,8,Pedestrian,0,The First Harmful Event was Not a Collision with a Motor Vehicle in Transport,0,No,1,Non-Junction,1,Not an Intersection,None,1,On Roadway,2,Dark - Not Lighted,1,Clear,0,19,7:00pm-7:59pm,31,19,7:00pm-7:59pm,36,19,7:00pm-7:59pm,51,1,0
2020,4,Arizona,40203,2,2,0,0,2,2,0,9,GRAHAM (9),BYLAS,2,3,2020,2,Monday,12,12:00pm-12:59pm,2,This section IS NOT on the NHS,2,U.S. Highway,US-70,,1,Rural,4,Minor Arterial,1,State Highway Agency,429,429,33.13165556,-110.11976111,No Special Jurisdiction,12,Motor Vehicle In-Transport,8,Sideswipe - Opposite Direction,0,No,1,Non-Junction,1,Not an Intersection,None,1,On Roadway,1,Daylight,10,Cloudy,0,12,12:00pm-12:59pm,2,12,12:00pm-12:59pm,12,13,1:00pm-1:59pm,4,1,1
2020,4,Arizona,40204,2,2,0,0,2,2,0,13,MARICOPA (13),TEMPE,2,3,2020,2,Monday,15,3:00pm-3:59pm,54,This section IS ON the NHS,2,U.S. Highway,US-60,,2,Urban,2,Principal Arterial - Other Freeways and Expressways,1,State Highway Agency,1436,1436,33.38556667,-111.91564167,No Special Jurisdiction,12,Motor Vehicle In-Transport,7,Sideswipe - Same Direction,0,No,1,Non-Junction,1,Not an Intersection,None,1,On Roadway,1,Daylight,10,Cloudy,0,15,3:00pm-3:59pm,52,15,3:00pm-3:59pm,59,16,4:00pm-4:59pm,20,1,0
2020,4,Arizona,40205,2,1,1,1,2,2,1,21,PINAL (21),SACATON,4,3,2020,4,Wednesday,10,10:00am-10:59am,50,This section IS ON the NHS,1,Interstate,I-10,,1,Rural,1,Interstate,1,State Highway Agency,1722,1722,33.15134722,-111.86756944,No Special Jurisdiction,8,Pedestrian,0,The First Harmful Event was Not a Collision with a Motor Vehicle in Transport,0,No,1,Non-Junction,1,Not an Intersection,Maintenance,4,On Roadside,1,Daylight,1,Clear,0,10,10:00am-10:59am,51,11,11:00am-11:59am,13,88,Not Applicable (Not Transported),Not Applicable (Not Transported),1,0
2020,4,Arizona,40206,1,1,0,1,1,1,1,19,PIMA (19),TUCSON,7,3,2020,7,Saturday,17,5:00pm-5:59pm,45,This section IS NOT on the NHS,6,Local Street - Municipality,BENSON HWY,,2,Urban,5,Major Collector,4,City or Municipal Highway Agency,0,None,32.17405556,-110.94851389,No Special Jurisdiction,8,Pedestrian,0,The First Harmful Event was Not a Collision with a Motor Vehicle in Transport,0,No,8,Driveway Access Related,1,Not an Intersection,None,1,On Roadway,1,Daylight,1,Clear,0,17,5:00pm-5:59pm,45,17,5:00pm-5:59pm,49,18,6:00pm-6:59pm,8,1,0
2020,4,Arizona,40207,2,2,0,0,3,3,0,19,PIMA (19),TUCSON,8,3,2020,1,Sunday,11,11:00am-11:59am,27,This section IS NOT on the NHS,6,Local Street - Municipality,BROADWAY BLVD,SWAN RD,2,Urban,3,Principal Arterial - Other,4,City or Municipal Highway Agency,0,None,32.22159722,-110.89227778,No Special Jurisdiction,12,Motor Vehicle In-Transport,6,Angle,0,No,2,Intersection,4,Y-Intersection,None,1,On Roadway,1,Daylight,2,Rain,0,11,11:00am-11:59am,29,99,Unknown EMS Scene Arrival Hour,Unknown EMS Scene Arrival Minutes,12,12:00pm-12:59pm,2,1,0
2020,4,Arizona,40208,2,2,0,0,2,2,0,13,MARICOPA (13),TEMPE,9,3,2020,2,Monday,2,2:00am-2:59am,12,This section IS ON the NHS,6,Local Street - Municipality,SCOTTSDALE RD,PLAYA DEL NORTE DR,2,Urban,3,Principal Arterial - Other,4,City or Municipal Highway Agency,0,None,33.43410278,-111.92624722,No Special Jurisdiction,33,Curb,0,The First Harmful Event was Not a Collision with a Motor Vehicle in Transport,0,No,3,Intersection-Related,3,T-Intersection,None,3,On Median,6,Dark - Unknown Lighting,1,Clear,0,2,2:00am-2:59am,12,2,2:00am-2:59am,16,2,2:00am-2:59am,39,1,1
2020,4,Arizona,40209,1,1,0,1,1,1,1,13,MARICOPA (13),BUCKEYE,9,3,2020,2,Monday,22,10:00pm-10:59pm,20,This section IS ON the NHS,3,State Highway,SR-85,,1,Rural,3,Principal Arterial - Other,1,State Highway Agency,1753,1753,33.21926389,-112.64427222,No Special Jurisdiction,9,Pedalcyclist,0,The First Harmful Event was Not a Collision with a Motor Vehicle in Transport,0,No,1,Non-Junction,1,Not an Intersection,None,1,On Roadway,2,Dark - Not Lighted,1,Clear,0,22,10:00pm-10:59pm,24,22,10:00pm-10:59pm,39,23,11:00pm-11:59pm,15,1,0
2020,4,Arizona,40210,2,2,0,0,3,3,0,13,MARICOPA (13),BUCKEYE,12,3,2020,5,Thursday,23,11:00pm-11:59pm,8,This section IS ON the NHS,1,Interstate,I-10,,2,Urban,1,Interstate,1,State Highway Agency,1120,1120,33.42845556,-112.6301,No Special Jurisdiction,44,"Pavement Surface Irregularity (Ruts, Potholes, Grates, etc.)",0,The First Harmful Event was Not a Collision with a Motor Vehicle in Transport,0,No,1,Non-Junction,1,Not an Intersection,None,1,On Roadway,2,Dark - Not Lighted,2,Rain,0,23,11:00pm-11:59pm,10,23,11:00pm-11:59pm,23,0,0:00am-0:59am,30,1,0
2020,4,Arizona,40211,2,2,0,0,4,4,0,1,APACHE (1),SANDERS,15,3,2020,1,Sunday,5,5:00am-5:59am,4,This section IS ON the NHS,1,Interstate,I-40,,1,Rural,1,Interstate,1,State Highway Agency,3167,3167,35.07832778,-109.72754444,No Special Jurisdiction,12,Motor Vehicle In-Transport,1,Front-to-Rear,0,No,1,Non-Junction,1,Not an Intersection,None,1,On Roadway,2,Dark - Not Lighted,1,Clear,0,5,5:00am-5:59am,4,5,5:00am-5:59am,22,99,Unknown,Unknown EMS Hospital Arrival Time,1,0
2020,4,Arizona,40212,1,1,0,0,1,1,0,13,MARICOPA (13),PHOENIX,16,3,2020,2,Monday,15,3:00pm-3:59pm,0,This section IS ON the NHS,1,Interstate,I-10,,2,Urban,1,Interstate,1,State Highway Agency,1490,1490,33.42881389,-112.03690278,No Special Jurisdiction,39,Wall,0,The First Harmful Event was Not a Collision with a Motor Vehicle in Transport,0,No,1,Non-Junction,1,Not an Intersection,None,3,On Median,1,Daylight,1,Clear,0,15,3:00pm-3:59pm,3,15,3:00pm-3:59pm,12,15,3:00pm-3:59pm,30,1,0
2020,4,Arizona,40213,1,1,0,0,1,1,0,7,GILA (7),GLOBE,17,3,2020,3,Tuesday,21,9:00pm-9:59pm,52,This section IS NOT on the NHS,6,Local Street - Municipality,HILL ST,SUTHERLAND ST,2,Urban,4,Minor Arterial,4,City or Municipal Highway Agency,0,None,33.39375556,-110.78381944,No Special Jurisdiction,33,Curb,0,The First Harmful Event was Not a Collision with a Motor Vehicle in Transport,0,No,3,Intersection-Related,3,T-Intersection,None,4,On Roadside,2,Dark - Not Lighted,1,Clear,0,21,9:00pm-9:59pm,55,21,9:00pm-9:59pm,57,88,Not Applicable (Not Transported),Not Applicable (Not Transported),1,0