AccidentYear,STATE,STATENAME,ST_CASE,VE_TOTAL,VE_FORMS,PVH_INVL,PEDS,PERSONS,PERMVIT,PERNOTMVIT,COUNTY,COUNTYNAME,CITYNAME,DAY,MONTH,YEAR,DAY_WEEK,DAY_WEEKNAME,HOUR,HOURNAME,MINUTENAME,NHSNAME,ROUTE,ROUTENAME,TWAY_ID,TWAY_ID2,RUR_URB,RUR_URBNAME,FUNC_SYS,FUNC_SYSNAME,RD_OWNER,RD_OWNERNAME,MILEPT,MILEPTNAME,LATITUDENAME,LONGITUDNAME,SP_JURNAME,HARM_EV,HARM_EVNAME,MAN_COLL,MAN_COLLNAME,RELJCT1,RELJCT1NAME,RELJCT2,RELJCT2NAME,TYP_INT,TYP_INTNAME,WRK_ZONENAME,REL_ROAD,REL_ROADNAME,LGT_COND,LGT_CONDNAME,WEATHER,WEATHERNAME,SCH_BUS,NOT_HOUR,NOT_HOURNAME,NOT_MINNAME,ARR_HOUR,ARR_HOURNAME,ARR_MINNAME,HOSP_HR,HOSP_HRNAME,HOSP_MNNAME,FATALS,DRUNK_DR
2020,4,Arizona,40402,1,1,0,0,1,1,0,1,APACHE (1),CHINLE,25,4,2020,7,Saturday,18,6:00pm-6:59pm,3,This section IS NOT on the NHS,8,Other,BIA-64,,1,Rural,99,Unknown,62,Bureau of Indian Affairs,0,None,Reported as Unknown,Reported as Unknown,Unknown,99,Reported as Unknown,99,Reported as Unknown,9,Reported as Unknown,99,Reported as Unknown,99,Reported as Unknown,None,99,Reported as Unknown,9,Reported as Unknown,99,Reported as Unknown,0,99,Unknown,Unknown,99,Unknown EMS Scene Arrival Hour,Unknown EMS Scene Arrival Minutes,99,Unknown,Unknown EMS Hospital Arrival Time,1,0
2020,4,Arizona,40404,1,1,0,1,1,1,1,19,PIMA (19),TUCSON,13,4,2020,2,Monday,22,10:00pm-10:59pm,15,This section IS NOT on the NHS,4,County Road,CR-FLOWING WELLS RD,SOL PL,2,Urban,4,Minor Arterial,2,County Highway Agency,0,None,32.28842778,-110.99510278,No Special Jurisdiction,15,Non-Motorist on Personal Conveyance,0,The First Harmful Event was Not a Collision with a Motor Vehicle in Transport,0,No,3,Intersection-Related,3,T-Intersection,None,1,On Roadway,3,Dark - Lighted,1,Clear,0,99,Unknown,Unknown,99,Unknown EMS Scene Arrival Hour,Unknown EMS Scene Arrival Minutes,99,Unknown,Unknown EMS Hospital Arrival Time,1,0
2020,4,Arizona,40405,2,2,0,0,8,8,0,13,MARICOPA (13),MESA,26,4,2020,1,Sunday,21,9:00pm-9:59pm,25,This section IS NOT on the NHS,4,County Road,CR-USERY PASS RD,,2,Urban,5,Major Collector,2,County Highway Agency,0,None,33.49470278,-111.61726389,No Special Jurisdiction,12,Motor Vehicle In-Transport,2,Front-to-Front,0,No,1,Non-Junction,1,Not an Intersection,None,1,On Roadway,2,Dark - Not Lighted,1,Clear,0,21,9:00pm-9:59pm,25,21,9:00pm-9:59pm,40,99,Unknown,Unknown EMS Hospital Arrival Time,1,2
2020,4,Arizona,40406,1,1,0,0,1,1,0,21,PINAL (21),NOT APPLICABLE,13,5,2020,4,Wednesday,22,10:00pm-10:59pm,4,This section IS ON the NHS,3,State Highway,SR-347,,1,Rural,3,Principal Arterial - Other,1,State Highway Agency,201,201,33.15950833,-112.00789167,No Special Jurisdiction,1,Rollover/Overturn,0,The First Harmful Event was Not a Collision with a Motor Vehicle in Transport,0,No,1,Non-Junction,1,Not an Intersection,None,4,On Roadside,2,Dark - Not Lighted,1,Clear,0,22,10:00pm-10:59pm,4,22,10:00pm-10:59pm,15,99,Unknown,Unknown EMS Hospital Arrival Time,1,0
2020,4,Arizona,40407,2,1,1,1,1,1,1,13,MARICOPA (13),GLENDALE,23,5,2020,7,Saturday,21,9:00pm-9:59pm,10,This section IS ON the NHS,3,State Highway,SR-101,,2,Urban,2,Principal Arterial - Other Freeways and Expressways,1,State Highway Agency,167,167,33.66780278,-112.20890556,No Special Jurisdiction,14,Parked Motor Vehicle,0,The First Harmful Event was Not a Collision with a Motor Vehicle in Transport,0,No,1,Non-Junction,1,Not an Intersection,None,2,On Shoulder,3,Dark - Lighted,1,Clear,0,21,9:00pm-9:59pm,10,21,9:00pm-9:59pm,17,88,Not Applicable (Not Transported),Not Applicable (Not Transported),1,1
2020,4,Arizona,40408,1,1,0,0,1,1,0,13,MARICOPA (13),Other,24,5,2020,1,Sunday,8,8:00am-8:59am,8,This section IS NOT on the NHS,9,Unknown,AGUA CALIENTE RD,,1,Rural,99,Unknown,99,Unknown,0,None,32.92721944,-113.29403056,No Special Jurisdiction,1,Rollover/Overturn,0,The First Harmful Event was Not a Collision with a Motor Vehicle in Transport,0,No,1,Non-Junction,1,Not an Intersection,None,4,On Roadside,1,Daylight,1,Clear,0,8,8:00am-8:59am,3,8,8:00am-8:59am,20,9,9:00am-9:59am,25,1,0
2020,4,Arizona,40409,1,1,0,1,1,1,1,13,MARICOPA (13),PHOENIX,25,5,2020,2,Monday,2,2:00am-2:59am,45,This section IS ON the NHS,1,Interstate,I-17,,2,Urban,1,Interstate,1,State Highway Agency,80,80,33.493325,-112.11292778,No Special Jurisdiction,8,Pedestrian,0,The First Harmful Event was Not a Collision with a Motor Vehicle in Transport,0,No,1,Non-Junction,1,Not an Intersection,None,1,On Roadway,3,Dark - Lighted,1,Clear,0,2,2:00am-2:59am,52,3,3:00am-3:59am,4,88,Not Applicable (Not Transported),Not Applicable (Not Transported),1,0
2020,4,Arizona,40410,1,1,0,0,5,5,0,19,PIMA (19),Other,25,5,2020,2,Monday,19,7:00pm-7:59pm,20,This section IS NOT on the NHS,3,State Highway,SR-86,,1,Rural,4,Minor Arterial,1,State Highway Agency,309,309,32.17696667,-112.24411944,Indian Reservation,1,Rollover/Overturn,0,The First Harmful Event was Not a Collision with a Motor Vehicle in Transport,0,No,1,Non-Junction,1,Not an Intersection,None,4,On Roadside,2,Dark - Not Lighted,1,Clear,0,99,Unknown,Unknown,99,Unknown EMS Scene Arrival Hour,Unknown EMS Scene Arrival Minutes,99,Unknown,Unknown EMS Hospital Arrival Time,1,0
2020,4,Arizona,40412,1,1,0,1,1,1,1,13,MARICOPA (13),GLENDALE,28,5,2020,5,Thursday,2,2:00am-2:59am,6,This section IS NOT on the NHS,6,Local Street - Municipality,59TH AVE,EVERGREEN RD,2,Urban,3,Principal Arterial - Other,4,City or Municipal Highway Agency,0,None,33.55994167,-112.18621944,No Special Jurisdiction,8,Pedestrian,0,The First Harmful Event was Not a Collision with a Motor Vehicle in Transport,0,No,3,Intersection-Related,3,T-Intersection,None,1,On Roadway,3,Dark - Lighted,1,Clear,0,2,2:00am-2:59am,8,2,2:00am-2:59am,14,2,2:00am-2:59am,30,1,0
2020,4,Arizona,40413,1,1,0,0,1,1,0,13,MARICOPA (13),FOUNTAIN HILLS,29,5,2020,6,Friday,14,2:00pm-2:59pm,1,This section IS ON the NHS,6,Local Street - Municipality,SHEA BLVD,,2,Urban,3,Principal Arterial - Other,4,City or Municipal Highway Agency,0,None,33.57945278,-111.76396111,No Special Jurisdiction,33,Curb,0,The First Harmful Event was Not a Collision with a Motor Vehicle in Transport,0,No,1,Non-Junction,1,Not an Intersection,None,4,On Roadside,1,Daylight,1,Clear,0,14,2:00pm-2:59pm,2,14,2:00pm-2:59pm,8,14,2:00pm-2:59pm,45,1,1
2020,4,Arizona,40414,1,1,0,1,1,1,1,13,MARICOPA (13),PHOENIX,29,5,2020,6,Friday,17,5:00pm-5:59pm,41,This section IS ON the NHS,6,Local Street - Municipality,INDIAN SCHOOL RD,,2,Urban,3,Principal Arterial - Other,4,City or Municipal Highway Agency,0,None,33.49490556,-112.11101944,No Special Jurisdiction,8,Pedestrian,0,The First Harmful Event was Not a Collision with a Motor Vehicle in Transport,0,No,1,Non-Junction,1,Not an Intersection,None,1,On Roadway,1,Daylight,1,Clear,0,17,5:00pm-5:59pm,43,17,5:00pm-5:59pm,48,88,Not Applicable (Not Transported),Not Applicable (Not Transported),1,0
2020,4,Arizona,40415,1,1,0,0,1,1,0,13,MARICOPA (13),GOODYEAR,18,6,2020,5,Thursday,18,6:00pm-6:59pm,32,This section IS NOT on the NHS,9,Unknown,151ST AVE,,2,Urban,99,Unknown,99,Unknown,0,None,33.44689722,-112.38441944,No Special Jurisdiction,7,Other Non-Collision,0,The First Harmful Event was Not a Collision with a Motor Vehicle in Transport,0,No,1,Non-Junction,1,Not an Intersection,None,4,On Roadside,1,Daylight,1,Clear,0,18,6:00pm-6:59pm,32,18,6:00pm-6:59pm,39,18,6:00pm-6:59pm,53,1,1
2020,4,Arizona,40416,4,4,0,0,7,7,0,19,PIMA (19),TUCSON,19,6,2020,6,Friday,18,6:00pm-6:59pm,58,This section IS ON the NHS,6,Local Street - Municipality,KOLB RD,IRVINGTON RD,2,Urban,3,Principal Arterial - Other,4,City or Municipal Highway Agency,0,None,32.16279167,-110.84079444,No Special Jurisdiction,12,Motor Vehicle In-Transport,1,Front-to-Rear,0,No,3,Intersection-Related,2,Four-Way Intersection,None,1,On Roadway,5,Dusk,1,Clear,0,18,6:00pm-6:59pm,58,19,7:00pm-7:59pm,4,99,Unknown,Unknown EMS Hospital Arrival Time,1,0
2020,4,Arizona,40417,1,1,0,1,1,1,1,13,MARICOPA (13),TEMPE,10,3,2020,3,Tuesday,20,8:00pm-8:59pm,9,This section IS NOT on the NHS,6,Local Street - Municipality,WARNER RD,,2,Urban,3,Principal Arterial - Other,4,City or Municipal Highway Agency,0,None,33.33459722,-111.94488333,No Special Jurisdiction,8,Pedestrian,0,The First Harmful Event was Not a Collision with a Motor Vehicle in Transport,0,No,1,Non-Junction,1,Not an Intersection,None,1,On Roadway,3,Dark - Lighted,2,Rain,0,20,8:00pm-8:59pm,15,20,8:00pm-8:59pm,19,20,8:00pm-8:59pm,34,1,0
2020,4,Arizona,40418,1,1,0,1,1,1,1,13,MARICOPA (13),GLENDALE,26,4,2020,1,Sunday,99,Unknown Hours,Unknown Minutes,This section IS NOT on the NHS,6,Local Street - Municipality,CAMELBACK RD,,2,Urban,3,Principal Arterial - Other,4,City or Municipal Highway Agency,0,None,33.50906389,-112.21860278,No Special Jurisdiction,8,Pedestrian,0,The First Harmful Event was Not a Collision with a Motor Vehicle in Transport,0,No,1,Non-Junction,1,Not an Intersection,None,1,On Roadway,2,Dark - Not Lighted,1,Clear,0,20,8:00pm-8:59pm,15,20,8:00pm-8:59pm,20,88,Not Applicable (Not Transported),Not Applicable (Not Transported),1,0
2020,4,Arizona,40419,2,2,0,0,3,3,0,13,MARICOPA (13),TEMPE,9,5,2020,7,Saturday,8,8:00am-8:59am,24,This section IS NOT on the NHS,6,Local Street - Municipality,BROADWAY RD,COUNTRY CLUB WAY,2,Urban,3,Principal Arterial - Other,4,City or Municipal Highway Agency,0,None,33.40755278,-111.90051389,No Special Jurisdiction,12,Motor Vehicle In-Transport,6,Angle,0,No,2,Intersection,2,Four-Way Intersection,None,1,On Roadway,1,Daylight,1,Clear,0,99,Unknown,Unknown,99,Unknown EMS Scene Arrival Hour,Unknown EMS Scene Arrival Minutes,99,Unknown,Unknown EMS Hospital Arrival Time,1,1
2020,4,Arizona,40420,1,1,0,1,2,2,1,13,MARICOPA (13),PHOENIX,10,5,2020,1,Sunday,19,7:00pm-7:59pm,1,This section IS NOT on the NHS,6,Local Street - Municipality,32ND ST,BROADWAY RD,2,Urban,4,Minor Arterial,4,City or Municipal Highway Agency,0,None,33.40702778,-112.01263056,No Special Jurisdiction,9,Pedalcyclist,0,The First Harmful Event was Not a Collision with a Motor Vehicle in Transport,0,No,3,Intersection-Related,2,Four-Way Intersection,None,1,On Roadway,5,Dusk,1,Clear,0,19,7:00pm-7:59pm,1,19,7:00pm-7:59pm,3,19,7:00pm-7:59pm,20,1,0
2020,4,Arizona,40421,1,1,0,1,1,1,1,3,COCHISE (3),WILLCOX,12,5,2020,3,Tuesday,1,1:00am-1:59am,10,This section IS NOT on the NHS,9,Unknown,KANSAS SETTLEMENT RD,,1,Rural,99,Unknown,99,Unknown,0,None,32.12755278,-109.75648889,No Special Jurisdiction,8,Pedestrian,0,The First Harmful Event was Not a Collision with a Motor Vehicle in Transport,0,No,1,Non-Junction,1,Not an Intersection,None,99,Reported as Unknown,2,Dark - Not Lighted,1,Clear,0,1,1:00am-1:59am,22,1,1:00am-1:59am,35,88,Not Applicable (Not Transported),Not Applicable (Not Transported),1,0
2020,4,Arizona,40422,1,1,0,0,2,2,0,13,MARICOPA (13),SCOTTSDALE,14,5,2020,5,Thursday,14,2:00pm-2:59pm,52,This section IS NOT on the NHS,9,Unknown,81ST ST,,2,Urban,99,Unknown,99,Unknown,0,None,33.68111111,-111.90662778,No Special Jurisdiction,33,Curb,0,The First Harmful Event was Not a Collision with a Motor Vehicle in Transport,0,No,1,Non-Junction,1,Not an Intersection,None,3,On Median,1,Daylight,1,Clear,0,14,2:00pm-2:59pm,52,14,2:00pm-2:59pm,57,15,3:00pm-3:59pm,29,1,0
2020,4,Arizona,40423,1,1,0,2,4,4,2,13,MARICOPA (13),SURPRISE,16,5,2020,7,Saturday,20,8:00pm-8:59pm,35,This section IS NOT on the NHS,6,Local Street - Municipality,LITCHFIELD RD,,2,Urban,4,Minor Arterial,4,City or Municipal Highway Agency,0,None,33.61069444,-112.35928333,No Special Jurisdiction,8,Pedestrian,0,The First Harmful Event was Not a Collision with a Motor Vehicle in Transport,0,No,1,Non-Junction,1,Not an Intersection,Construction,1,On Roadway,2,Dark - Not Lighted,1,Clear,0,20,8:00pm-8:59pm,35,20,8:00pm-8:59pm,41,21,9:00pm-9:59pm,6,2,0
2020,4,Arizona,40424,1,1,0,1,2,2,1,13,MARICOPA (13),PHOENIX,20,5,2020,4,Wednesday,5,5:00am-5:59am,8,This section IS NOT on the NHS,6,Local Street - Municipality,THOMAS RD,,2,Urban,3,Principal Arterial - Other,4,City or Municipal Highway Agency,0,None,33.48031667,-112.03199167,No Special Jurisdiction,8,Pedestrian,0,The First Harmful Event was Not a Collision with a Motor Vehicle in Transport,0,No,1,Non-Junction,1,Not an Intersection,None,1,On Roadway,4,Dawn,1,Clear,0,99,Unknown,Unknown,99,Unknown EMS Scene Arrival Hour,Unknown EMS Scene Arrival Minutes,88,Not Applicable (Not Transported),Not Applicable (Not Transported),1,0
2020,4,Arizona,40425,1,1,0,0,1,1,0,13,MARICOPA (13),SCOTTSDALE,20,5,2020,4,Wednesday,18,6:00pm-6:59pm,23,This section IS NOT on the NHS,6,Local Street - Municipality,HAYDEN RD,,2,Urban,3,Principal Arterial - Other,4,City or Municipal Highway Agency,0,None,33.56540833,-111.90133333,No Special Jurisdiction,30,Utility Pole/Light Support,0,The First Harmful Event was Not a Collision with a Motor Vehicle in Transport,0,No,1,Non-Junction,1,Not an Intersection,None,4,On Roadside,1,Daylight,1,Clear,0,18,6:00pm-6:59pm,23,18,6:00pm-6:59pm,28,88,Not Applicable (Not Transported),Not Applicable (Not Transported),1,0
2020,4,Arizona,40426,1,1,0,1,1,1,1,13,MARICOPA (13),PHOENIX,20,5,2020,4,Wednesday,20,8:00pm-8:59pm,7,This section IS NOT on the NHS,6,Local Street - Municipality,BUCKEYE RD,,2,Urban,4,Minor Arterial,4,City or Municipal Highway Agency,0,None,33.43679444,-112.0861,No Special Jurisdiction,8,Pedestrian,0,The First Harmful Event was Not a Collision with a Motor Vehicle in Transport,0,No,1,Non-Junction,1,Not an Intersection,None,1,On Roadway,3,Dark - Lighted,1,Clear,0,99,Unknown,Unknown,99,Unknown EMS Scene Arrival Hour,Unknown EMS Scene Arrival Minutes,99,Unknown,Unknown EMS Hospital Arrival Time,1,0
2020,4,Arizona,40427,1,1,0,1,1,1,1,13,MARICOPA (13),SCOTTSDALE,23,5,2020,7,Saturday,7,7:00am-7:59am,59,This section IS NOT on the NHS,9,Unknown,HAPPY VALLEY RD,,2,Urban,99,Unknown,99,Unknown,0,None,33.71255278,-111.88548611,No Special Jurisdiction,9,Pedalcyclist,0,The First Harmful Event was Not a Collision with a Motor Vehicle in Transport,0,No,1,Non-Junction,1,Not an Intersection,None,2,On Shoulder,1,Daylight,1,Clear,0,7,7:00am-7:59am,59,8,8:00am-8:59am,13,8,8:00am-8:59am,46,1,0
2020,4,Arizona,40428,3,3,0,0,3,3,0,13,MARICOPA (13),MESA,31,5,2020,1,Sunday,16,4:00pm-4:59pm,35,This section IS ON the NHS,2,U.S. Highway,US-60 RAMP,MERIDIAN RD,2,Urban,2,Principal Arterial - Other Freeways and Expressways,1,State Highway Agency,1636,1636,33.38612222,-111.58068333,No Special Jurisdiction,12,Motor Vehicle In-Transport,6,Angle,1,Yes,2,Intersection,3,T-Intersection,None,1,On Roadway,1,Daylight,1,Clear,0,99,Unknown,Unknown,99,Unknown EMS Scene Arrival Hour,Unknown EMS Scene Arrival Minutes,99,Unknown,Unknown EMS Hospital Arrival Time,1,0
2020,4,Arizona,40429,2,2,0,0,6,6,0,13,MARICOPA (13),PHOENIX,3,6,2020,4,Wednesday,13,1:00pm-1:59pm,44,This section IS NOT on the NHS,9,Unknown,CIRCLE MOUNTAIN RD,,2,Urban,99,Unknown,99,Unknown,0,None,33.88618889,-112.05323056,No Special Jurisdiction,12,Motor Vehicle In-Transport,6,Angle,0,No,1,Non-Junction,1,Not an Intersection,None,1,On Roadway,1,Daylight,1,Clear,0,13,1:00pm-1:59pm,48,13,1:00pm-1:59pm,55,88,Not Applicable (Not Transported),Not Applicable (Not Transported),1,0
2020,4,Arizona,40430,2,2,0,0,6,6,0,13,MARICOPA (13),SCOTTSDALE,4,6,2020,5,Thursday,10,10:00am-10:59am,20,This section IS NOT on the NHS,6,Local Street - Municipality,SHEA BLVD,,2,Urban,3,Principal Arterial - Other,4,City or Municipal Highway Agency,0,None,33.58234444,-111.83590278,No Special Jurisdiction,12,Motor Vehicle In-Transport,7,Sideswipe - Same Direction,0,No,1,Non-Junction,1,Not an Intersection,None,1,On Roadway,1,Daylight,1,Clear,0,10,10:00am-10:59am,21,10,10:00am-10:59am,26,10,10:00am-10:59am,51,1,1
2020,4,Arizona,40431,2,2,0,0,2,2,0,13,MARICOPA (13),SCOTTSDALE,15,6,2020,2,Monday,21,9:00pm-9:59pm,9,This section IS NOT on the NHS,6,Local Street - Municipality,SCOTTSDALE RD,,2,Urban,3,Principal Arterial - Other,4,City or Municipal Highway Agency,0,None,33.73705556,-111.92590556,No Special Jurisdiction,12,Motor Vehicle In-Transport,2,Front-to-Front,0,No,1,Non-Junction,1,Not an Intersection,None,1,On Roadway,2,Dark - Not Lighted,1,Clear,0,21,9:00pm-9:59pm,9,21,9:00pm-9:59pm,14,99,Unknown,Unknown EMS Hospital Arrival Time,1,0
2020,4,Arizona,40432,2,2,0,0,2,2,0,19,PIMA (19),TUCSON,30,6,2020,3,Tuesday,18,6:00pm-6:59pm,26,This section IS NOT on the NHS,6,Local Street - Municipality,SPEEDWAY BLVD,VAN BUREN AVE,2,Urban,3,Principal Arterial - Other,4,City or Municipal Highway Agency,0,None,32.23609444,-110.871,No Special Jurisdiction,12,Motor Vehicle In-Transport,6,Angle,0,No,2,Intersection,4,Y-Intersection,None,1,On Roadway,1,Daylight,1,Clear,0,18,6:00pm-6:59pm,26,18,6:00pm-6:59pm,31,88,Not Applicable (Not Transported),Not Applicable (Not Transported),2,0
2020,4,Arizona,40433,1,1,0,0,1,1,0,19,PIMA (19),TUCSON,7,7,2020,3,Tuesday,16,4:00pm-4:59pm,34,This section IS NOT on the NHS,6,Local Street - Municipality,22NDT ST,TUCSON BLVD,2,Urban,3,Principal Arterial - Other,4,City or Municipal Highway Agency,0,None,32.20681111,-110.935175,No Special Jurisdiction,33,Curb,0,The First Harmful Event was Not a Collision with a Motor Vehicle in Transport,0,No,3,Intersection-Related,2,Four-Way Intersection,None,3,On Median,1,Daylight,1,Clear,0,16,4:00pm-4:59pm,34,16,4:00pm-4:59pm,38,16,4:00pm-4:59pm,51,1,1
2020,4,Arizona,40434,1,1,0,1,2,2,1,19,PIMA (19),TUCSON,21,7,2020,3,Tuesday,21,9:00pm-9:59pm,55,This section IS NOT on the NHS,6,Local Street - Municipality,SWAN RD,BROADWAY BLVD,2,Urban,3,Principal Arterial - Other,4,City or Municipal Highway Agency,0,None,32.22160278,-110.89228889,No Special Jurisdiction,8,Pedestrian,0,The First Harmful Event was Not a Collision with a Motor Vehicle in Transport,0,No,3,Intersection-Related,2,Four-Way Intersection,Construction,1,On Roadway,3,Dark - Lighted,10,Cloudy,0,21,9:00pm-9:59pm,55,21,9:00pm-9:59pm,58,88,Not Applicable (Not Transported),Not Applicable (Not Transported),1,0
2020,4,Arizona,40435,2,2,0,0,2,2,0,19,PIMA (19),TUCSON,28,7,2020,3,Tuesday,15,3:00pm-3:59pm,55,This section IS NOT on the NHS,6,Local Street - Municipality,CLOVERLAND AVE,PIMA ST,2,Urban,4,Minor Arterial,4,City or Municipal Highway Agency,0,None,32.24342778,-110.88086111,No Special Jurisdiction,12,Motor Vehicle In-Transport,6,Angle,0,No,2,Intersection,3,T-Intersection,None,1,On Roadway,1,Daylight,1,Clear,0,15,3:00pm-3:59pm,55,15,3:00pm-3:59pm,59,16,4:00pm-4:59pm,16,1,0
2020,4,Arizona,40436,2,2,0,0,2,2,0,19,PIMA (19),SELLS,1,5,2020,6,Friday,99,Unknown Hours,Unknown Minutes,This section IS NOT on the NHS,3,State Highway,SR-86,,1,Rural,4,Minor Arterial,1,State Highway Agency,776,776,32.01631944,-111.63105556,Indian Reservation,12,Motor Vehicle In-Transport,99,Reported as Unknown,9,Reported as Unknown,99,Reported as Unknown,99,Reported as Unknown,None,99,Reported as Unknown,9,Reported as Unknown,99,Reported as Unknown,0,99,Unknown,Unknown,99,Unknown EMS Scene Arrival Hour,Unknown EMS Scene Arrival Minutes,99,Unknown,Unknown EMS Hospital Arrival Time,1,0
2020,4,Arizona,40437,1,1,0,1,1,1,1,13,MARICOPA (13),PHOENIX,2,5,2020,7,Saturday,4,4:00am-4:59am,17,This section IS NOT on the NHS,6,Local Street - Municipality,43RD AVE,,2,Urban,4,Minor Arterial,4,City or Municipal Highway Agency,0,None,33.51879167,-112.15157222,No Special Jurisdiction,8,Pedestrian,0,The First Harmful Event was Not a Collision with a Motor Vehicle in Transport,0,No,1,Non-Junction,1,Not an Intersection,None,1,On Roadway,3,Dark - Lighted,1,Clear,0,99,Unknown,Unknown,99,Unknown EMS Scene Arrival Hour,Unknown EMS Scene Arrival Minutes,88,Not Applicable (Not Transported),Not Applicable (Not Transported),1,0
2020,4,Arizona,40438,1,1,0,0,1,1,0,19,PIMA (19),TUCSON,3,5,2020,1,Sunday,14,2:00pm-2:59pm,25,This section IS NOT on the NHS,4,County Road,CR-REDDINGTON RF,,1,Rural,6,Minor Collector,2,County Highway Agency,0,None,32.34780278,-110.54063333,No Special Jurisdiction,1,Rollover/Overturn,0,The First Harmful Event was Not a Collision with a Motor Vehicle in Transport,0,No,1,Non-Junction,1,Not an Intersection,None,99,Reported as Unknown,9,Reported as Unknown,99,Reported as Unknown,0,99,Unknown,Unknown,99,Unknown EMS Scene Arrival Hour,Unknown EMS Scene Arrival Minutes,99,Unknown,Unknown EMS Hospital Arrival Time,1,1
2020,4,Arizona,40439,1,1,0,0,1,1,0,17,NAVAJO (17),DILKON,5,5,2020,3,Tuesday,23,11:00pm-11:59pm,57,This section IS NOT on the NHS,8,Other,BIA 15,BIA 60,1,Rural,5,Major Collector,62,Bureau of Indian Affairs,0,None,35.38987778,-110.32994722,No Special Jurisdiction,99,Reported as Unknown,99,Reported as Unknown,9,Reported as Unknown,3,Intersection-Related,2,Four-Way Intersection,None,99,Reported as Unknown,6,Dark - Unknown Lighting,99,Reported as Unknown,0,99,Unknown,Unknown,99,Unknown EMS Scene Arrival Hour,Unknown EMS Scene Arrival Minutes,99,Unknown,Unknown EMS Hospital Arrival Time,1,0
2020,4,Arizona,40440,1,1,0,1,2,2,1,13,MARICOPA (13),PHOENIX,6,5,2020,4,Wednesday,23,11:00pm-11:59pm,0,This section IS ON the NHS,6,Local Street - Municipality,7TH ST,CAROL AVE,1,Rural,3,Principal Arterial - Other,1,State Highway Agency,0,None,33.57230833,-112.06521111,No Special Jurisdiction,9,Pedalcyclist,0,The First Harmful Event was Not a Collision with a Motor Vehicle in Transport,0,No,3,Intersection-Related,2,Four-Way Intersection,None,1,On Roadway,6,Dark - Unknown Lighting,99,Reported as Unknown,0,99,Unknown,Unknown,99,Unknown EMS Scene Arrival Hour,Unknown EMS Scene Arrival Minutes,99,Unknown,Unknown EMS Hospital Arrival Time,1,1
2020,4,Arizona,40441,1,1,0,1,2,2,1,13,MARICOPA (13),CHANDLER,9,5,2020,7,Saturday,9,9:00am-9:59am,2,This section IS NOT on the NHS,6,Local Street - Municipality,HUNT HWY,,1,Rural,4,Minor Arterial,4,City or Municipal Highway Agency,0,None,Not Available,Not Available,No Special Jurisdiction,9,Pedalcyclist,0,The First Harmful Event was Not a Collision with a Motor Vehicle in Transport,0,No,1,Non-Junction,1,Not an Intersection,None,4,On Roadside,1,Daylight,1,Clear,0,9,9:00am-9:59am,2,9,9:00am-9:59am,7,88,Not Applicable (Not Transported),Not Applicable (Not Transported),1,0
2020,4,Arizona,40442,2,2,0,0,5,5,0,13,MARICOPA (13),GLENDALE,10,5,2020,1,Sunday,11,11:00am-11:59am,38,This section IS NOT on the NHS,9,Unknown,95TH AVE,GEORGIA AVE,2,Urban,99,Unknown,99,Unknown,0,None,33.51371667,-112.26381944,No Special Jurisdiction,12,Motor Vehicle In-Transport,6,Angle,0,No,2,Intersection,3,T-Intersection,None,1,On Roadway,9,Reported as Unknown,99,Reported as Unknown,0,99,Unknown,Unknown,99,Unknown EMS Scene Arrival Hour,Unknown EMS Scene Arrival Minutes,99,Unknown,Unknown EMS Hospital Arrival Time,1,0
2020,4,Arizona,40443,1,1,0,1,1,1,1,13,MARICOPA (13),PHOENIX,10,5,2020,1,Sunday,20,8:00pm-8:59pm,40,This section IS ON the NHS,6,Local Street - Municipality,INDIAN SCHOOL RD,,2,Urban,3,Principal Arterial - Other,4,City or Municipal Highway Agency,0,None,33.49473056,-112.21390556,No Special Jurisdiction,8,Pedestrian,0,The First Harmful Event was Not a Collision with a Motor Vehicle in Transport,0,No,1,Non-Junction,1,Not an Intersection,None,1,On Roadway,3,Dark - Lighted,1,Clear,0,20,8:00pm-8:59pm,32,20,8:00pm-8:59pm,33,20,8:00pm-8:59pm,55,1,0
2020,4,Arizona,40444,3,2,1,0,4,2,2,13,MARICOPA (13),PHOENIX,16,5,2020,7,Saturday,11,11:00am-11:59am,50,This section IS NOT on the NHS,9,Unknown,LYNNE LN,4TH AVE,2,Urban,99,Unknown,99,Unknown,0,None,33.39040556,-112.07869722,No Special Jurisdiction,12,Motor Vehicle In-Transport,6,Angle,0,No,2,Intersection,2,Four-Way Intersection,None,1,On Roadway,1,Daylight,1,Clear,0,11,11:00am-11:59am,52,11,11:00am-11:59am,56,12,12:00pm-12:59pm,22,1,1