AccidentYear,STATE,STATENAME,ST_CASE,VE_TOTAL,VE_FORMS,PVH_INVL,PEDS,PERSONS,PERMVIT,PERNOTMVIT,COUNTY,COUNTYNAME,CITYNAME,DAY,MONTH,YEAR,DAY_WEEK,DAY_WEEKNAME,HOUR,HOURNAME,MINUTENAME,NHSNAME,ROUTE,ROUTENAME,TWAY_ID,TWAY_ID2,RUR_URB,RUR_URBNAME,FUNC_SYS,FUNC_SYSNAME,RD_OWNER,RD_OWNERNAME,MILEPT,MILEPTNAME,LATITUDENAME,LONGITUDNAME,SP_JURNAME,HARM_EV,HARM_EVNAME,MAN_COLL,MAN_COLLNAME,RELJCT1,RELJCT1NAME,RELJCT2,RELJCT2NAME,TYP_INT,TYP_INTNAME,WRK_ZONENAME,REL_ROAD,REL_ROADNAME,LGT_COND,LGT_CONDNAME,WEATHER,WEATHERNAME,SCH_BUS,NOT_HOUR,NOT_HOURNAME,NOT_MINNAME,ARR_HOUR,ARR_HOURNAME,ARR_MINNAME,HOSP_HR,HOSP_HRNAME,HOSP_MNNAME,FATALS,DRUNK_DR
2020,4,Arizona,40446,1,1,0,0,1,1,0,13,MARICOPA (13),GLENDALE,20,5,2020,4,Wednesday,99,Unknown Hours,Unknown Minutes,Unknown if this section is on the NHS,9,Unknown,65TH AVE,,9,Unknown,99,Unknown,99,Unknown,0,None,Reported as Unknown,Reported as Unknown,Unknown,99,Reported as Unknown,99,Reported as Unknown,9,Reported as Unknown,99,Reported as Unknown,99,Reported as Unknown,None,99,Reported as Unknown,9,Reported as Unknown,99,Reported as Unknown,0,99,Unknown,Unknown,99,Unknown EMS Scene Arrival Hour,Unknown EMS Scene Arrival Minutes,99,Unknown,Unknown EMS Hospital Arrival Time,1,0
2020,4,Arizona,40447,1,1,0,0,1,1,0,17,NAVAJO (17),NOT APPLICABLE,21,5,2020,5,Thursday,22,10:00pm-10:59pm,11,This section IS NOT on the NHS,8,Other,BIA-15,,1,Rural,5,Major Collector,62,Bureau of Indian Affairs,99998,Not Reported,Reported as Unknown,Reported as Unknown,Indian Reservation,99,Reported as Unknown,99,Reported as Unknown,9,Reported as Unknown,99,Reported as Unknown,99,Reported as Unknown,None,99,Reported as Unknown,9,Reported as Unknown,99,Reported as Unknown,0,99,Unknown,Unknown,99,Unknown EMS Scene Arrival Hour,Unknown EMS Scene Arrival Minutes,99,Unknown,Unknown EMS Hospital Arrival Time,1,0
2020,4,Arizona,40448,1,1,0,1,1,1,1,13,MARICOPA (13),BUCKEYE,22,5,2020,6,Friday,99,Unknown Hours,Unknown Minutes,This section IS ON the NHS,1,Interstate,I-10,,2,Urban,1,Interstate,1,State Highway Agency,1170,1170,33.442,-112.56472778,No Special Jurisdiction,8,Pedestrian,0,The First Harmful Event was Not a Collision with a Motor Vehicle in Transport,0,No,1,Non-Junction,1,Not an Intersection,None,3,On Median,9,Reported as Unknown,99,Reported as Unknown,0,99,Unknown,Unknown,99,Unknown EMS Scene Arrival Hour,Unknown EMS Scene Arrival Minutes,88,Not Applicable (Not Transported),Not Applicable (Not Transported),1,0
2020,4,Arizona,40449,1,1,0,1,2,2,1,13,MARICOPA (13),CHANDLER,23,5,2020,7,Saturday,21,9:00pm-9:59pm,23,This section IS ON the NHS,6,Local Street - Municipality,ARIZONA AVE,ELGIN AVE,2,Urban,3,Principal Arterial - Other,4,City or Municipal Highway Agency,0,None,33.297475,-111.84161389,No Special Jurisdiction,15,Non-Motorist on Personal Conveyance,0,The First Harmful Event was Not a Collision with a Motor Vehicle in Transport,0,No,2,Intersection,2,Four-Way Intersection,None,1,On Roadway,3,Dark - Lighted,1,Clear,0,21,9:00pm-9:59pm,24,21,9:00pm-9:59pm,27,99,Unknown,Unknown EMS Hospital Arrival Time,1,0
2020,4,Arizona,40450,2,2,0,1,2,2,1,13,MARICOPA (13),NOT APPLICABLE,24,5,2020,1,Sunday,22,10:00pm-10:59pm,1,This section IS NOT on the NHS,4,County Road,CR-PATON RD,,1,Rural,5,Major Collector,2,County Highway Agency,0,None,33.73865556,-112.51597222,No Special Jurisdiction,9,Pedalcyclist,0,The First Harmful Event was Not a Collision with a Motor Vehicle in Transport,0,No,1,Non-Junction,1,Not an Intersection,None,1,On Roadway,2,Dark - Not Lighted,1,Clear,0,22,10:00pm-10:59pm,1,22,10:00pm-10:59pm,25,22,10:00pm-10:59pm,45,1,0
2020,4,Arizona,40451,2,1,1,1,1,1,1,13,MARICOPA (13),QUEEN CREEK,29,5,2020,6,Friday,4,4:00am-4:59am,31,This section IS NOT on the NHS,4,County Road,CR-RIGGS RD,,2,Urban,5,Major Collector,2,County Highway Agency,0,None,33.21966389,-111.60808611,No Special Jurisdiction,8,Pedestrian,0,The First Harmful Event was Not a Collision with a Motor Vehicle in Transport,0,No,1,Non-Junction,1,Not an Intersection,None,1,On Roadway,2,Dark - Not Lighted,1,Clear,0,4,4:00am-4:59am,32,4,4:00am-4:59am,43,99,Unknown,Unknown EMS Hospital Arrival Time,1,0
2020,4,Arizona,40452,1,1,0,0,1,1,0,13,MARICOPA (13),SCOTTSDALE,30,5,2020,7,Saturday,99,Unknown Hours,Unknown Minutes,This section IS ON the NHS,3,State Highway,SR-101,,2,Urban,2,Principal Arterial - Other Freeways and Expressways,1,State Highway Agency,99999,Unknown,33.54016944,-111.88163889,No Special Jurisdiction,99,Reported as Unknown,99,Reported as Unknown,1,Yes,5,Entrance/Exit Ramp Related,1,Not an Intersection,None,99,Reported as Unknown,9,Reported as Unknown,99,Reported as Unknown,0,99,Unknown,Unknown,99,Unknown EMS Scene Arrival Hour,Unknown EMS Scene Arrival Minutes,99,Unknown,Unknown EMS Hospital Arrival Time,1,0
2020,4,Arizona,40453,1,1,0,0,1,1,0,13,MARICOPA (13),PHOENIX,30,5,2020,7,Saturday,3,3:00am-3:59am,53,This section IS NOT on the NHS,6,Local Street - Municipality,19TH AVE,,2,Urban,6,Minor Collector,4,City or Municipal Highway Agency,0,None,33.35200833,-112.1005,No Special Jurisdiction,17,Boulder,0,The First Harmful Event was Not a Collision with a Motor Vehicle in Transport,0,No,1,Non-Junction,1,Not an Intersection,None,4,On Roadside,2,Dark - Not Lighted,99,Reported as Unknown,0,99,Unknown,Unknown,99,Unknown EMS Scene Arrival Hour,Unknown EMS Scene Arrival Minutes,88,Not Applicable (Not Transported),Not Applicable (Not Transported),1,0
2020,4,Arizona,40454,1,1,0,1,1,1,1,23,SANTA CRUZ (23),NOGALES,31,5,2020,1,Sunday,7,7:00am-7:59am,0,This section IS ON the NHS,1,Interstate,I-19,,2,Urban,1,Interstate,1,State Highway Agency,99999,Unknown,31.37422222,-110.93548333,No Special Jurisdiction,9,Pedalcyclist,0,The First Harmful Event was Not a Collision with a Motor Vehicle in Transport,0,No,99,Reported as Unknown,99,Reported as Unknown,None,99,Reported as Unknown,9,Reported as Unknown,99,Reported as Unknown,0,99,Unknown,Unknown,99,Unknown EMS Scene Arrival Hour,Unknown EMS Scene Arrival Minutes,99,Unknown,Unknown EMS Hospital Arrival Time,1,0
2020,4,Arizona,40455,1,1,0,1,2,2,1,13,MARICOPA (13),MESA,11,5,2020,2,Monday,1,1:00am-1:59am,24,This section IS NOT on the NHS,6,Local Street - Municipality,DOBSON RD,BRARY WAY,2,Urban,3,Principal Arterial - Other,4,City or Municipal Highway Agency,0,None,33.39128333,-111.87461944,No Special Jurisdiction,8,Pedestrian,0,The First Harmful Event was Not a Collision with a Motor Vehicle in Transport,0,No,3,Intersection-Related,3,T-Intersection,None,1,On Roadway,3,Dark - Lighted,1,Clear,0,1,1:00am-1:59am,20,1,1:00am-1:59am,20,1,1:00am-1:59am,30,1,0
2020,4,Arizona,40456,1,1,0,0,1,1,0,25,YAVAPAI (25),PRESCOTT VALLEY,19,5,2020,3,Tuesday,20,8:00pm-8:59pm,47,This section IS NOT on the NHS,6,Local Street - Municipality,ROBERT RD,,2,Urban,4,Minor Arterial,4,City or Municipal Highway Agency,0,None,34.61834722,-112.32043333,No Special Jurisdiction,34,Ditch,0,The First Harmful Event was Not a Collision with a Motor Vehicle in Transport,0,No,1,Non-Junction,1,Not an Intersection,None,4,On Roadside,2,Dark - Not Lighted,1,Clear,0,20,8:00pm-8:59pm,29,20,8:00pm-8:59pm,36,20,8:00pm-8:59pm,59,1,0
2020,4,Arizona,40457,1,1,0,0,3,3,0,5,COCONINO (5),NOT APPLICABLE,30,5,2020,7,Saturday,16,4:00pm-4:59pm,42,This section IS NOT on the NHS,8,Other,FS-142E,,1,Rural,7,Local,64,U.S. Forest Service,99998,Not Reported,34.5201,-111.42513889,No Special Jurisdiction,44,"Pavement Surface Irregularity (Ruts, Potholes, Grates, etc.)",0,The First Harmful Event was Not a Collision with a Motor Vehicle in Transport,0,No,1,Non-Junction,1,Not an Intersection,None,1,On Roadway,1,Daylight,1,Clear,0,16,4:00pm-4:59pm,42,17,5:00pm-5:59pm,28,99,Unknown,Unknown EMS Hospital Arrival Time,2,1
2020,4,Arizona,40458,2,2,0,0,4,4,0,13,MARICOPA (13),GOODYEAR,31,5,2020,1,Sunday,11,11:00am-11:59am,38,This section IS NOT on the NHS,6,Local Street - Municipality,YUMA RD,,2,Urban,4,Minor Arterial,4,City or Municipal Highway Agency,0,None,Reported as Unknown,Reported as Unknown,No Special Jurisdiction,12,Motor Vehicle In-Transport,6,Angle,0,No,8,Driveway Access Related,1,Not an Intersection,None,1,On Roadway,1,Daylight,1,Clear,0,11,11:00am-11:59am,38,11,11:00am-11:59am,42,11,11:00am-11:59am,59,1,0
2020,4,Arizona,40459,1,1,0,0,1,1,0,19,PIMA (19),SAHUARITA,30,6,2020,3,Tuesday,12,12:00pm-12:59pm,55,This section IS NOT on the NHS,9,Unknown,NOGALES HWY,,2,Urban,5,Major Collector,99,Unknown,0,None,31.95483611,-110.96088056,No Special Jurisdiction,33,Curb,0,The First Harmful Event was Not a Collision with a Motor Vehicle in Transport,0,No,1,Non-Junction,1,Not an Intersection,None,3,On Median,1,Daylight,1,Clear,0,12,12:00pm-12:59pm,55,13,1:00pm-1:59pm,3,88,Not Applicable (Not Transported),Not Applicable (Not Transported),1,0
2020,4,Arizona,40460,2,2,0,0,3,3,0,13,MARICOPA (13),GILBERT,10,7,2020,6,Friday,5,5:00am-5:59am,51,This section IS NOT on the NHS,6,Local Street - Municipality,WARNER RD,LINDSAY RD,2,Urban,3,Principal Arterial - Other,4,City or Municipal Highway Agency,0,None,33.33568889,-111.77293889,No Special Jurisdiction,12,Motor Vehicle In-Transport,6,Angle,0,No,2,Intersection,2,Four-Way Intersection,None,1,On Roadway,4,Dawn,99,Reported as Unknown,0,5,5:00am-5:59am,49,5,5:00am-5:59am,56,88,Not Applicable (Not Transported),Not Applicable (Not Transported),1,1
2020,4,Arizona,40461,1,1,0,3,1,1,3,13,MARICOPA (13),PHOENIX,21,7,2020,3,Tuesday,12,12:00pm-12:59pm,24,This section IS NOT on the NHS,6,Local Street - Municipality,35TH AVE,,2,Urban,3,Principal Arterial - Other,4,City or Municipal Highway Agency,0,None,33.5668,-112.13428333,No Special Jurisdiction,8,Pedestrian,0,The First Harmful Event was Not a Collision with a Motor Vehicle in Transport,0,No,1,Non-Junction,1,Not an Intersection,None,4,On Roadside,1,Daylight,1,Clear,0,12,12:00pm-12:59pm,26,12,12:00pm-12:59pm,42,12,12:00pm-12:59pm,48,2,0
2020,4,Arizona,40464,2,2,0,0,2,2,0,13,MARICOPA (13),PHOENIX,2,6,2020,3,Tuesday,7,7:00am-7:59am,52,This section IS NOT on the NHS,6,Local Street - Municipality,DEER VALLEY DR,,2,Urban,4,Minor Arterial,4,City or Municipal Highway Agency,0,None,33.68411667,-112.00426944,No Special Jurisdiction,12,Motor Vehicle In-Transport,1,Front-to-Rear,0,No,1,Non-Junction,1,Not an Intersection,None,1,On Roadway,1,Daylight,1,Clear,0,7,7:00am-7:59am,53,7,7:00am-7:59am,59,8,8:00am-8:59am,11,1,0
2020,4,Arizona,40468,3,3,0,0,3,3,0,13,MARICOPA (13),PHOENIX,22,7,2020,4,Wednesday,6,6:00am-6:59am,3,This section IS NOT on the NHS,6,Local Street - Municipality,BROADWAY RD,,2,Urban,4,Minor Arterial,4,City or Municipal Highway Agency,0,None,33.40666111,-112.12380556,No Special Jurisdiction,12,Motor Vehicle In-Transport,7,Sideswipe - Same Direction,0,No,1,Non-Junction,1,Not an Intersection,None,1,On Roadway,1,Daylight,1,Clear,0,6,6:00am-6:59am,5,6,6:00am-6:59am,7,88,Not Applicable (Not Transported),Not Applicable (Not Transported),1,0
2020,4,Arizona,40469,1,1,0,1,1,1,1,5,COCONINO (5),FLAGSTAFF,30,7,2020,5,Thursday,20,8:00pm-8:59pm,30,This section IS NOT on the NHS,6,Local Street - Municipality,4TH ST,,2,Urban,5,Major Collector,4,City or Municipal Highway Agency,0,None,35.21589722,-111.61351667,No Special Jurisdiction,8,Pedestrian,0,The First Harmful Event was Not a Collision with a Motor Vehicle in Transport,0,No,1,Non-Junction,1,Not an Intersection,None,1,On Roadway,3,Dark - Lighted,1,Clear,0,20,8:00pm-8:59pm,30,20,8:00pm-8:59pm,30,20,8:00pm-8:59pm,36,1,0
2020,4,Arizona,40470,1,1,0,1,1,1,1,13,MARICOPA (13),TEMPE,1,8,2020,7,Saturday,6,6:00am-6:59am,6,This section IS ON the NHS,6,Local Street - Municipality,SCOTTSDALE RD,,2,Urban,3,Principal Arterial - Other,4,City or Municipal Highway Agency,0,None,33.44716944,-111.92646111,No Special Jurisdiction,8,Pedestrian,0,The First Harmful Event was Not a Collision with a Motor Vehicle in Transport,0,No,1,Non-Junction,1,Not an Intersection,None,1,On Roadway,1,Daylight,1,Clear,0,6,6:00am-6:59am,7,6,6:00am-6:59am,11,6,6:00am-6:59am,31,1,0
2020,4,Arizona,40471,2,2,0,0,3,3,0,7,GILA (7),STRAWBERRY,1,8,2020,7,Saturday,13,1:00pm-1:59pm,7,This section IS NOT on the NHS,3,State Highway,SR-87,,1,Rural,3,Principal Arterial - Other,1,State Highway Agency,1521,1521,34.40623889,-111.4827,No Special Jurisdiction,12,Motor Vehicle In-Transport,2,Front-to-Front,0,No,1,Non-Junction,1,Not an Intersection,None,1,On Roadway,1,Daylight,1,Clear,0,13,1:00pm-1:59pm,6,13,1:00pm-1:59pm,9,14,2:00pm-2:59pm,41,1,0
2020,4,Arizona,40472,1,1,0,1,1,1,1,5,COCONINO (5),NOT APPLICABLE,3,8,2020,2,Monday,1,1:00am-1:59am,55,This section IS ON the NHS,1,Interstate,I-40,,1,Rural,1,Interstate,1,State Highway Agency,1682,1682,35.25856667,-112.1015,No Special Jurisdiction,8,Pedestrian,0,The First Harmful Event was Not a Collision with a Motor Vehicle in Transport,0,No,1,Non-Junction,1,Not an Intersection,None,1,On Roadway,2,Dark - Not Lighted,1,Clear,0,2,2:00am-2:59am,8,2,2:00am-2:59am,30,88,Not Applicable (Not Transported),Not Applicable (Not Transported),1,0
2020,4,Arizona,40473,3,3,0,0,3,3,0,13,MARICOPA (13),MESA,5,8,2020,4,Wednesday,7,7:00am-7:59am,53,This section IS NOT on the NHS,6,Local Street - Municipality,HIGLEY RD,UNIVERSITY DR,2,Urban,3,Principal Arterial - Other,4,City or Municipal Highway Agency,0,None,33.42279444,-111.71910556,No Special Jurisdiction,12,Motor Vehicle In-Transport,6,Angle,0,No,2,Intersection,2,Four-Way Intersection,None,1,On Roadway,1,Daylight,1,Clear,0,7,7:00am-7:59am,56,99,Unknown EMS Scene Arrival Hour,Unknown EMS Scene Arrival Minutes,99,Unknown,Unknown EMS Hospital Arrival Time,1,0
2020,4,Arizona,40474,1,1,0,0,1,1,0,19,PIMA (19),NOT APPLICABLE,6,8,2020,5,Thursday,0,0:00am-0:59am,44,This section IS NOT on the NHS,9,Unknown,ILLINOIS ST,,2,Urban,99,Unknown,99,Unknown,0,None,32.169125,-110.89958056,No Special Jurisdiction,58,Ground,0,The First Harmful Event was Not a Collision with a Motor Vehicle in Transport,0,No,1,Non-Junction,1,Not an Intersection,Construction,1,On Roadway,2,Dark - Not Lighted,1,Clear,0,0,0:00am-0:59am,45,0,0:00am-0:59am,55,1,1:00am-1:59am,18,1,0
2020,4,Arizona,40475,2,2,0,0,2,2,0,21,PINAL (21),FLORENCE,7,8,2020,6,Friday,5,5:00am-5:59am,28,This section IS NOT on the NHS,6,Local Street - Municipality,ATTWAY RD,,1,Rural,4,Minor Arterial,4,City or Municipal Highway Agency,0,None,33.04593889,-111.47333056,No Special Jurisdiction,12,Motor Vehicle In-Transport,6,Angle,0,No,8,Driveway Access Related,1,Not an Intersection,None,1,On Roadway,1,Daylight,1,Clear,0,5,5:00am-5:59am,25,5,5:00am-5:59am,30,99,Unknown,Unknown EMS Hospital Arrival Time,1,0
2020,4,Arizona,40476,1,1,0,0,1,1,0,5,COCONINO (5),Unknown,8,8,2020,7,Saturday,2,2:00am-2:59am,33,This section IS ON the NHS,2,U.S. Highway,US-89,,1,Rural,3,Principal Arterial - Other,1,State Highway Agency,1031,1031,36.63388611,-111.65161111,No Special Jurisdiction,1,Rollover/Overturn,0,The First Harmful Event was Not a Collision with a Motor Vehicle in Transport,0,No,1,Non-Junction,1,Not an Intersection,None,4,On Roadside,3,Dark - Lighted,1,Clear,0,2,2:00am-2:59am,33,3,3:00am-3:59am,6,88,Not Applicable (Not Transported),Not Applicable (Not Transported),1,0
2020,4,Arizona,40477,1,1,0,1,2,2,1,19,PIMA (19),TUCSON,8,8,2020,7,Saturday,21,9:00pm-9:59pm,57,This section IS NOT on the NHS,6,Local Street - Municipality,GRANT RD,COUNTRY CLUB RD,2,Urban,3,Principal Arterial - Other,4,City or Municipal Highway Agency,0,None,32.25038611,-110.92683333,No Special Jurisdiction,9,Pedalcyclist,0,The First Harmful Event was Not a Collision with a Motor Vehicle in Transport,0,No,3,Intersection-Related,2,Four-Way Intersection,None,1,On Roadway,3,Dark - Lighted,1,Clear,0,21,9:00pm-9:59pm,57,22,10:00pm-10:59pm,0,88,Not Applicable (Not Transported),Not Applicable (Not Transported),1,0
2020,4,Arizona,40478,2,2,0,0,2,2,0,19,PIMA (19),TUCSON,8,8,2020,7,Saturday,23,11:00pm-11:59pm,21,This section IS NOT on the NHS,6,Local Street - Municipality,KOLB RD,19TH ST,2,Urban,3,Principal Arterial - Other,4,City or Municipal Highway Agency,0,None,32.20858333,-110.84085278,No Special Jurisdiction,12,Motor Vehicle In-Transport,1,Front-to-Rear,0,No,3,Intersection-Related,3,T-Intersection,None,1,On Roadway,3,Dark - Lighted,1,Clear,0,23,11:00pm-11:59pm,21,23,11:00pm-11:59pm,30,88,Not Applicable (Not Transported),Not Applicable (Not Transported),1,1
2020,4,Arizona,40479,1,1,0,0,1,1,0,7,GILA (7),NOT APPLICABLE,9,8,2020,1,Sunday,4,4:00am-4:59am,33,This section IS ON the NHS,3,State Highway,SR-87,,1,Rural,3,Principal Arterial - Other,1,State Highway Agency,1293,1293,34.16360833,-111.32740556,No Special Jurisdiction,35,Embankment,0,The First Harmful Event was Not a Collision with a Motor Vehicle in Transport,0,No,1,Non-Junction,1,Not an Intersection,None,4,On Roadside,4,Dawn,1,Clear,0,4,4:00am-4:59am,34,4,4:00am-4:59am,44,88,Not Applicable (Not Transported),Not Applicable (Not Transported),1,0
2020,4,Arizona,40480,2,2,0,0,2,2,0,19,PIMA (19),NOT APPLICABLE,10,8,2020,2,Monday,6,6:00am-6:59am,27,This section IS NOT on the NHS,4,County Road,CR-AVRA VALLEY RD,,1,Rural,5,Major Collector,2,County Highway Agency,0,None,32.40196667,-111.24398333,No Special Jurisdiction,12,Motor Vehicle In-Transport,2,Front-to-Front,0,No,1,Non-Junction,1,Not an Intersection,None,1,On Roadway,1,Daylight,1,Clear,0,6,6:00am-6:59am,29,6,6:00am-6:59am,35,6,6:00am-6:59am,55,1,0
2020,4,Arizona,40481,2,2,0,0,3,3,0,5,COCONINO (5),NOT APPLICABLE,10,8,2020,2,Monday,12,12:00pm-12:59pm,47,This section IS ON the NHS,3,State Highway,SR-260,,1,Rural,3,Principal Arterial - Other,1,State Highway Agency,1068,1068,34.32976944,-110.80286389,No Special Jurisdiction,12,Motor Vehicle In-Transport,6,Angle,0,No,8,Driveway Access Related,1,Not an Intersection,None,1,On Roadway,1,Daylight,1,Clear,0,12,12:00pm-12:59pm,47,12,12:00pm-12:59pm,52,99,Unknown,Unknown EMS Hospital Arrival Time,1,0
2020,4,Arizona,40482,1,1,0,1,1,1,1,19,PIMA (19),TUCSON,11,8,2020,3,Tuesday,3,3:00am-3:59am,46,This section IS ON the NHS,6,Local Street - Municipality,VALENCIA RD,,2,Urban,3,Principal Arterial - Other,1,State Highway Agency,0,None,32.13389722,-110.9785,No Special Jurisdiction,8,Pedestrian,0,The First Harmful Event was Not a Collision with a Motor Vehicle in Transport,0,No,1,Non-Junction,1,Not an Intersection,None,1,On Roadway,3,Dark - Lighted,10,Cloudy,0,3,3:00am-3:59am,46,3,3:00am-3:59am,50,88,Not Applicable (Not Transported),Not Applicable (Not Transported),1,0
2020,4,Arizona,40483,2,2,0,0,5,5,0,19,PIMA (19),TUCSON,12,8,2020,4,Wednesday,13,1:00pm-1:59pm,11,This section IS NOT on the NHS,6,Local Street - Municipality,GRANT RD,15TH AVE,2,Urban,3,Principal Arterial - Other,4,City or Municipal Highway Agency,0,None,32.2503,-110.98223333,No Special Jurisdiction,12,Motor Vehicle In-Transport,6,Angle,0,No,2,Intersection,4,Y-Intersection,None,1,On Roadway,1,Daylight,1,Clear,0,13,1:00pm-1:59pm,11,13,1:00pm-1:59pm,15,99,Unknown,Unknown EMS Hospital Arrival Time,1,0
2020,4,Arizona,40484,2,2,0,0,2,2,0,25,YAVAPAI (25),NOT APPLICABLE,12,8,2020,4,Wednesday,14,2:00pm-2:59pm,6,This section IS ON the NHS,3,State Highway,SR-89,LITTLE RANCH RD,1,Rural,3,Principal Arterial - Other,1,State Highway Agency,769,769,34.86746944,-112.47018333,No Special Jurisdiction,12,Motor Vehicle In-Transport,1,Front-to-Rear,0,No,2,Intersection,3,T-Intersection,None,1,On Roadway,1,Daylight,10,Cloudy,0,14,2:00pm-2:59pm,10,14,2:00pm-2:59pm,16,88,Not Applicable (Not Transported),Not Applicable (Not Transported),1,0
2020,4,Arizona,40485,1,1,0,0,3,3,0,13,MARICOPA (13),NOT APPLICABLE,13,8,2020,5,Thursday,1,1:00am-1:59am,7,This section IS ON the NHS,1,Interstate,I-10,,1,Rural,1,Interstate,1,State Highway Agency,920,920,33.50238056,-112.96394722,No Special Jurisdiction,1,Rollover/Overturn,0,The First Harmful Event was Not a Collision with a Motor Vehicle in Transport,0,No,1,Non-Junction,1,Not an Intersection,None,3,On Median,2,Dark - Not Lighted,1,Clear,0,1,1:00am-1:59am,9,1,1:00am-1:59am,25,99,Unknown,Unknown EMS Hospital Arrival Time,1,0
2020,4,Arizona,40486,1,1,0,0,1,1,0,13,MARICOPA (13),PHOENIX,14,8,2020,6,Friday,1,1:00am-1:59am,50,This section IS NOT on the NHS,9,Unknown,11TH AVE,,2,Urban,99,Unknown,99,Unknown,0,None,Reported as Unknown,Reported as Unknown,No Special Jurisdiction,38,Fence,0,The First Harmful Event was Not a Collision with a Motor Vehicle in Transport,0,No,1,Non-Junction,1,Not an Intersection,None,4,On Roadside,3,Dark - Lighted,1,Clear,0,1,1:00am-1:59am,52,1,1:00am-1:59am,59,2,2:00am-2:59am,15,1,0
2020,4,Arizona,40487,2,2,0,0,3,3,0,3,COCHISE (3),NOT APPLICABLE,14,8,2020,6,Friday,5,5:00am-5:59am,9,This section IS ON the NHS,3,State Highway,SR-80,,1,Rural,3,Principal Arterial - Other,1,State Highway Agency,433,433,31.47228611,-109.97008611,No Special Jurisdiction,12,Motor Vehicle In-Transport,8,Sideswipe - Opposite Direction,0,No,1,Non-Junction,1,Not an Intersection,None,1,On Roadway,4,Dawn,10,Cloudy,0,5,5:00am-5:59am,14,5,5:00am-5:59am,25,99,Unknown,Unknown EMS Hospital Arrival Time,1,0
2020,4,Arizona,40488,1,1,0,1,1,1,1,13,MARICOPA (13),GLENDALE,15,8,2020,7,Saturday,23,11:00pm-11:59pm,41,This section IS ON the NHS,2,U.S. Highway,US-60,,2,Urban,3,Principal Arterial - Other,1,State Highway Agency,1232,1232,33.54559167,-112.19417778,No Special Jurisdiction,8,Pedestrian,0,The First Harmful Event was Not a Collision with a Motor Vehicle in Transport,0,No,1,Non-Junction,1,Not an Intersection,None,1,On Roadway,3,Dark - Lighted,1,Clear,0,99,Unknown,Unknown,99,Unknown EMS Scene Arrival Hour,Unknown EMS Scene Arrival Minutes,99,Unknown,Unknown EMS Hospital Arrival Time,1,0
2020,4,Arizona,40489,1,1,0,0,1,1,0,19,PIMA (19),NOT APPLICABLE,16,8,2020,1,Sunday,8,8:00am-8:59am,40,This section IS NOT on the NHS,4,County Road,CR-GENERAL HITCHCOCK HWY,,1,Rural,5,Major Collector,2,County Highway Agency,0,None,32.33801389,-110.70602778,No Special Jurisdiction,31,"Post, Pole or Other Supports",0,The First Harmful Event was Not a Collision with a Motor Vehicle in Transport,0,No,1,Non-Junction,1,Not an Intersection,None,4,On Roadside,1,Daylight,1,Clear,0,8,8:00am-8:59am,44,99,Unknown EMS Scene Arrival Hour,Unknown EMS Scene Arrival Minutes,99,Unknown,Unknown EMS Hospital Arrival Time,1,0
2020,4,Arizona,40490,2,2,0,0,3,3,0,13,MARICOPA (13),PEORIA,18,8,2020,3,Tuesday,7,7:00am-7:59am,47,This section IS NOT on the NHS,6,Local Street - Municipality,BEARDSLEY RD,83RD AVE,2,Urban,4,Minor Arterial,4,City or Municipal Highway Agency,0,None,33.66714444,-112.23788611,No Special Jurisdiction,12,Motor Vehicle In-Transport,6,Angle,0,No,2,Intersection,2,Four-Way Intersection,None,1,On Roadway,1,Daylight,1,Clear,0,7,7:00am-7:59am,50,7,7:00am-7:59am,58,8,8:00am-8:59am,16,1,0
2020,4,Arizona,40491,1,1,0,0,1,1,0,17,NAVAJO (17),PINETOP-LAKESIDE,18,8,2020,3,Tuesday,12,12:00pm-12:59pm,40,This section IS ON the NHS,3,State Highway,SR-260,,2,Urban,3,Principal Arterial - Other,1,State Highway Agency,1681,1681,34.16179167,-109.98505556,No Special Jurisdiction,33,Curb,0,The First Harmful Event was Not a Collision with a Motor Vehicle in Transport,0,No,1,Non-Junction,1,Not an Intersection,None,4,On Roadside,1,Daylight,1,Clear,0,12,12:00pm-12:59pm,40,12,12:00pm-12:59pm,43,88,Not Applicable (Not Transported),Not Applicable (Not Transported),1,0