AccidentYear,STATE,STATENAME,ST_CASE,VE_TOTAL,VE_FORMS,PVH_INVL,PEDS,PERSONS,PERMVIT,PERNOTMVIT,COUNTY,COUNTYNAME,CITYNAME,DAY,MONTH,YEAR,DAY_WEEK,DAY_WEEKNAME,HOUR,HOURNAME,MINUTENAME,NHSNAME,ROUTE,ROUTENAME,TWAY_ID,TWAY_ID2,RUR_URB,RUR_URBNAME,FUNC_SYS,FUNC_SYSNAME,RD_OWNER,RD_OWNERNAME,MILEPT,MILEPTNAME,LATITUDENAME,LONGITUDNAME,SP_JURNAME,HARM_EV,HARM_EVNAME,MAN_COLL,MAN_COLLNAME,RELJCT1,RELJCT1NAME,RELJCT2,RELJCT2NAME,TYP_INT,TYP_INTNAME,WRK_ZONENAME,REL_ROAD,REL_ROADNAME,LGT_COND,LGT_CONDNAME,WEATHER,WEATHERNAME,SCH_BUS,NOT_HOUR,NOT_HOURNAME,NOT_MINNAME,ARR_HOUR,ARR_HOURNAME,ARR_MINNAME,HOSP_HR,HOSP_HRNAME,HOSP_MNNAME,FATALS,DRUNK_DR
2020,4,Arizona,40493,1,1,0,1,1,1,1,7,GILA (7),GLOBE,19,8,2020,4,Wednesday,16,4:00pm-4:59pm,0,This section IS ON the NHS,2,U.S. Highway,US-60,,2,Urban,3,Principal Arterial - Other,1,State Highway Agency,2179,2179,33.40333333,-110.79265,No Special Jurisdiction,8,Pedestrian,0,The First Harmful Event was Not a Collision with a Motor Vehicle in Transport,0,No,8,Driveway Access Related,1,Not an Intersection,None,1,On Roadway,1,Daylight,1,Clear,0,16,4:00pm-4:59pm,0,16,4:00pm-4:59pm,3,16,4:00pm-4:59pm,28,1,0
2020,4,Arizona,40494,2,2,0,0,3,3,0,19,PIMA (19),TUCSON,19,8,2020,4,Wednesday,19,7:00pm-7:59pm,53,This section IS NOT on the NHS,6,Local Street - Municipality,FORT LOWELL RD,,2,Urban,4,Minor Arterial,4,City or Municipal Highway Agency,0,None,32.26515833,-110.90525556,No Special Jurisdiction,12,Motor Vehicle In-Transport,1,Front-to-Rear,0,No,1,Non-Junction,1,Not an Intersection,None,1,On Roadway,3,Dark - Lighted,1,Clear,0,19,7:00pm-7:59pm,53,20,8:00pm-8:59pm,3,20,8:00pm-8:59pm,40,1,0
2020,4,Arizona,40495,1,1,0,0,2,2,0,21,PINAL (21),NOT APPLICABLE,20,8,2020,5,Thursday,12,12:00pm-12:59pm,39,This section IS NOT on the NHS,3,State Highway,SR-79,,1,Rural,4,Minor Arterial,1,State Highway Agency,0,None,32.827275,-111.20852778,No Special Jurisdiction,59,Traffic Sign Support,0,The First Harmful Event was Not a Collision with a Motor Vehicle in Transport,0,No,1,Non-Junction,1,Not an Intersection,None,4,On Roadside,1,Daylight,1,Clear,0,12,12:00pm-12:59pm,42,13,1:00pm-1:59pm,1,99,Unknown,Unknown EMS Hospital Arrival Time,1,0
2020,4,Arizona,40496,1,1,0,0,2,2,0,5,COCONINO (5),NOT APPLICABLE,20,8,2020,5,Thursday,20,8:00pm-8:59pm,26,This section IS NOT on the NHS,3,State Highway,SR-98,,1,Rural,5,Major Collector,1,State Highway Agency,0,None,36.77351667,-111.28565278,No Special Jurisdiction,1,Rollover/Overturn,0,The First Harmful Event was Not a Collision with a Motor Vehicle in Transport,0,No,1,Non-Junction,1,Not an Intersection,None,4,On Roadside,2,Dark - Not Lighted,1,Clear,0,20,8:00pm-8:59pm,26,20,8:00pm-8:59pm,54,99,Unknown,Unknown EMS Hospital Arrival Time,1,1
2020,4,Arizona,40497,2,2,0,0,2,2,0,13,MARICOPA (13),GOODYEAR,21,8,2020,6,Friday,9,9:00am-9:59am,51,This section IS NOT on the NHS,6,Local Street - Municipality,ESTRELLA PKWY,,2,Urban,3,Principal Arterial - Other,4,City or Municipal Highway Agency,0,None,33.44818611,-112.39246667,No Special Jurisdiction,12,Motor Vehicle In-Transport,6,Angle,0,No,8,Driveway Access Related,1,Not an Intersection,None,1,On Roadway,1,Daylight,1,Clear,0,9,9:00am-9:59am,52,9,9:00am-9:59am,55,10,10:00am-10:59am,29,1,0
2020,4,Arizona,40498,5,5,0,0,11,11,0,19,PIMA (19),TUCSON,22,8,2020,7,Saturday,20,8:00pm-8:59pm,28,This section IS NOT on the NHS,3,State Highway,SR-86,,2,Urban,3,Principal Arterial - Other,1,State Highway Agency,0,None,32.17783611,-110.98436667,No Special Jurisdiction,12,Motor Vehicle In-Transport,7,Sideswipe - Same Direction,0,No,1,Non-Junction,1,Not an Intersection,None,1,On Roadway,3,Dark - Lighted,1,Clear,0,20,8:00pm-8:59pm,28,20,8:00pm-8:59pm,35,20,8:00pm-8:59pm,56,1,0
2020,4,Arizona,40499,5,5,0,0,8,8,0,13,MARICOPA (13),PHOENIX,22,8,2020,7,Saturday,21,9:00pm-9:59pm,47,This section IS ON the NHS,3,State Highway,SR-101,,2,Urban,2,Principal Arterial - Other Freeways and Expressways,1,State Highway Agency,307,307,33.66584722,-111.95544167,No Special Jurisdiction,12,Motor Vehicle In-Transport,1,Front-to-Rear,0,No,1,Non-Junction,1,Not an Intersection,Construction,1,On Roadway,3,Dark - Lighted,1,Clear,0,21,9:00pm-9:59pm,51,21,9:00pm-9:59pm,58,22,10:00pm-10:59pm,17,1,1
2020,4,Arizona,40500,3,3,0,0,6,6,0,15,MOHAVE (15),NOT APPLICABLE,22,8,2020,7,Saturday,21,9:00pm-9:59pm,47,This section IS ON the NHS,2,U.S. Highway,US-93,,1,Rural,3,Principal Arterial - Other,1,State Highway Agency,1216,1216,34.78781111,-113.624075,No Special Jurisdiction,12,Motor Vehicle In-Transport,7,Sideswipe - Same Direction,0,No,1,Non-Junction,1,Not an Intersection,None,1,On Roadway,2,Dark - Not Lighted,1,Clear,0,21,9:00pm-9:59pm,51,22,10:00pm-10:59pm,24,99,Unknown,Unknown EMS Hospital Arrival Time,1,0
2020,4,Arizona,40501,2,2,0,0,2,2,0,13,MARICOPA (13),PHOENIX,22,8,2020,7,Saturday,23,11:00pm-11:59pm,35,This section IS NOT on the NHS,6,Local Street - Municipality,LOWER BUCKEYE RD,87TH AVE,2,Urban,4,Minor Arterial,1,State Highway Agency,0,None,33.42207222,-112.24707222,No Special Jurisdiction,12,Motor Vehicle In-Transport,6,Angle,0,No,2,Intersection,2,Four-Way Intersection,None,1,On Roadway,3,Dark - Lighted,1,Clear,0,99,Unknown,Unknown,99,Unknown EMS Scene Arrival Hour,Unknown EMS Scene Arrival Minutes,99,Unknown,Unknown EMS Hospital Arrival Time,1,1
2020,4,Arizona,40502,2,2,0,0,2,2,0,13,MARICOPA (13),MESA,23,8,2020,1,Sunday,3,3:00am-3:59am,11,This section IS NOT on the NHS,6,Local Street - Municipality,BROADWAY RD,,2,Urban,3,Principal Arterial - Other,4,City or Municipal Highway Agency,0,None,33.40802778,-111.79570278,No Special Jurisdiction,12,Motor Vehicle In-Transport,1,Front-to-Rear,0,No,1,Non-Junction,1,Not an Intersection,None,1,On Roadway,3,Dark - Lighted,1,Clear,0,3,3:00am-3:59am,11,3,3:00am-3:59am,15,88,Not Applicable (Not Transported),Not Applicable (Not Transported),1,0
2020,4,Arizona,40503,2,2,0,0,2,2,0,19,PIMA (19),TUCSON,25,8,2020,3,Tuesday,11,11:00am-11:59am,0,This section IS ON the NHS,6,Local Street - Municipality,KOLB RD,IRVINGTON RD,2,Urban,3,Principal Arterial - Other,4,City or Municipal Highway Agency,0,None,32.162825,-110.84081667,No Special Jurisdiction,12,Motor Vehicle In-Transport,6,Angle,0,No,2,Intersection,4,Y-Intersection,None,1,On Roadway,1,Daylight,1,Clear,0,11,11:00am-11:59am,0,11,11:00am-11:59am,23,11,11:00am-11:59am,47,1,0
2020,4,Arizona,40504,1,1,0,0,2,2,0,25,YAVAPAI (25),NOT APPLICABLE,26,8,2020,4,Wednesday,13,1:00pm-1:59pm,0,This section IS NOT on the NHS,4,County Road,CR-COUNTY HWY 15,,1,Rural,5,Major Collector,2,County Highway Agency,0,None,34.42943056,-112.74521667,No Special Jurisdiction,1,Rollover/Overturn,0,The First Harmful Event was Not a Collision with a Motor Vehicle in Transport,0,No,1,Non-Junction,1,Not an Intersection,None,4,On Roadside,1,Daylight,1,Clear,0,99,Unknown,Unknown,99,Unknown EMS Scene Arrival Hour,Unknown EMS Scene Arrival Minutes,99,Unknown,Unknown EMS Hospital Arrival Time,1,1
2020,4,Arizona,40505,1,1,0,1,1,1,1,13,MARICOPA (13),GOODYEAR,27,8,2020,5,Thursday,19,7:00pm-7:59pm,32,This section IS ON the NHS,6,Local Street - Municipality,LITCHFIELD RD,,2,Urban,4,Minor Arterial,4,City or Municipal Highway Agency,0,None,33.46034722,-112.35803056,No Special Jurisdiction,8,Pedestrian,0,The First Harmful Event was Not a Collision with a Motor Vehicle in Transport,0,No,1,Non-Junction,1,Not an Intersection,None,1,On Roadway,3,Dark - Lighted,1,Clear,0,19,7:00pm-7:59pm,32,19,7:00pm-7:59pm,34,19,7:00pm-7:59pm,47,1,0
2020,4,Arizona,40506,2,2,0,0,2,2,0,13,MARICOPA (13),PEORIA,27,8,2020,5,Thursday,20,8:00pm-8:59pm,24,This section IS NOT on the NHS,3,State Highway,SR-74,NEW RIVER RD,1,Rural,5,Major Collector,1,State Highway Agency,0,None,33.804925,-112.24196389,No Special Jurisdiction,12,Motor Vehicle In-Transport,6,Angle,0,No,2,Intersection,3,T-Intersection,None,1,On Roadway,2,Dark - Not Lighted,1,Clear,0,20,8:00pm-8:59pm,24,20,8:00pm-8:59pm,36,99,Unknown,Unknown EMS Hospital Arrival Time,1,0
2020,4,Arizona,40507,1,1,0,0,1,1,0,17,NAVAJO (17),HOLBROOK,28,8,2020,6,Friday,12,12:00pm-12:59pm,31,This section IS ON the NHS,1,Interstate,I-40,,1,Rural,1,Interstate,1,State Highway Agency,2867,2867,34.91796667,-110.14454167,No Special Jurisdiction,1,Rollover/Overturn,0,The First Harmful Event was Not a Collision with a Motor Vehicle in Transport,0,No,1,Non-Junction,1,Not an Intersection,None,3,On Median,1,Daylight,1,Clear,0,12,12:00pm-12:59pm,34,12,12:00pm-12:59pm,40,88,Not Applicable (Not Transported),Not Applicable (Not Transported),1,1
2020,4,Arizona,40508,1,1,0,1,4,4,1,19,PIMA (19),TUCSON,28,8,2020,6,Friday,20,8:00pm-8:59pm,0,This section IS ON the NHS,6,Local Street - Municipality,VALENCIA RD,,2,Urban,3,Principal Arterial - Other,4,City or Municipal Highway Agency,0,None,32.13388889,-110.97876944,No Special Jurisdiction,8,Pedestrian,0,The First Harmful Event was Not a Collision with a Motor Vehicle in Transport,0,No,1,Non-Junction,1,Not an Intersection,None,1,On Roadway,3,Dark - Lighted,1,Clear,0,20,8:00pm-8:59pm,0,20,8:00pm-8:59pm,3,88,Not Applicable (Not Transported),Not Applicable (Not Transported),1,1
2020,4,Arizona,40509,1,1,0,0,1,1,0,19,PIMA (19),NOT APPLICABLE,29,8,2020,7,Saturday,11,11:00am-11:59am,33,This section IS NOT on the NHS,4,County Road,CR-GATES PASS RD,,2,Urban,5,Major Collector,2,County Highway Agency,0,None,32.23220833,-111.06835556,No Special Jurisdiction,38,Fence,0,The First Harmful Event was Not a Collision with a Motor Vehicle in Transport,0,No,1,Non-Junction,1,Not an Intersection,None,4,On Roadside,1,Daylight,1,Clear,0,11,11:00am-11:59am,35,11,11:00am-11:59am,53,88,Not Applicable (Not Transported),Not Applicable (Not Transported),1,0
2020,4,Arizona,40510,1,1,0,1,1,1,1,13,MARICOPA (13),MESA,29,8,2020,7,Saturday,19,7:00pm-7:59pm,53,This section IS NOT on the NHS,6,Local Street - Municipality,SOUTHERN AVE,,2,Urban,3,Principal Arterial - Other,4,City or Municipal Highway Agency,0,None,33.39335278,-111.68125,No Special Jurisdiction,8,Pedestrian,0,The First Harmful Event was Not a Collision with a Motor Vehicle in Transport,0,No,1,Non-Junction,1,Not an Intersection,None,1,On Roadway,2,Dark - Not Lighted,1,Clear,0,17,5:00pm-5:59pm,53,18,6:00pm-6:59pm,0,18,6:00pm-6:59pm,10,1,0
2020,4,Arizona,40511,1,1,0,0,1,1,0,19,PIMA (19),NOT APPLICABLE,30,8,2020,1,Sunday,0,0:00am-0:59am,3,This section IS NOT on the NHS,4,County Road,CR-VALENCIA RD,,2,Urban,4,Minor Arterial,2,County Highway Agency,0,None,32.13365,-111.04499444,No Special Jurisdiction,17,Boulder,0,The First Harmful Event was Not a Collision with a Motor Vehicle in Transport,0,No,1,Non-Junction,1,Not an Intersection,None,4,On Roadside,2,Dark - Not Lighted,1,Clear,0,0,0:00am-0:59am,3,0,0:00am-0:59am,14,88,Not Applicable (Not Transported),Not Applicable (Not Transported),1,1
2020,4,Arizona,40512,2,2,0,0,2,2,0,19,PIMA (19),NOT APPLICABLE,30,8,2020,1,Sunday,7,7:00am-7:59am,1,This section IS NOT on the NHS,4,County Road,CR-VALENCIA RD,IGNACIO M BAUMEA,2,Urban,5,Major Collector,2,County Highway Agency,0,None,32.13342778,-111.08049722,No Special Jurisdiction,12,Motor Vehicle In-Transport,6,Angle,0,No,2,Intersection,3,T-Intersection,None,1,On Roadway,1,Daylight,1,Clear,0,7,7:00am-7:59am,1,7,7:00am-7:59am,6,88,Not Applicable (Not Transported),Not Applicable (Not Transported),1,0
2020,4,Arizona,40513,2,2,0,0,2,2,0,13,MARICOPA (13),PHOENIX,4,6,2020,5,Thursday,19,7:00pm-7:59pm,3,This section IS NOT on the NHS,6,Local Street - Municipality,35TH AVE,BUCKEYE RD,2,Urban,3,Principal Arterial - Other,4,City or Municipal Highway Agency,0,None,33.43688333,-112.13466389,No Special Jurisdiction,12,Motor Vehicle In-Transport,6,Angle,0,No,2,Intersection,2,Four-Way Intersection,None,1,On Roadway,1,Daylight,1,Clear,0,19,7:00pm-7:59pm,3,19,7:00pm-7:59pm,6,88,Not Applicable (Not Transported),Not Applicable (Not Transported),1,1
2020,4,Arizona,40514,1,1,0,0,1,1,0,17,NAVAJO (17),NOT APPLICABLE,5,6,2020,6,Friday,23,11:00pm-11:59pm,22,This section IS NOT on the NHS,3,State Highway,SR-264,,1,Rural,4,Minor Arterial,1,State Highway Agency,542,542,35.87286667,-110.56066944,No Special Jurisdiction,99,Reported as Unknown,99,Reported as Unknown,0,No,1,Non-Junction,1,Not an Intersection,None,4,On Roadside,6,Dark - Unknown Lighting,99,Reported as Unknown,0,99,Unknown,Unknown,99,Unknown EMS Scene Arrival Hour,Unknown EMS Scene Arrival Minutes,99,Unknown,Unknown EMS Hospital Arrival Time,1,0
2020,4,Arizona,40515,2,2,0,0,5,5,0,13,MARICOPA (13),PHOENIX,7,6,2020,1,Sunday,5,5:00am-5:59am,9,This section IS ON the NHS,6,Local Street - Municipality,7TH ST,CAMELBACK RD,2,Urban,3,Principal Arterial - Other,4,City or Municipal Highway Agency,0,None,33.50927222,-112.06501389,No Special Jurisdiction,12,Motor Vehicle In-Transport,6,Angle,0,No,2,Intersection,2,Four-Way Intersection,None,1,On Roadway,1,Daylight,1,Clear,0,99,Unknown,Unknown,99,Unknown EMS Scene Arrival Hour,Unknown EMS Scene Arrival Minutes,99,Unknown,Unknown EMS Hospital Arrival Time,1,1
2020,4,Arizona,40516,1,1,0,0,3,3,0,13,MARICOPA (13),SURPRISE,7,6,2020,1,Sunday,19,7:00pm-7:59pm,20,This section IS NOT on the NHS,6,Local Street - Municipality,CACTUS RD,,2,Urban,4,Minor Arterial,4,City or Municipal Highway Agency,0,None,33.595075,-112.39690278,No Special Jurisdiction,99,Reported as Unknown,99,Reported as Unknown,0,No,99,Reported as Unknown,99,Reported as Unknown,None,99,Reported as Unknown,9,Reported as Unknown,99,Reported as Unknown,0,99,Unknown,Unknown,99,Unknown EMS Scene Arrival Hour,Unknown EMS Scene Arrival Minutes,88,Not Applicable (Not Transported),Not Applicable (Not Transported),1,1
2020,4,Arizona,40517,2,2,0,0,2,2,0,13,MARICOPA (13),PHOENIX,8,6,2020,2,Monday,7,7:00am-7:59am,35,This section IS NOT on the NHS,6,Local Street - Municipality,BROADWAY RD,43RD PL,2,Urban,4,Minor Arterial,4,City or Municipal Highway Agency,0,None,33.40729167,-111.988,No Special Jurisdiction,12,Motor Vehicle In-Transport,2,Front-to-Front,0,No,3,Intersection-Related,3,T-Intersection,None,1,On Roadway,1,Daylight,1,Clear,0,99,Unknown,Unknown,99,Unknown EMS Scene Arrival Hour,Unknown EMS Scene Arrival Minutes,99,Unknown,Unknown EMS Hospital Arrival Time,1,0
2020,4,Arizona,40518,1,1,0,1,1,1,1,19,PIMA (19),Other,10,6,2020,4,Wednesday,99,Unknown Hours,Unknown Minutes,This section IS NOT on the NHS,6,Local Street - Municipality,MALEY ST,,1,Rural,5,Major Collector,4,City or Municipal Highway Agency,0,None,Reported as Unknown,Reported as Unknown,No Special Jurisdiction,15,Non-Motorist on Personal Conveyance,0,The First Harmful Event was Not a Collision with a Motor Vehicle in Transport,9,Reported as Unknown,99,Reported as Unknown,99,Reported as Unknown,None,99,Reported as Unknown,9,Reported as Unknown,99,Reported as Unknown,0,99,Unknown,Unknown,99,Unknown EMS Scene Arrival Hour,Unknown EMS Scene Arrival Minutes,99,Unknown,Unknown EMS Hospital Arrival Time,1,0
2020,4,Arizona,40519,2,2,0,0,2,2,0,1,APACHE (1),NOT APPLICABLE,10,6,2020,4,Wednesday,10,10:00am-10:59am,59,This section IS NOT on the NHS,8,Other,BIA-13,,1,Rural,6,Minor Collector,62,Bureau of Indian Affairs,0,None,Reported as Unknown,Reported as Unknown,Indian Reservation,12,Motor Vehicle In-Transport,99,Reported as Unknown,0,No,99,Reported as Unknown,99,Reported as Unknown,None,99,Reported as Unknown,9,Reported as Unknown,99,Reported as Unknown,0,99,Unknown,Unknown,99,Unknown EMS Scene Arrival Hour,Unknown EMS Scene Arrival Minutes,99,Unknown,Unknown EMS Hospital Arrival Time,1,0
2020,4,Arizona,40520,1,1,0,1,3,3,1,13,MARICOPA (13),PHOENIX,14,6,2020,1,Sunday,19,7:00pm-7:59pm,49,This section IS NOT on the NHS,6,Local Street - Municipality,PEORIA AVE,,2,Urban,3,Principal Arterial - Other,4,City or Municipal Highway Agency,0,None,33.58203889,-112.12088333,No Special Jurisdiction,8,Pedestrian,0,The First Harmful Event was Not a Collision with a Motor Vehicle in Transport,0,No,1,Non-Junction,1,Not an Intersection,None,1,On Roadway,3,Dark - Lighted,99,Reported as Unknown,0,19,7:00pm-7:59pm,49,19,7:00pm-7:59pm,55,20,8:00pm-8:59pm,7,1,0
2020,4,Arizona,40521,1,1,0,1,1,1,1,13,MARICOPA (13),CHANDLER,18,6,2020,5,Thursday,7,7:00am-7:59am,26,This section IS NOT on the NHS,6,Local Street - Municipality,RAY RD,ARROWHEAD DR,2,Urban,3,Principal Arterial - Other,4,City or Municipal Highway Agency,0,None,33.32066667,-111.86775833,No Special Jurisdiction,8,Pedestrian,0,The First Harmful Event was Not a Collision with a Motor Vehicle in Transport,0,No,3,Intersection-Related,2,Four-Way Intersection,None,1,On Roadway,1,Daylight,1,Clear,0,7,7:00am-7:59am,27,7,7:00am-7:59am,28,7,7:00am-7:59am,45,1,0
2020,4,Arizona,40522,1,1,0,0,1,1,0,13,MARICOPA (13),GLENDALE,23,6,2020,3,Tuesday,20,8:00pm-8:59pm,44,This section IS ON the NHS,6,Local Street - Municipality,NORTHERN AVE,,2,Urban,3,Principal Arterial - Other,4,City or Municipal Highway Agency,0,None,33.55085278,-112.34634167,No Special Jurisdiction,30,Utility Pole/Light Support,0,The First Harmful Event was Not a Collision with a Motor Vehicle in Transport,0,No,1,Non-Junction,1,Not an Intersection,"Work Zone, Type Unknown",4,On Roadside,3,Dark - Lighted,1,Clear,0,20,8:00pm-8:59pm,44,20,8:00pm-8:59pm,50,88,Not Applicable (Not Transported),Not Applicable (Not Transported),1,1
2020,4,Arizona,40523,1,1,0,0,1,1,0,13,MARICOPA (13),PHOENIX,27,6,2020,7,Saturday,3,3:00am-3:59am,21,This section IS NOT on the NHS,6,Local Street - Municipality,52ND ST,OSBORN RD,2,Urban,5,Major Collector,4,City or Municipal Highway Agency,0,None,33.48741389,-112.17153333,No Special Jurisdiction,39,Wall,0,The First Harmful Event was Not a Collision with a Motor Vehicle in Transport,0,No,3,Intersection-Related,3,T-Intersection,None,4,On Roadside,3,Dark - Lighted,1,Clear,0,3,3:00am-3:59am,22,3,3:00am-3:59am,26,88,Not Applicable (Not Transported),Not Applicable (Not Transported),1,0
2020,4,Arizona,40524,2,2,0,0,4,4,0,13,MARICOPA (13),PHOENIX,28,6,2020,1,Sunday,13,1:00pm-1:59pm,54,This section IS ON the NHS,6,Local Street - Municipality,INDIAN SCHOOL RD,31ST AVE,2,Urban,3,Principal Arterial - Other,4,City or Municipal Highway Agency,0,None,33.49495556,-112.12562778,No Special Jurisdiction,12,Motor Vehicle In-Transport,99,Reported as Unknown,0,No,2,Intersection,2,Four-Way Intersection,None,1,On Roadway,1,Daylight,99,Reported as Unknown,0,99,Unknown,Unknown,99,Unknown EMS Scene Arrival Hour,Unknown EMS Scene Arrival Minutes,99,Unknown,Unknown EMS Hospital Arrival Time,2,0
2020,4,Arizona,40525,1,1,0,0,1,1,0,13,MARICOPA (13),PHOENIX,28,6,2020,1,Sunday,23,11:00pm-11:59pm,35,This section IS NOT on the NHS,6,Local Street - Municipality,40TH ST,,2,Urban,4,Minor Arterial,4,City or Municipal Highway Agency,0,None,33.59678056,-111.99585,No Special Jurisdiction,58,Ground,0,The First Harmful Event was Not a Collision with a Motor Vehicle in Transport,0,No,1,Non-Junction,1,Not an Intersection,None,4,On Roadside,6,Dark - Unknown Lighting,99,Reported as Unknown,0,99,Unknown,Unknown,99,Unknown EMS Scene Arrival Hour,Unknown EMS Scene Arrival Minutes,99,Unknown,Unknown EMS Hospital Arrival Time,1,0
2020,4,Arizona,40526,2,2,0,0,2,2,0,13,MARICOPA (13),PHOENIX,29,6,2020,2,Monday,4,4:00am-4:59am,12,This section IS NOT on the NHS,6,Local Street - Municipality,THOMAS RD,83RD AVE,2,Urban,3,Principal Arterial - Other,4,City or Municipal Highway Agency,0,None,33.47996111,-112.23781667,No Special Jurisdiction,12,Motor Vehicle In-Transport,6,Angle,0,No,2,Intersection,2,Four-Way Intersection,None,1,On Roadway,3,Dark - Lighted,99,Reported as Unknown,0,99,Unknown,Unknown,99,Unknown EMS Scene Arrival Hour,Unknown EMS Scene Arrival Minutes,88,Not Applicable (Not Transported),Not Applicable (Not Transported),1,0
2020,4,Arizona,40527,1,1,0,0,1,1,0,13,MARICOPA (13),PHOENIX,29,6,2020,2,Monday,20,8:00pm-8:59pm,42,This section IS NOT on the NHS,6,Local Street - Municipality,TATUM BLVD,,2,Urban,3,Principal Arterial - Other,1,State Highway Agency,0,None,33.59175278,-111.97821944,No Special Jurisdiction,33,Curb,0,The First Harmful Event was Not a Collision with a Motor Vehicle in Transport,0,No,1,Non-Junction,1,Not an Intersection,None,4,On Roadside,3,Dark - Lighted,98,Not Reported,0,99,Unknown,Unknown,99,Unknown EMS Scene Arrival Hour,Unknown EMS Scene Arrival Minutes,99,Unknown,Unknown EMS Hospital Arrival Time,1,0
2020,4,Arizona,40528,2,2,0,0,3,3,0,13,MARICOPA (13),PHOENIX,30,6,2020,3,Tuesday,11,11:00am-11:59am,5,This section IS NOT on the NHS,6,Local Street - Municipality,OSBORN RD,3RD AVE,2,Urban,5,Major Collector,4,City or Municipal Highway Agency,0,None,33.48755278,-112.07821111,No Special Jurisdiction,12,Motor Vehicle In-Transport,6,Angle,0,No,2,Intersection,2,Four-Way Intersection,Construction,1,On Roadway,1,Daylight,1,Clear,0,11,11:00am-11:59am,5,11,11:00am-11:59am,6,99,Unknown,Unknown EMS Hospital Arrival Time,1,0
2020,4,Arizona,40529,2,2,0,0,3,3,0,13,MARICOPA (13),PHOENIX,2,5,2020,7,Saturday,15,3:00pm-3:59pm,53,This section IS NOT on the NHS,6,Local Street - Municipality,MCDOWELL RD,,2,Urban,4,Minor Arterial,4,City or Municipal Highway Agency,0,None,33.46568333,-111.99218611,No Special Jurisdiction,12,Motor Vehicle In-Transport,6,Angle,0,No,8,Driveway Access Related,1,Not an Intersection,None,1,On Roadway,1,Daylight,1,Clear,0,15,3:00pm-3:59pm,54,15,3:00pm-3:59pm,59,15,3:00pm-3:59pm,59,1,0
2020,4,Arizona,40530,1,1,0,0,1,1,0,13,MARICOPA (13),TEMPE,3,6,2020,4,Wednesday,17,5:00pm-5:59pm,24,This section IS ON the NHS,6,Local Street - Municipality,ELLIOT RD,,2,Urban,3,Principal Arterial - Other,4,City or Municipal Highway Agency,0,None,33.34928333,-111.94387222,No Special Jurisdiction,33,Curb,0,The First Harmful Event was Not a Collision with a Motor Vehicle in Transport,0,No,1,Non-Junction,1,Not an Intersection,None,4,On Roadside,1,Daylight,1,Clear,0,17,5:00pm-5:59pm,24,17,5:00pm-5:59pm,40,88,Not Applicable (Not Transported),Not Applicable (Not Transported),1,1
2020,4,Arizona,40531,1,1,0,1,1,1,1,13,MARICOPA (13),PHOENIX,4,7,2020,7,Saturday,10,10:00am-10:59am,29,This section IS ON the NHS,1,Interstate,I-10,,2,Urban,1,Interstate,1,State Highway Agency,1440,1440,33.46131667,-112.08938333,No Special Jurisdiction,8,Pedestrian,0,The First Harmful Event was Not a Collision with a Motor Vehicle in Transport,0,No,1,Non-Junction,1,Not an Intersection,None,1,On Roadway,1,Daylight,1,Clear,0,10,10:00am-10:59am,31,10,10:00am-10:59am,37,10,10:00am-10:59am,45,1,0
2020,4,Arizona,40532,1,1,0,0,1,1,0,13,MARICOPA (13),PHOENIX,8,7,2020,4,Wednesday,13,1:00pm-1:59pm,12,This section IS ON the NHS,1,Interstate,I-17,,2,Urban,1,Interstate,1,State Highway Agency,2212,2212,33.76692222,-112.12910278,No Special Jurisdiction,43,Other Fixed Object,0,The First Harmful Event was Not a Collision with a Motor Vehicle in Transport,0,No,1,Non-Junction,1,Not an Intersection,None,3,On Median,1,Daylight,1,Clear,0,13,1:00pm-1:59pm,13,13,1:00pm-1:59pm,22,13,1:00pm-1:59pm,36,1,0
2020,4,Arizona,40533,1,1,0,0,1,1,0,13,MARICOPA (13),GLENDALE,1,9,2020,3,Tuesday,8,8:00am-8:59am,7,This section IS NOT on the NHS,6,Local Street - Municipality,67TH AVE,,2,Urban,4,Minor Arterial,4,City or Municipal Highway Agency,0,None,33.54951944,-112.20220833,No Special Jurisdiction,33,Curb,0,The First Harmful Event was Not a Collision with a Motor Vehicle in Transport,0,No,1,Non-Junction,1,Not an Intersection,None,4,On Roadside,1,Daylight,1,Clear,0,8,8:00am-8:59am,9,8,8:00am-8:59am,13,8,8:00am-8:59am,43,1,0
2020,4,Arizona,40534,1,1,0,0,1,1,0,13,MARICOPA (13),NOT APPLICABLE,1,9,2020,3,Tuesday,20,8:00pm-8:59pm,31,This section IS NOT on the NHS,6,Local Street - Municipality,PARKVIEW PL,,2,Urban,98,Not Reported,4,City or Municipal Highway Agency,0,None,33.63369167,-112.38248611,No Special Jurisdiction,30,Utility Pole/Light Support,0,The First Harmful Event was Not a Collision with a Motor Vehicle in Transport,0,No,1,Non-Junction,1,Not an Intersection,None,4,On Roadside,3,Dark - Lighted,1,Clear,0,99,Unknown,Unknown,99,Unknown EMS Scene Arrival Hour,Unknown EMS Scene Arrival Minutes,88,Not Applicable (Not Transported),Not Applicable (Not Transported),1,1