AccidentYear,STATE,STATENAME,ST_CASE,VE_TOTAL,VE_FORMS,PVH_INVL,PEDS,PERSONS,PERMVIT,PERNOTMVIT,COUNTY,COUNTYNAME,CITYNAME,DAY,MONTH,YEAR,DAY_WEEK,DAY_WEEKNAME,HOUR,HOURNAME,MINUTENAME,NHSNAME,ROUTE,ROUTENAME,TWAY_ID,TWAY_ID2,RUR_URB,RUR_URBNAME,FUNC_SYS,FUNC_SYSNAME,RD_OWNER,RD_OWNERNAME,MILEPT,MILEPTNAME,LATITUDENAME,LONGITUDNAME,SP_JURNAME,HARM_EV,HARM_EVNAME,MAN_COLL,MAN_COLLNAME,RELJCT1,RELJCT1NAME,RELJCT2,RELJCT2NAME,TYP_INT,TYP_INTNAME,WRK_ZONENAME,REL_ROAD,REL_ROADNAME,LGT_COND,LGT_CONDNAME,WEATHER,WEATHERNAME,SCH_BUS,NOT_HOUR,NOT_HOURNAME,NOT_MINNAME,ARR_HOUR,ARR_HOURNAME,ARR_MINNAME,HOSP_HR,HOSP_HRNAME,HOSP_MNNAME,FATALS,DRUNK_DR
2020,4,Arizona,40535,2,2,0,0,2,2,0,19,PIMA (19),NOT APPLICABLE,2,9,2020,4,Wednesday,8,8:00am-8:59am,32,This section IS ON the NHS,2,U.S. Highway,US-60,,1,Rural,3,Principal Arterial - Other,1,State Highway Agency,2042,2042,Reported as Unknown,Reported as Unknown,No Special Jurisdiction,12,Motor Vehicle In-Transport,2,Front-to-Front,0,No,1,Non-Junction,1,Not an Intersection,None,1,On Roadway,1,Daylight,1,Clear,0,8,8:00am-8:59am,33,8,8:00am-8:59am,44,99,Unknown,Unknown EMS Hospital Arrival Time,1,0
2020,4,Arizona,40536,1,1,0,0,1,1,0,1,APACHE (1),NOT APPLICABLE,4,9,2020,6,Friday,12,12:00pm-12:59pm,8,This section IS NOT on the NHS,2,U.S. Highway,US-191,,1,Rural,4,Minor Arterial,1,State Highway Agency,4376,4376,36.05255,-109.60838333,Indian Reservation,1,Rollover/Overturn,0,The First Harmful Event was Not a Collision with a Motor Vehicle in Transport,0,No,1,Non-Junction,1,Not an Intersection,None,4,On Roadside,1,Daylight,1,Clear,0,11,11:00am-11:59am,50,12,12:00pm-12:59pm,6,88,Not Applicable (Not Transported),Not Applicable (Not Transported),1,0
2020,4,Arizona,40537,3,3,0,0,5,5,0,12,LA PAZ (12),NOT APPLICABLE,4,9,2020,6,Friday,12,12:00pm-12:59pm,58,This section IS NOT on the NHS,2,U.S. Highway,US-60,,1,Rural,5,Major Collector,1,State Highway Agency,193,193,33.72441111,-113.69065556,No Special Jurisdiction,12,Motor Vehicle In-Transport,2,Front-to-Front,0,No,1,Non-Junction,1,Not an Intersection,None,1,On Roadway,1,Daylight,1,Clear,0,12,12:00pm-12:59pm,58,13,1:00pm-1:59pm,21,99,Unknown,Unknown EMS Hospital Arrival Time,2,1
2020,4,Arizona,40538,1,1,0,1,1,1,1,19,PIMA (19),TUCSON,5,9,2020,7,Saturday,19,7:00pm-7:59pm,58,This section IS NOT on the NHS,6,Local Street - Municipality,GRANT RD,JACKRABBIT AVE,2,Urban,4,Minor Arterial,4,City or Municipal Highway Agency,0,None,32.25058611,-111.00568333,No Special Jurisdiction,8,Pedestrian,0,The First Harmful Event was Not a Collision with a Motor Vehicle in Transport,0,No,3,Intersection-Related,3,T-Intersection,None,1,On Roadway,3,Dark - Lighted,1,Clear,0,19,7:00pm-7:59pm,58,20,8:00pm-8:59pm,3,88,Not Applicable (Not Transported),Not Applicable (Not Transported),1,0
2020,4,Arizona,40539,1,1,0,1,1,1,1,13,MARICOPA (13),PHOENIX,5,9,2020,7,Saturday,23,11:00pm-11:59pm,7,This section IS NOT on the NHS,6,Local Street - Municipality,35TH AVE,,2,Urban,3,Principal Arterial - Other,4,City or Municipal Highway Agency,0,None,33.53493889,-112.13433056,No Special Jurisdiction,8,Pedestrian,0,The First Harmful Event was Not a Collision with a Motor Vehicle in Transport,0,No,1,Non-Junction,1,Not an Intersection,None,1,On Roadway,3,Dark - Lighted,1,Clear,0,23,11:00pm-11:59pm,7,23,11:00pm-11:59pm,11,23,11:00pm-11:59pm,26,1,0
2020,4,Arizona,40540,2,1,1,2,3,3,2,19,PIMA (19),TUCSON,6,9,2020,1,Sunday,21,9:00pm-9:59pm,21,This section IS NOT on the NHS,9,Unknown,36TH ST,,2,Urban,98,Not Reported,98,Not Reported,0,None,32.19225,-111.03751667,No Special Jurisdiction,14,Parked Motor Vehicle,0,The First Harmful Event was Not a Collision with a Motor Vehicle in Transport,0,No,1,Non-Junction,1,Not an Intersection,None,5,Outside Trafficway,2,Dark - Not Lighted,1,Clear,0,99,Unknown,Unknown,99,Unknown EMS Scene Arrival Hour,Unknown EMS Scene Arrival Minutes,88,Not Applicable (Not Transported),Not Applicable (Not Transported),1,0
2020,4,Arizona,40541,2,2,0,0,2,2,0,25,YAVAPAI (25),COTTONWOOD,7,9,2020,2,Monday,14,2:00pm-2:59pm,39,This section IS NOT on the NHS,3,State Highway,SR-89A,WILLARD ST,2,Urban,3,Principal Arterial - Other,1,State Highway Agency,334,334,34.73229444,-112.02785833,No Special Jurisdiction,12,Motor Vehicle In-Transport,2,Front-to-Front,1,Yes,3,Intersection-Related,4,Y-Intersection,None,1,On Roadway,1,Daylight,10,Cloudy,0,14,2:00pm-2:59pm,39,14,2:00pm-2:59pm,42,14,2:00pm-2:59pm,56,1,1
2020,4,Arizona,40542,2,2,0,0,3,3,0,25,YAVAPAI (25),DEWEY-HUMBOLDT,8,9,2020,3,Tuesday,0,0:00am-0:59am,11,This section IS ON the NHS,3,State Highway,SR-69,KLOSS AVE,2,Urban,3,Principal Arterial - Other,1,State Highway Agency,169,169,34.50631944,-112.24249444,No Special Jurisdiction,12,Motor Vehicle In-Transport,6,Angle,1,Yes,2,Intersection,2,Four-Way Intersection,None,1,On Roadway,3,Dark - Lighted,10,Cloudy,0,0,0:00am-0:59am,11,0,0:00am-0:59am,30,99,Unknown,Unknown EMS Hospital Arrival Time,1,0
2020,4,Arizona,40543,1,1,0,0,1,1,0,23,SANTA CRUZ (23),NOGALES,8,9,2020,3,Tuesday,7,7:00am-7:59am,0,This section IS ON the NHS,7,Local Street - Frontage Road,FRONTAGE RD,,2,Urban,3,Principal Arterial - Other,1,State Highway Agency,99999,Unknown,31.39723056,-110.95866944,No Special Jurisdiction,38,Fence,0,The First Harmful Event was Not a Collision with a Motor Vehicle in Transport,0,No,1,Non-Junction,1,Not an Intersection,None,4,On Roadside,1,Daylight,1,Clear,0,7,7:00am-7:59am,5,7,7:00am-7:59am,9,8,8:00am-8:59am,0,1,0
2020,4,Arizona,40544,1,1,0,0,2,2,0,12,LA PAZ (12),NOT APPLICABLE,8,9,2020,3,Tuesday,9,9:00am-9:59am,9,This section IS NOT on the NHS,2,U.S. Highway,US-60,,1,Rural,5,Major Collector,1,State Highway Agency,402,402,33.87098056,-113.39110278,No Special Jurisdiction,59,Traffic Sign Support,0,The First Harmful Event was Not a Collision with a Motor Vehicle in Transport,0,No,1,Non-Junction,1,Not an Intersection,None,4,On Roadside,1,Daylight,5,"Fog, Smog, Smoke",0,9,9:00am-9:59am,9,9,9:00am-9:59am,31,99,Unknown,Unknown EMS Hospital Arrival Time,1,0
2020,4,Arizona,40545,2,2,0,0,2,2,0,5,COCONINO (5),NOT APPLICABLE,10,9,2020,5,Thursday,7,7:00am-7:59am,6,This section IS ON the NHS,1,Interstate,I-40,,1,Rural,1,Interstate,1,State Highway Agency,1576,1576,35.22160278,-112.26902222,No Special Jurisdiction,12,Motor Vehicle In-Transport,1,Front-to-Rear,0,No,1,Non-Junction,1,Not an Intersection,None,1,On Roadway,1,Daylight,1,Clear,0,7,7:00am-7:59am,9,7,7:00am-7:59am,22,88,Not Applicable (Not Transported),Not Applicable (Not Transported),1,0
2020,4,Arizona,40546,1,1,0,0,2,2,0,13,MARICOPA (13),PHOENIX,10,9,2020,5,Thursday,13,1:00pm-1:59pm,45,This section IS ON the NHS,3,State Highway,SR-51,,2,Urban,2,Principal Arterial - Other Freeways and Expressways,1,State Highway Agency,55,55,33.52912222,-112.04371944,No Special Jurisdiction,1,Rollover/Overturn,0,The First Harmful Event was Not a Collision with a Motor Vehicle in Transport,0,No,1,Non-Junction,1,Not an Intersection,None,3,On Median,1,Daylight,1,Clear,0,13,1:00pm-1:59pm,45,13,1:00pm-1:59pm,56,14,2:00pm-2:59pm,9,1,0
2020,4,Arizona,40547,1,1,0,0,2,2,0,1,APACHE (1),NOT APPLICABLE,10,9,2020,5,Thursday,23,11:00pm-11:59pm,50,This section IS NOT on the NHS,2,U.S. Highway,US-191,BIA-12,1,Rural,4,Minor Arterial,1,State Highway Agency,99998,Not Reported,36.50900833,-109.47256111,Indian Reservation,1,Rollover/Overturn,0,The First Harmful Event was Not a Collision with a Motor Vehicle in Transport,1,Yes,3,Intersection-Related,3,T-Intersection,None,4,On Roadside,2,Dark - Not Lighted,1,Clear,0,23,11:00pm-11:59pm,50,0,0:00am-0:59am,13,88,Not Applicable (Not Transported),Not Applicable (Not Transported),1,1
2020,4,Arizona,40548,2,2,0,0,2,2,0,13,MARICOPA (13),PHOENIX,12,9,2020,7,Saturday,4,4:00am-4:59am,23,This section IS ON the NHS,3,State Highway,SR-101,,2,Urban,2,Principal Arterial - Other Freeways and Expressways,1,State Highway Agency,227,227,33.66906111,-112.08860556,No Special Jurisdiction,12,Motor Vehicle In-Transport,1,Front-to-Rear,0,No,1,Non-Junction,1,Not an Intersection,Construction,1,On Roadway,3,Dark - Lighted,1,Clear,0,4,4:00am-4:59am,24,4,4:00am-4:59am,30,88,Not Applicable (Not Transported),Not Applicable (Not Transported),1,1
2020,4,Arizona,40550,2,2,0,0,2,2,0,5,COCONINO (5),NOT APPLICABLE,12,9,2020,7,Saturday,20,8:00pm-8:59pm,11,This section IS ON the NHS,2,U.S. Highway,US-89,BRAMLEY LN,2,Urban,3,Principal Arterial - Other,1,State Highway Agency,26,26,35.25874167,-111.55191944,No Special Jurisdiction,12,Motor Vehicle In-Transport,6,Angle,1,Yes,2,Intersection,3,T-Intersection,None,1,On Roadway,2,Dark - Not Lighted,1,Clear,0,20,8:00pm-8:59pm,11,20,8:00pm-8:59pm,16,88,Not Applicable (Not Transported),Not Applicable (Not Transported),1,0
2020,4,Arizona,40551,1,1,0,0,2,2,0,21,PINAL (21),CASA GRANDE,12,9,2020,7,Saturday,20,8:00pm-8:59pm,13,This section IS ON the NHS,1,Interstate,I-10,,2,Urban,1,Interstate,1,State Highway Agency,1872,1872,32.88981944,-111.68676111,No Special Jurisdiction,1,Rollover/Overturn,0,The First Harmful Event was Not a Collision with a Motor Vehicle in Transport,0,No,1,Non-Junction,1,Not an Intersection,None,3,On Median,3,Dark - Lighted,1,Clear,0,20,8:00pm-8:59pm,18,20,8:00pm-8:59pm,30,21,9:00pm-9:59pm,34,1,0
2020,4,Arizona,40552,2,2,0,0,5,5,0,5,COCONINO (5),NOT APPLICABLE,13,9,2020,1,Sunday,20,8:00pm-8:59pm,56,This section IS ON the NHS,1,Interstate,I-17,,1,Rural,1,Interstate,1,State Highway Agency,1326,1326,35.00246944,-111.68597222,No Special Jurisdiction,11,Live Animal,0,The First Harmful Event was Not a Collision with a Motor Vehicle in Transport,0,No,1,Non-Junction,1,Not an Intersection,None,1,On Roadway,2,Dark - Not Lighted,1,Clear,0,20,8:00pm-8:59pm,57,21,9:00pm-9:59pm,3,99,Unknown,Unknown EMS Hospital Arrival Time,1,0
2020,4,Arizona,40553,1,1,0,0,1,1,0,13,MARICOPA (13),NOT APPLICABLE,14,9,2020,2,Monday,2,2:00am-2:59am,56,This section IS NOT on the NHS,3,State Highway,SR-202,,2,Urban,3,Principal Arterial - Other,1,State Highway Agency,99999,Unknown,33.38186389,-112.19021667,No Special Jurisdiction,1,Rollover/Overturn,0,The First Harmful Event was Not a Collision with a Motor Vehicle in Transport,0,No,1,Non-Junction,1,Not an Intersection,None,4,On Roadside,3,Dark - Lighted,1,Clear,0,3,3:00am-3:59am,0,3,3:00am-3:59am,8,88,Not Applicable (Not Transported),Not Applicable (Not Transported),1,1
2020,4,Arizona,40555,1,1,0,0,1,1,0,19,PIMA (19),TUCSON,14,9,2020,2,Monday,23,11:00pm-11:59pm,56,This section IS ON the NHS,1,Interstate,I-10 RAMP,,2,Urban,1,Interstate,1,State Highway Agency,2602,2602,32.19174167,-110.98172222,No Special Jurisdiction,41,Shrubbery,0,The First Harmful Event was Not a Collision with a Motor Vehicle in Transport,1,Yes,5,Entrance/Exit Ramp Related,1,Not an Intersection,None,4,On Roadside,3,Dark - Lighted,1,Clear,0,23,11:00pm-11:59pm,56,0,0:00am-0:59am,2,88,Not Applicable (Not Transported),Not Applicable (Not Transported),1,1
2020,4,Arizona,40557,2,2,0,0,2,2,0,13,MARICOPA (13),TEMPE,17,9,2020,5,Thursday,10,10:00am-10:59am,3,This section IS NOT on the NHS,3,State Highway,SR-101,SOUTHERN AVE,2,Urban,2,Principal Arterial - Other Freeways and Expressways,1,State Highway Agency,0,None,33.39303056,-111.89204444,No Special Jurisdiction,12,Motor Vehicle In-Transport,6,Angle,1,Yes,2,Intersection,2,Four-Way Intersection,None,1,On Roadway,1,Daylight,1,Clear,0,10,10:00am-10:59am,3,10,10:00am-10:59am,9,10,10:00am-10:59am,22,1,0
2020,4,Arizona,40558,1,1,0,0,1,1,0,1,APACHE (1),NOT APPLICABLE,18,9,2020,6,Friday,13,1:00pm-1:59pm,47,This section IS NOT on the NHS,3,State Highway,SR-373,NF 1158,1,Rural,6,Minor Collector,1,State Highway Agency,3,3,34.06185556,-109.46426389,No Special Jurisdiction,24,Guardrail Face,0,The First Harmful Event was Not a Collision with a Motor Vehicle in Transport,0,No,3,Intersection-Related,3,T-Intersection,None,4,On Roadside,1,Daylight,10,Cloudy,0,13,1:00pm-1:59pm,47,14,2:00pm-2:59pm,5,14,2:00pm-2:59pm,23,1,0
2020,4,Arizona,40559,1,1,0,0,1,1,0,13,MARICOPA (13),GOODYEAR,18,9,2020,6,Friday,23,11:00pm-11:59pm,21,This section IS NOT on the NHS,6,Local Street - Municipality,ELLIOT RD,RAINBOW VALLEY RD,2,Urban,6,Minor Collector,4,City or Municipal Highway Agency,0,None,33.34845,-112.46988611,No Special Jurisdiction,30,Utility Pole/Light Support,0,The First Harmful Event was Not a Collision with a Motor Vehicle in Transport,0,No,3,Intersection-Related,3,T-Intersection,None,4,On Roadside,3,Dark - Lighted,1,Clear,0,23,11:00pm-11:59pm,21,23,11:00pm-11:59pm,30,0,0:00am-0:59am,5,1,1
2020,4,Arizona,40561,1,1,0,0,1,1,0,3,COCHISE (3),NOT APPLICABLE,19,9,2020,7,Saturday,17,5:00pm-5:59pm,45,This section IS NOT on the NHS,3,State Highway,SR-82,,1,Rural,5,Major Collector,1,State Highway Agency,562,562,31.71942778,-110.23984444,No Special Jurisdiction,41,Shrubbery,0,The First Harmful Event was Not a Collision with a Motor Vehicle in Transport,0,No,1,Non-Junction,1,Not an Intersection,None,4,On Roadside,1,Daylight,1,Clear,0,17,5:00pm-5:59pm,47,17,5:00pm-5:59pm,58,88,Not Applicable (Not Transported),Not Applicable (Not Transported),1,1
2020,4,Arizona,40562,1,1,0,0,2,2,0,13,MARICOPA (13),MESA,19,9,2020,7,Saturday,18,6:00pm-6:59pm,31,This section IS NOT on the NHS,9,Unknown,WESTWOOD ST,EMILITA AVE,2,Urban,7,Local,98,Not Reported,0,None,33.39821944,-111.85284444,No Special Jurisdiction,38,Fence,0,The First Harmful Event was Not a Collision with a Motor Vehicle in Transport,0,No,3,Intersection-Related,3,T-Intersection,None,4,On Roadside,3,Dark - Lighted,1,Clear,0,18,6:00pm-6:59pm,31,18,6:00pm-6:59pm,35,19,7:00pm-7:59pm,0,1,0
2020,4,Arizona,40563,2,2,0,0,2,2,0,13,MARICOPA (13),MESA,19,9,2020,7,Saturday,21,9:00pm-9:59pm,26,This section IS NOT on the NHS,6,Local Street - Municipality,MAIN ST,GILBERT RD,2,Urban,3,Principal Arterial - Other,4,City or Municipal Highway Agency,0,None,33.41546667,-111.78810556,No Special Jurisdiction,12,Motor Vehicle In-Transport,1,Front-to-Rear,0,No,2,Intersection,2,Four-Way Intersection,None,1,On Roadway,3,Dark - Lighted,1,Clear,0,21,9:00pm-9:59pm,26,21,9:00pm-9:59pm,30,99,Unknown,Unknown EMS Hospital Arrival Time,1,1
2020,4,Arizona,40564,1,1,0,0,1,1,0,13,MARICOPA (13),GILA BEND,21,9,2020,2,Monday,2,2:00am-2:59am,45,This section IS NOT on the NHS,3,State Highway,SR-85,,1,Rural,4,Minor Arterial,1,State Highway Agency,206,206,32.66328611,-112.85906111,No Special Jurisdiction,59,Traffic Sign Support,0,The First Harmful Event was Not a Collision with a Motor Vehicle in Transport,0,No,1,Non-Junction,1,Not an Intersection,None,4,On Roadside,2,Dark - Not Lighted,1,Clear,0,2,2:00am-2:59am,45,3,3:00am-3:59am,10,88,Not Applicable (Not Transported),Not Applicable (Not Transported),1,0
2020,4,Arizona,40566,2,2,0,0,3,3,0,13,MARICOPA (13),NOT APPLICABLE,22,9,2020,3,Tuesday,18,6:00pm-6:59pm,18,This section IS NOT on the NHS,3,State Highway,SR-88,,1,Rural,5,Major Collector,1,State Highway Agency,129,129,33.53379722,-111.45474444,No Special Jurisdiction,12,Motor Vehicle In-Transport,8,Sideswipe - Opposite Direction,0,No,1,Non-Junction,1,Not an Intersection,None,1,On Roadway,5,Dusk,10,Cloudy,0,18,6:00pm-6:59pm,18,18,6:00pm-6:59pm,39,99,Unknown,Unknown EMS Hospital Arrival Time,1,0
2020,4,Arizona,40567,1,1,0,1,1,1,1,19,PIMA (19),TUCSON,22,9,2020,3,Tuesday,18,6:00pm-6:59pm,56,This section IS NOT on the NHS,6,Local Street - Municipality,GRANT RD,NORTHERN AVE,2,Urban,3,Principal Arterial - Other,4,City or Municipal Highway Agency,0,None,32.25046667,-110.92203611,No Special Jurisdiction,8,Pedestrian,0,The First Harmful Event was Not a Collision with a Motor Vehicle in Transport,0,No,3,Intersection-Related,3,T-Intersection,None,1,On Roadway,3,Dark - Lighted,1,Clear,0,18,6:00pm-6:59pm,56,18,6:00pm-6:59pm,58,99,Unknown,Unknown EMS Hospital Arrival Time,1,0
2020,4,Arizona,40569,1,1,0,1,1,1,1,13,MARICOPA (13),GLENDALE,23,9,2020,4,Wednesday,23,11:00pm-11:59pm,41,This section IS NOT on the NHS,6,Local Street - Municipality,59TH AVE,GLENN DR,2,Urban,3,Principal Arterial - Other,4,City or Municipal Highway Agency,0,None,33.539825,-112.1862,No Special Jurisdiction,8,Pedestrian,0,The First Harmful Event was Not a Collision with a Motor Vehicle in Transport,0,No,3,Intersection-Related,2,Four-Way Intersection,None,1,On Roadway,3,Dark - Lighted,1,Clear,0,99,Unknown,Unknown,99,Unknown EMS Scene Arrival Hour,Unknown EMS Scene Arrival Minutes,99,Unknown,Unknown EMS Hospital Arrival Time,1,0
2020,4,Arizona,40570,2,2,0,0,4,4,0,13,MARICOPA (13),NOT APPLICABLE,25,9,2020,6,Friday,8,8:00am-8:59am,46,This section IS NOT on the NHS,3,State Highway,SR-85,,1,Rural,3,Principal Arterial - Other,1,State Highway Agency,46,46,32.89410556,-112.74674722,No Special Jurisdiction,12,Motor Vehicle In-Transport,2,Front-to-Front,0,No,1,Non-Junction,1,Not an Intersection,None,1,On Roadway,1,Daylight,1,Clear,0,8,8:00am-8:59am,50,9,9:00am-9:59am,0,99,Unknown,Unknown EMS Hospital Arrival Time,3,0
2020,4,Arizona,40571,2,2,0,0,4,4,0,25,YAVAPAI (25),NOT APPLICABLE,16,9,2020,4,Wednesday,22,10:00pm-10:59pm,52,This section IS ON the NHS,1,Interstate,I-40,,1,Rural,1,Interstate,1,State Highway Agency,1216,1216,35.31371389,-112.86310833,No Special Jurisdiction,12,Motor Vehicle In-Transport,6,Angle,0,No,1,Non-Junction,1,Not an Intersection,None,1,On Roadway,2,Dark - Not Lighted,1,Clear,0,23,11:00pm-11:59pm,19,23,11:00pm-11:59pm,38,99,Unknown,Unknown EMS Hospital Arrival Time,2,0
2020,4,Arizona,40572,2,2,0,0,2,2,0,13,MARICOPA (13),PHOENIX,17,9,2020,5,Thursday,23,11:00pm-11:59pm,49,This section IS ON the NHS,1,Interstate,I-10,,2,Urban,1,Interstate,1,State Highway Agency,1370,1370,33.46257222,-112.20401389,No Special Jurisdiction,12,Motor Vehicle In-Transport,1,Front-to-Rear,0,No,1,Non-Junction,1,Not an Intersection,Construction,1,On Roadway,3,Dark - Lighted,1,Clear,0,23,11:00pm-11:59pm,48,23,11:00pm-11:59pm,55,88,Not Applicable (Not Transported),Not Applicable (Not Transported),1,1
2020,4,Arizona,40573,1,1,0,0,1,1,0,13,MARICOPA (13),PEORIA,25,9,2020,6,Friday,20,8:00pm-8:59pm,33,This section IS ON the NHS,3,State Highway,SR-101,,2,Urban,2,Principal Arterial - Other Freeways and Expressways,1,State Highway Agency,87,87,33.58810833,-112.26115556,No Special Jurisdiction,25,Concrete Traffic Barrier,0,The First Harmful Event was Not a Collision with a Motor Vehicle in Transport,0,No,1,Non-Junction,1,Not an Intersection,None,3,On Median,3,Dark - Lighted,1,Clear,0,20,8:00pm-8:59pm,35,20,8:00pm-8:59pm,40,88,Not Applicable (Not Transported),Not Applicable (Not Transported),1,0
2020,4,Arizona,40574,1,1,0,0,1,1,0,17,NAVAJO (17),NOT APPLICABLE,26,9,2020,7,Saturday,16,4:00pm-4:59pm,15,This section IS NOT on the NHS,6,Local Street - Municipality,MIKES PIKE BLVD,,2,Urban,5,Major Collector,4,City or Municipal Highway Agency,0,None,35.04075556,-110.70500556,No Special Jurisdiction,41,Shrubbery,0,The First Harmful Event was Not a Collision with a Motor Vehicle in Transport,0,No,1,Non-Junction,1,Not an Intersection,None,4,On Roadside,1,Daylight,1,Clear,0,16,4:00pm-4:59pm,18,16,4:00pm-4:59pm,23,16,4:00pm-4:59pm,47,1,0
2020,4,Arizona,40575,2,2,0,0,3,3,0,19,PIMA (19),TUCSON,26,9,2020,7,Saturday,20,8:00pm-8:59pm,50,This section IS NOT on the NHS,4,County Road,CR-WETMORE RD,FLOWING WELLS RD,2,Urban,4,Minor Arterial,2,County Highway Agency,0,None,32.28685278,-110.99511389,No Special Jurisdiction,12,Motor Vehicle In-Transport,6,Angle,0,No,2,Intersection,2,Four-Way Intersection,None,1,On Roadway,3,Dark - Lighted,1,Clear,0,20,8:00pm-8:59pm,50,20,8:00pm-8:59pm,50,99,Unknown,Unknown EMS Hospital Arrival Time,1,0
2020,4,Arizona,40577,1,1,0,0,1,1,0,21,PINAL (21),APACHE JUNCTION,27,9,2020,1,Sunday,5,5:00am-5:59am,40,This section IS ON the NHS,2,U.S. Highway,US-60,,2,Urban,2,Principal Arterial - Other Freeways and Expressways,1,State Highway Agency,1666,1666,33.38679722,-111.502625,No Special Jurisdiction,1,Rollover/Overturn,0,The First Harmful Event was Not a Collision with a Motor Vehicle in Transport,0,No,1,Non-Junction,1,Not an Intersection,None,1,On Roadway,3,Dark - Lighted,1,Clear,0,5,5:00am-5:59am,43,5,5:00am-5:59am,58,6,6:00am-6:59am,30,1,0
2020,4,Arizona,40579,1,1,0,0,1,1,0,17,NAVAJO (17),SHOW LOW,27,9,2020,1,Sunday,16,4:00pm-4:59pm,48,This section IS NOT on the NHS,6,Local Street - Municipality,6TH ST,,2,Urban,5,Major Collector,4,City or Municipal Highway Agency,0,None,34.26354444,-110.03439167,No Special Jurisdiction,38,Fence,0,The First Harmful Event was Not a Collision with a Motor Vehicle in Transport,0,No,1,Non-Junction,1,Not an Intersection,None,4,On Roadside,1,Daylight,1,Clear,0,16,4:00pm-4:59pm,48,16,4:00pm-4:59pm,54,88,Not Applicable (Not Transported),Not Applicable (Not Transported),1,0
2020,4,Arizona,40581,1,1,0,1,1,1,1,5,COCONINO (5),FLAGSTAFF,28,9,2020,2,Monday,20,8:00pm-8:59pm,3,This section IS ON the NHS,2,U.S. Highway,US-89,,2,Urban,3,Principal Arterial - Other,1,State Highway Agency,16,16,35.23991389,-111.57060556,No Special Jurisdiction,8,Pedestrian,0,The First Harmful Event was Not a Collision with a Motor Vehicle in Transport,0,No,1,Non-Junction,1,Not an Intersection,None,1,On Roadway,2,Dark - Not Lighted,1,Clear,0,99,Unknown,Unknown,99,Unknown EMS Scene Arrival Hour,Unknown EMS Scene Arrival Minutes,88,Not Applicable (Not Transported),Not Applicable (Not Transported),1,0
2020,4,Arizona,40582,1,1,0,1,1,1,1,19,PIMA (19),NOT APPLICABLE,29,9,2020,3,Tuesday,4,4:00am-4:59am,27,This section IS ON the NHS,4,County Road,CR-VALENCIA RD,SWAN RD,2,Urban,3,Principal Arterial - Other,2,County Highway Agency,0,None,32.13441111,-110.89206944,No Special Jurisdiction,8,Pedestrian,0,The First Harmful Event was Not a Collision with a Motor Vehicle in Transport,0,No,3,Intersection-Related,2,Four-Way Intersection,None,1,On Roadway,3,Dark - Lighted,1,Clear,0,4,4:00am-4:59am,27,4,4:00am-4:59am,34,4,4:00am-4:59am,52,1,0
2020,4,Arizona,40583,1,1,0,1,1,1,1,13,MARICOPA (13),NOT APPLICABLE,29,9,2020,3,Tuesday,6,6:00am-6:59am,3,This section IS NOT on the NHS,6,Local Street - Municipality,ALMA SCHOOL RD,,2,Urban,3,Principal Arterial - Other,4,City or Municipal Highway Agency,0,None,33.38175833,-111.85871389,No Special Jurisdiction,8,Pedestrian,0,The First Harmful Event was Not a Collision with a Motor Vehicle in Transport,0,No,1,Non-Junction,1,Not an Intersection,None,4,On Roadside,4,Dawn,1,Clear,0,6,6:00am-6:59am,3,6,6:00am-6:59am,9,6,6:00am-6:59am,20,1,0
2020,4,Arizona,40584,1,1,0,1,1,1,1,19,PIMA (19),TUCSON,29,9,2020,3,Tuesday,18,6:00pm-6:59pm,36,This section IS NOT on the NHS,6,Local Street - Municipality,KINO PARKWAY,WINSETT ST,2,Urban,3,Principal Arterial - Other,4,City or Municipal Highway Agency,0,None,32.21508611,-110.94605556,No Special Jurisdiction,8,Pedestrian,0,The First Harmful Event was Not a Collision with a Motor Vehicle in Transport,0,No,3,Intersection-Related,2,Four-Way Intersection,None,1,On Roadway,1,Daylight,1,Clear,0,18,6:00pm-6:59pm,30,18,6:00pm-6:59pm,34,19,7:00pm-7:59pm,0,1,0
2020,4,Arizona,40585,2,2,0,0,2,2,0,13,MARICOPA (13),NOT APPLICABLE,30,9,2020,4,Wednesday,8,8:00am-8:59am,23,This section IS ON the NHS,1,Interstate,I-10,,1,Rural,1,Interstate,1,State Highway Agency,830,830,33.53198056,-113.13150833,No Special Jurisdiction,12,Motor Vehicle In-Transport,1,Front-to-Rear,0,No,1,Non-Junction,1,Not an Intersection,None,1,On Roadway,1,Daylight,1,Clear,0,8,8:00am-8:59am,27,8,8:00am-8:59am,42,99,Unknown,Unknown EMS Hospital Arrival Time,1,0