AccidentYear,STATE,STATENAME,ST_CASE,VE_TOTAL,VE_FORMS,PVH_INVL,PEDS,PERSONS,PERMVIT,PERNOTMVIT,COUNTY,COUNTYNAME,CITYNAME,DAY,MONTH,YEAR,DAY_WEEK,DAY_WEEKNAME,HOUR,HOURNAME,MINUTENAME,NHSNAME,ROUTE,ROUTENAME,TWAY_ID,TWAY_ID2,RUR_URB,RUR_URBNAME,FUNC_SYS,FUNC_SYSNAME,RD_OWNER,RD_OWNERNAME,MILEPT,MILEPTNAME,LATITUDENAME,LONGITUDNAME,SP_JURNAME,HARM_EV,HARM_EVNAME,MAN_COLL,MAN_COLLNAME,RELJCT1,RELJCT1NAME,RELJCT2,RELJCT2NAME,TYP_INT,TYP_INTNAME,WRK_ZONENAME,REL_ROAD,REL_ROADNAME,LGT_COND,LGT_CONDNAME,WEATHER,WEATHERNAME,SCH_BUS,NOT_HOUR,NOT_HOURNAME,NOT_MINNAME,ARR_HOUR,ARR_HOURNAME,ARR_MINNAME,HOSP_HR,HOSP_HRNAME,HOSP_MNNAME,FATALS,DRUNK_DR
2020,4,Arizona,40586,1,1,0,2,1,1,2,13,MARICOPA (13),PHOENIX,30,9,2020,4,Wednesday,16,4:00pm-4:59pm,49,This section IS NOT on the NHS,6,Local Street - Municipality,BROADWAY BLVD,,2,Urban,3,Principal Arterial - Other,4,City or Municipal Highway Agency,0,None,Reported as Unknown,Reported as Unknown,No Special Jurisdiction,8,Pedestrian,0,The First Harmful Event was Not a Collision with a Motor Vehicle in Transport,0,No,1,Non-Junction,1,Not an Intersection,None,1,On Roadway,1,Daylight,1,Clear,0,16,4:00pm-4:59pm,49,16,4:00pm-4:59pm,49,99,Unknown,Unknown EMS Hospital Arrival Time,1,0
2020,4,Arizona,40587,2,2,0,0,3,3,0,13,MARICOPA (13),PHOENIX,10,9,2020,5,Thursday,18,6:00pm-6:59pm,15,This section IS NOT on the NHS,6,Local Street - Municipality,16TH ST,ILLINI ST,2,Urban,4,Minor Arterial,4,City or Municipal Highway Agency,0,None,33.41159444,-112.04706667,No Special Jurisdiction,12,Motor Vehicle In-Transport,6,Angle,0,No,2,Intersection,3,T-Intersection,None,1,On Roadway,1,Daylight,1,Clear,0,18,6:00pm-6:59pm,16,18,6:00pm-6:59pm,20,18,6:00pm-6:59pm,38,1,0
2020,4,Arizona,40588,2,2,0,0,2,2,0,13,MARICOPA (13),PHOENIX,13,5,2020,4,Wednesday,10,10:00am-10:59am,4,This section IS NOT on the NHS,6,Local Street - Municipality,BROADWAY RD,,2,Urban,4,Minor Arterial,4,City or Municipal Highway Agency,0,None,33.40844444,-112.23090556,No Special Jurisdiction,12,Motor Vehicle In-Transport,8,Sideswipe - Opposite Direction,0,No,1,Non-Junction,1,Not an Intersection,None,1,On Roadway,1,Daylight,1,Clear,0,10,10:00am-10:59am,4,10,10:00am-10:59am,10,10,10:00am-10:59am,45,1,0
2020,4,Arizona,40589,2,2,0,0,4,4,0,5,COCONINO (5),NOT APPLICABLE,3,7,2020,6,Friday,11,11:00am-11:59am,15,This section IS ON the NHS,2,U.S. Highway,US-89,,1,Rural,3,Principal Arterial - Other,1,State Highway Agency,86,86,35.33189444,-111.54766944,No Special Jurisdiction,44,"Pavement Surface Irregularity (Ruts, Potholes, Grates, etc.)",0,The First Harmful Event was Not a Collision with a Motor Vehicle in Transport,0,No,1,Non-Junction,1,Not an Intersection,None,1,On Roadway,1,Daylight,2,Rain,0,99,Unknown,Unknown,99,Unknown EMS Scene Arrival Hour,Unknown EMS Scene Arrival Minutes,99,Unknown,Unknown EMS Hospital Arrival Time,1,0
2020,4,Arizona,40590,1,1,0,1,1,1,1,13,MARICOPA (13),MESA,15,7,2020,4,Wednesday,22,10:00pm-10:59pm,14,This section IS NOT on the NHS,6,Local Street - Municipality,ALMA SCHOOL RD,9TH PL,2,Urban,3,Principal Arterial - Other,4,City or Municipal Highway Agency,0,None,33.43217222,-111.85625,No Special Jurisdiction,8,Pedestrian,0,The First Harmful Event was Not a Collision with a Motor Vehicle in Transport,0,No,3,Intersection-Related,3,T-Intersection,None,1,On Roadway,3,Dark - Lighted,1,Clear,0,22,10:00pm-10:59pm,14,22,10:00pm-10:59pm,18,22,10:00pm-10:59pm,25,1,0
2020,4,Arizona,40591,2,2,0,0,2,2,0,13,MARICOPA (13),AVONDALE,17,7,2020,6,Friday,6,6:00am-6:59am,59,This section IS NOT on the NHS,4,County Road,CR- LOWER BUCKEYE RD,,2,Urban,4,Minor Arterial,2,County Highway Agency,0,None,33.42075,-112.30329444,No Special Jurisdiction,12,Motor Vehicle In-Transport,2,Front-to-Front,0,No,1,Non-Junction,1,Not an Intersection,None,1,On Roadway,1,Daylight,1,Clear,0,99,Unknown,Unknown,99,Unknown EMS Scene Arrival Hour,Unknown EMS Scene Arrival Minutes,88,Not Applicable (Not Transported),Not Applicable (Not Transported),1,0
2020,4,Arizona,40592,2,2,0,0,2,2,0,13,MARICOPA (13),SCOTTSDALE,17,7,2020,6,Friday,12,12:00pm-12:59pm,9,This section IS NOT on the NHS,6,Local Street - Municipality,THOMAS RD,68TH ST,2,Urban,3,Principal Arterial - Other,4,City or Municipal Highway Agency,0,None,33.4803,-111.93478611,No Special Jurisdiction,12,Motor Vehicle In-Transport,6,Angle,0,No,2,Intersection,2,Four-Way Intersection,None,1,On Roadway,1,Daylight,1,Clear,0,99,Unknown,Unknown,99,Unknown EMS Scene Arrival Hour,Unknown EMS Scene Arrival Minutes,99,Unknown,Unknown EMS Hospital Arrival Time,1,0
2020,4,Arizona,40593,2,2,0,0,7,7,0,1,APACHE (1),NOT APPLICABLE,18,7,2020,7,Saturday,15,3:00pm-3:59pm,9,This section IS NOT on the NHS,8,Other,FS-249,,1,Rural,6,Minor Collector,64,U.S. Forest Service,0,None,33.86790833,-109.24665833,No Special Jurisdiction,12,Motor Vehicle In-Transport,8,Sideswipe - Opposite Direction,0,No,1,Non-Junction,1,Not an Intersection,None,1,On Roadway,1,Daylight,10,Cloudy,0,99,Unknown,Unknown,99,Unknown EMS Scene Arrival Hour,Unknown EMS Scene Arrival Minutes,99,Unknown,Unknown EMS Hospital Arrival Time,1,0
2020,4,Arizona,40594,4,4,0,0,5,5,0,13,MARICOPA (13),PHOENIX,1,8,2020,7,Saturday,7,7:00am-7:59am,45,This section IS ON the NHS,3,State Highway,SR-101,,2,Urban,2,Principal Arterial - Other Freeways and Expressways,1,State Highway Agency,247,247,33.66880833,-112.06899167,No Special Jurisdiction,12,Motor Vehicle In-Transport,7,Sideswipe - Same Direction,0,No,1,Non-Junction,1,Not an Intersection,"Work Zone, Type Unknown",1,On Roadway,1,Daylight,1,Clear,0,7,7:00am-7:59am,48,7,7:00am-7:59am,58,8,8:00am-8:59am,10,1,0
2020,4,Arizona,40595,1,1,0,1,2,2,1,13,MARICOPA (13),MESA,2,8,2020,1,Sunday,21,9:00pm-9:59pm,34,This section IS NOT on the NHS,4,County Road,CR-UNIVERSITY DR,,2,Urban,4,Minor Arterial,2,County Highway Agency,0,None,33.42230833,-111.58898889,No Special Jurisdiction,8,Pedestrian,0,The First Harmful Event was Not a Collision with a Motor Vehicle in Transport,0,No,1,Non-Junction,1,Not an Intersection,None,1,On Roadway,2,Dark - Not Lighted,10,Cloudy,0,21,9:00pm-9:59pm,34,21,9:00pm-9:59pm,40,22,10:00pm-10:59pm,0,1,0
2020,4,Arizona,40596,3,3,0,5,3,3,5,13,MARICOPA (13),PHOENIX,13,8,2020,5,Thursday,17,5:00pm-5:59pm,50,This section IS ON the NHS,1,Interstate,I-17,,2,Urban,1,Interstate,1,State Highway Agency,2072,2072,33.56480556,-112.11689167,No Special Jurisdiction,12,Motor Vehicle In-Transport,1,Front-to-Rear,0,No,1,Non-Junction,1,Not an Intersection,None,1,On Roadway,1,Daylight,10,Cloudy,0,17,5:00pm-5:59pm,50,17,5:00pm-5:59pm,57,99,Unknown,Unknown EMS Hospital Arrival Time,3,0
2020,4,Arizona,40597,2,2,0,0,3,3,0,7,GILA (7),NOT APPLICABLE,14,8,2020,6,Friday,13,1:00pm-1:59pm,33,This section IS NOT on the NHS,2,U.S. Highway,US-70,,1,Rural,4,Minor Arterial,1,State Highway Agency,119,119,33.33207778,-110.57372778,No Special Jurisdiction,12,Motor Vehicle In-Transport,6,Angle,0,No,1,Non-Junction,1,Not an Intersection,None,1,On Roadway,1,Daylight,1,Clear,0,13,1:00pm-1:59pm,40,13,1:00pm-1:59pm,51,99,Unknown,Unknown EMS Hospital Arrival Time,2,0
2020,4,Arizona,40598,2,2,0,0,2,2,0,13,MARICOPA (13),PHOENIX,22,8,2020,7,Saturday,20,8:00pm-8:59pm,18,This section IS ON the NHS,3,State Highway,SR-101,,2,Urban,2,Principal Arterial - Other Freeways and Expressways,1,State Highway Agency,297,297,33.67307222,-111.979175,No Special Jurisdiction,12,Motor Vehicle In-Transport,1,Front-to-Rear,0,No,1,Non-Junction,1,Not an Intersection,Construction,1,On Roadway,3,Dark - Lighted,1,Clear,0,20,8:00pm-8:59pm,25,20,8:00pm-8:59pm,30,20,8:00pm-8:59pm,41,1,1
2020,4,Arizona,40599,1,1,0,1,1,1,1,13,MARICOPA (13),BUCKEYE,24,8,2020,2,Monday,18,6:00pm-6:59pm,47,This section IS NOT on the NHS,9,Unknown,GOPHER RD,,2,Urban,7,Local,98,Not Reported,0,None,33.33191389,-112.48228611,No Special Jurisdiction,8,Pedestrian,0,The First Harmful Event was Not a Collision with a Motor Vehicle in Transport,0,No,1,Non-Junction,1,Not an Intersection,None,1,On Roadway,1,Daylight,1,Clear,0,18,6:00pm-6:59pm,47,18,6:00pm-6:59pm,52,19,7:00pm-7:59pm,10,1,0
2020,4,Arizona,40600,1,1,0,0,1,1,0,19,PIMA (19),NOT APPLICABLE,27,8,2020,5,Thursday,21,9:00pm-9:59pm,0,This section IS NOT on the NHS,4,County Road,CR-SHANNON RD,CAMPUS PARK WY,2,Urban,4,Minor Arterial,2,County Highway Agency,0,None,32.34466667,-111.02898056,No Special Jurisdiction,33,Curb,0,The First Harmful Event was Not a Collision with a Motor Vehicle in Transport,0,No,3,Intersection-Related,2,Four-Way Intersection,None,4,On Roadside,3,Dark - Lighted,1,Clear,0,21,9:00pm-9:59pm,0,99,Unknown EMS Scene Arrival Hour,Unknown if Arrived,88,Not Applicable (Not Transported),Not Applicable (Not Transported),1,0
2020,4,Arizona,40601,1,1,0,0,2,2,0,25,YAVAPAI (25),NOT APPLICABLE,1,10,2020,5,Thursday,10,10:00am-10:59am,6,This section IS NOT on the NHS,3,State Highway,SR-71,,1,Rural,5,Major Collector,1,State Highway Agency,175,175,34.12431389,-112.94830556,No Special Jurisdiction,33,Curb,0,The First Harmful Event was Not a Collision with a Motor Vehicle in Transport,0,No,1,Non-Junction,1,Not an Intersection,None,4,On Roadside,1,Daylight,1,Clear,0,10,10:00am-10:59am,20,10,10:00am-10:59am,38,11,11:00am-11:59am,53,2,0
2020,4,Arizona,40602,2,2,0,1,2,2,1,7,GILA (7),NOT APPLICABLE,1,10,2020,5,Thursday,17,5:00pm-5:59pm,3,This section IS NOT on the NHS,3,State Highway,SR-87,VERDE ESTATES RD,1,Rural,4,Minor Arterial,1,State Highway Agency,1394,1394,34.29996389,-111.3574,No Special Jurisdiction,12,Motor Vehicle In-Transport,2,Front-to-Front,1,Yes,2,Intersection,3,T-Intersection,None,1,On Roadway,1,Daylight,1,Clear,0,17,5:00pm-5:59pm,3,17,5:00pm-5:59pm,11,99,Unknown,Unknown EMS Hospital Arrival Time,2,0
2020,4,Arizona,40603,2,2,0,0,2,2,0,19,PIMA (19),TUCSON,2,10,2020,6,Friday,20,8:00pm-8:59pm,1,This section IS NOT on the NHS,6,Local Street - Municipality,GOLF LINKS RD,HEARTHSTONE DR,2,Urban,5,Major Collector,4,City or Municipal Highway Agency,0,None,32.1919,-110.79663056,No Special Jurisdiction,12,Motor Vehicle In-Transport,6,Angle,0,No,2,Intersection,2,Four-Way Intersection,None,1,On Roadway,3,Dark - Lighted,1,Clear,0,20,8:00pm-8:59pm,0,20,8:00pm-8:59pm,7,20,8:00pm-8:59pm,25,1,1
2020,4,Arizona,40604,2,2,0,0,2,2,0,13,MARICOPA (13),PHOENIX,2,10,2020,6,Friday,20,8:00pm-8:59pm,13,This section IS NOT on the NHS,6,Local Street - Municipality,MCDOWELL RD,,2,Urban,4,Minor Arterial,4,City or Municipal Highway Agency,0,None,33.46579722,-112.03066944,No Special Jurisdiction,5,Fell/Jumped from Vehicle,0,The First Harmful Event was Not a Collision with a Motor Vehicle in Transport,0,No,8,Driveway Access Related,1,Not an Intersection,None,1,On Roadway,3,Dark - Lighted,1,Clear,0,20,8:00pm-8:59pm,15,20,8:00pm-8:59pm,19,20,8:00pm-8:59pm,29,1,0
2020,4,Arizona,40605,1,1,0,0,2,2,0,25,YAVAPAI (25),NOT APPLICABLE,2,10,2020,6,Friday,21,9:00pm-9:59pm,59,This section IS ON the NHS,3,State Highway,SR-179,,1,Rural,3,Principal Arterial - Other,1,State Highway Agency,82,82,34.79343333,-111.7646,No Special Jurisdiction,33,Curb,0,The First Harmful Event was Not a Collision with a Motor Vehicle in Transport,0,No,1,Non-Junction,1,Not an Intersection,None,4,On Roadside,2,Dark - Not Lighted,1,Clear,0,21,9:00pm-9:59pm,49,21,9:00pm-9:59pm,59,99,Unknown,Unknown EMS Hospital Arrival Time,1,0
2020,4,Arizona,40606,1,1,0,0,2,2,0,15,MOHAVE (15),NOT APPLICABLE,3,10,2020,7,Saturday,10,10:00am-10:59am,40,This section IS ON the NHS,1,Interstate,I-40,,1,Rural,1,Interstate,1,State Highway Agency,617,617,35.194625,-113.84807778,No Special Jurisdiction,1,Rollover/Overturn,0,The First Harmful Event was Not a Collision with a Motor Vehicle in Transport,0,No,1,Non-Junction,1,Not an Intersection,None,3,On Median,1,Daylight,1,Clear,0,10,10:00am-10:59am,45,10,10:00am-10:59am,48,99,Unknown,Unknown EMS Hospital Arrival Time,1,0
2020,4,Arizona,40607,1,1,0,0,1,1,0,25,YAVAPAI (25),COTTONWOOD,3,10,2020,7,Saturday,18,6:00pm-6:59pm,36,This section IS NOT on the NHS,6,Local Street - Municipality,12TH ST,,2,Urban,4,Minor Arterial,4,City or Municipal Highway Agency,0,None,34.73300278,-112.01416389,No Special Jurisdiction,33,Curb,0,The First Harmful Event was Not a Collision with a Motor Vehicle in Transport,0,No,1,Non-Junction,1,Not an Intersection,None,4,On Roadside,2,Dark - Not Lighted,1,Clear,0,18,6:00pm-6:59pm,36,18,6:00pm-6:59pm,38,19,7:00pm-7:59pm,1,1,0
2020,4,Arizona,40608,1,1,0,1,3,3,1,5,COCONINO (5),NOT APPLICABLE,3,10,2020,7,Saturday,21,9:00pm-9:59pm,26,This section IS ON the NHS,2,U.S. Highway,US-89,,1,Rural,3,Principal Arterial - Other,1,State Highway Agency,466,466,35.86145556,-111.41894444,No Special Jurisdiction,8,Pedestrian,0,The First Harmful Event was Not a Collision with a Motor Vehicle in Transport,0,No,1,Non-Junction,1,Not an Intersection,None,1,On Roadway,3,Dark - Lighted,1,Clear,0,21,9:00pm-9:59pm,31,22,10:00pm-10:59pm,2,23,11:00pm-11:59pm,34,1,0
2020,4,Arizona,40609,2,2,0,0,3,3,0,7,GILA (7),NOT APPLICABLE,4,10,2020,1,Sunday,13,1:00pm-1:59pm,3,This section IS NOT on the NHS,2,U.S. Highway,US-60,,1,Rural,4,Minor Arterial,1,State Highway Agency,2747,2747,33.93756944,-110.33649167,No Special Jurisdiction,12,Motor Vehicle In-Transport,8,Sideswipe - Opposite Direction,0,No,1,Non-Junction,1,Not an Intersection,None,1,On Roadway,1,Daylight,1,Clear,0,13,1:00pm-1:59pm,4,13,1:00pm-1:59pm,27,88,Not Applicable (Not Transported),Not Applicable (Not Transported),1,0
2020,4,Arizona,40610,2,2,0,0,2,2,0,13,MARICOPA (13),PHOENIX,5,10,2020,2,Monday,19,7:00pm-7:59pm,0,This section IS NOT on the NHS,6,Local Street - Municipality,43RD AVE,MICHIGAN AVE,2,Urban,4,Minor Arterial,4,City or Municipal Highway Agency,0,None,33.65023611,-112.15191111,No Special Jurisdiction,12,Motor Vehicle In-Transport,6,Angle,0,No,2,Intersection,3,T-Intersection,None,1,On Roadway,3,Dark - Lighted,1,Clear,0,99,Unknown,Unknown,99,Unknown EMS Scene Arrival Hour,Unknown EMS Scene Arrival Minutes,99,Unknown,Unknown EMS Hospital Arrival Time,1,0
2020,4,Arizona,40611,1,1,0,0,1,1,0,25,YAVAPAI (25),NOT APPLICABLE,6,10,2020,3,Tuesday,22,10:00pm-10:59pm,40,This section IS ON the NHS,3,State Highway,SR-69,,1,Rural,3,Principal Arterial - Other,1,State Highway Agency,59,59,34.38058333,-112.19701111,No Special Jurisdiction,39,Wall,0,The First Harmful Event was Not a Collision with a Motor Vehicle in Transport,0,No,1,Non-Junction,1,Not an Intersection,None,4,On Roadside,2,Dark - Not Lighted,1,Clear,0,22,10:00pm-10:59pm,45,22,10:00pm-10:59pm,54,88,Not Applicable (Not Transported),Not Applicable (Not Transported),1,0
2020,4,Arizona,40612,1,1,0,0,1,1,0,25,YAVAPAI (25),NOT APPLICABLE,8,10,2020,5,Thursday,6,6:00am-6:59am,42,This section IS NOT on the NHS,3,State Highway,SR-71,,1,Rural,5,Major Collector,1,State Highway Agency,105,105,34.06647222,-113.03827778,No Special Jurisdiction,35,Embankment,0,The First Harmful Event was Not a Collision with a Motor Vehicle in Transport,0,No,1,Non-Junction,1,Not an Intersection,None,4,On Roadside,1,Daylight,1,Clear,0,6,6:00am-6:59am,45,7,7:00am-7:59am,2,88,Not Applicable (Not Transported),Not Applicable (Not Transported),1,0
2020,4,Arizona,40613,1,1,0,1,1,1,1,13,MARICOPA (13),PHOENIX,9,10,2020,6,Friday,1,1:00am-1:59am,10,This section IS NOT on the NHS,6,Local Street - Municipality,THOMAS RD,,2,Urban,3,Principal Arterial - Other,4,City or Municipal Highway Agency,0,None,33.480475,-112.016525,No Special Jurisdiction,15,Non-Motorist on Personal Conveyance,0,The First Harmful Event was Not a Collision with a Motor Vehicle in Transport,0,No,1,Non-Junction,1,Not an Intersection,None,1,On Roadway,3,Dark - Lighted,1,Clear,0,1,1:00am-1:59am,12,1,1:00am-1:59am,17,88,Not Applicable (Not Transported),Not Applicable (Not Transported),1,1
2020,4,Arizona,40614,2,2,0,0,3,3,0,15,MOHAVE (15),NOT APPLICABLE,9,10,2020,6,Friday,15,3:00pm-3:59pm,10,This section IS NOT on the NHS,3,State Highway,SR-66,BOULDER RD,1,Rural,5,Major Collector,1,State Highway Agency,175,175,35.41650278,-113.81689167,No Special Jurisdiction,12,Motor Vehicle In-Transport,1,Front-to-Rear,1,Yes,3,Intersection-Related,3,T-Intersection,None,1,On Roadway,1,Daylight,1,Clear,0,15,3:00pm-3:59pm,10,15,3:00pm-3:59pm,21,15,3:00pm-3:59pm,55,1,0
2020,4,Arizona,40615,2,2,0,0,3,3,0,17,NAVAJO (17),NOT APPLICABLE,9,10,2020,6,Friday,19,7:00pm-7:59pm,37,This section IS ON the NHS,1,Interstate,I-40,,1,Rural,1,Interstate,1,State Highway Agency,2957,2957,34.98193056,-110.048475,No Special Jurisdiction,12,Motor Vehicle In-Transport,1,Front-to-Rear,0,No,1,Non-Junction,1,Not an Intersection,None,1,On Roadway,2,Dark - Not Lighted,1,Clear,0,19,7:00pm-7:59pm,40,19,7:00pm-7:59pm,52,88,Not Applicable (Not Transported),Not Applicable (Not Transported),1,0
2020,4,Arizona,40616,1,1,0,1,1,1,1,13,MARICOPA (13),PHOENIX,9,10,2020,6,Friday,20,8:00pm-8:59pm,17,This section IS NOT on the NHS,6,Local Street - Municipality,VAN BUREN ST,,2,Urban,4,Minor Arterial,4,City or Municipal Highway Agency,0,None,33.45135,-112.01495278,No Special Jurisdiction,8,Pedestrian,0,The First Harmful Event was Not a Collision with a Motor Vehicle in Transport,0,No,1,Non-Junction,1,Not an Intersection,None,1,On Roadway,3,Dark - Lighted,1,Clear,0,20,8:00pm-8:59pm,17,20,8:00pm-8:59pm,21,20,8:00pm-8:59pm,33,1,0
2020,4,Arizona,40617,1,1,0,0,1,1,0,19,PIMA (19),TUCSON,12,10,2020,2,Monday,11,11:00am-11:59am,1,This section IS NOT on the NHS,3,State Highway,SR-86,SAN JOAQUIN RD,2,Urban,4,Minor Arterial,1,State Highway Agency,1114,1114,Not Available,Not Available,No Special Jurisdiction,59,Traffic Sign Support,0,The First Harmful Event was Not a Collision with a Motor Vehicle in Transport,1,Yes,3,Intersection-Related,3,T-Intersection,None,4,On Roadside,1,Daylight,1,Clear,0,11,11:00am-11:59am,3,11,11:00am-11:59am,10,88,Not Applicable (Not Transported),Not Applicable (Not Transported),1,0
2020,4,Arizona,40618,2,2,0,0,2,2,0,5,COCONINO (5),NOT APPLICABLE,12,10,2020,2,Monday,20,8:00pm-8:59pm,8,This section IS ON the NHS,1,Interstate,I-40,,1,Rural,1,Interstate,1,State Highway Agency,2067,2067,35.20221111,-111.46595278,No Special Jurisdiction,12,Motor Vehicle In-Transport,2,Front-to-Front,0,No,1,Non-Junction,1,Not an Intersection,None,1,On Roadway,2,Dark - Not Lighted,1,Clear,0,20,8:00pm-8:59pm,9,20,8:00pm-8:59pm,14,99,Unknown,Unknown EMS Hospital Arrival Time,1,0
2020,4,Arizona,40619,2,2,0,0,5,5,0,19,PIMA (19),TUCSON,13,10,2020,3,Tuesday,18,6:00pm-6:59pm,0,This section IS ON the NHS,6,Local Street - Municipality,WETMORE  RD,,2,Urban,4,Minor Arterial,4,City or Municipal Highway Agency,0,None,32.28651944,-110.97268889,No Special Jurisdiction,12,Motor Vehicle In-Transport,6,Angle,0,No,8,Driveway Access Related,1,Not an Intersection,None,1,On Roadway,1,Daylight,1,Clear,0,18,6:00pm-6:59pm,0,18,6:00pm-6:59pm,4,88,Not Applicable (Not Transported),Not Applicable (Not Transported),1,0
2020,4,Arizona,40621,1,1,0,0,1,1,0,13,MARICOPA (13),MESA,14,10,2020,4,Wednesday,16,4:00pm-4:59pm,47,This section IS NOT on the NHS,6,Local Street - Municipality,MESA DR,,2,Urban,3,Principal Arterial - Other,4,City or Municipal Highway Agency,0,None,33.43514167,-111.8227,No Special Jurisdiction,1,Rollover/Overturn,0,The First Harmful Event was Not a Collision with a Motor Vehicle in Transport,0,No,1,Non-Junction,1,Not an Intersection,None,1,On Roadway,1,Daylight,1,Clear,0,16,4:00pm-4:59pm,47,16,4:00pm-4:59pm,51,17,5:00pm-5:59pm,25,1,0
2020,4,Arizona,40622,2,2,0,0,3,3,0,25,YAVAPAI (25),NOT APPLICABLE,14,10,2020,4,Wednesday,22,10:00pm-10:59pm,23,This section IS ON the NHS,3,State Highway,SR-89A,FS 525,1,Rural,3,Principal Arterial - Other,1,State Highway Agency,449,449,34.81414722,-111.90497778,No Special Jurisdiction,12,Motor Vehicle In-Transport,6,Angle,1,Yes,2,Intersection,2,Four-Way Intersection,None,1,On Roadway,2,Dark - Not Lighted,1,Clear,0,22,10:00pm-10:59pm,23,22,10:00pm-10:59pm,33,22,10:00pm-10:59pm,57,1,1
2020,4,Arizona,40623,1,1,0,0,1,1,0,13,MARICOPA (13),GLENDALE,15,10,2020,5,Thursday,2,2:00am-2:59am,43,This section IS NOT on the NHS,6,Local Street - Municipality,CAMELBACK RD,,2,Urban,3,Principal Arterial - Other,4,City or Municipal Highway Agency,0,None,33.50952778,-112.16768611,No Special Jurisdiction,33,Curb,0,The First Harmful Event was Not a Collision with a Motor Vehicle in Transport,0,No,1,Non-Junction,1,Not an Intersection,None,4,On Roadside,3,Dark - Lighted,1,Clear,0,99,Unknown,Unknown,99,Unknown EMS Scene Arrival Hour,Unknown EMS Scene Arrival Minutes,99,Unknown,Unknown EMS Hospital Arrival Time,1,1
2020,4,Arizona,40624,2,2,0,0,2,2,0,19,PIMA (19),TUCSON,15,10,2020,5,Thursday,10,10:00am-10:59am,31,This section IS NOT on the NHS,6,Local Street - Municipality,BALBOA AVE,BLACKLIDGE DR,2,Urban,7,Local,4,City or Municipal Highway Agency,0,None,32.26119444,-110.97632222,No Special Jurisdiction,12,Motor Vehicle In-Transport,6,Angle,0,No,2,Intersection,2,Four-Way Intersection,None,1,On Roadway,1,Daylight,1,Clear,0,10,10:00am-10:59am,31,10,10:00am-10:59am,35,10,10:00am-10:59am,49,1,0
2020,4,Arizona,40625,2,2,0,0,2,2,0,17,NAVAJO (17),NOT APPLICABLE,17,10,2020,7,Saturday,0,0:00am-0:59am,9,This section IS ON the NHS,1,Interstate,I-40,,1,Rural,1,Interstate,1,State Highway Agency,3002,3002,34.99070556,-109.96810278,No Special Jurisdiction,12,Motor Vehicle In-Transport,2,Front-to-Front,0,No,1,Non-Junction,1,Not an Intersection,None,1,On Roadway,2,Dark - Not Lighted,1,Clear,0,0,0:00am-0:59am,9,0,0:00am-0:59am,27,88,Not Applicable (Not Transported),Not Applicable (Not Transported),1,1
2020,4,Arizona,40626,3,3,0,0,6,6,0,13,MARICOPA (13),GLENDALE,17,10,2020,7,Saturday,23,11:00pm-11:59pm,31,This section IS NOT on the NHS,6,Local Street - Municipality,GLENDALE AVE,,2,Urban,4,Minor Arterial,4,City or Municipal Highway Agency,0,None,33.53650833,-112.31840833,No Special Jurisdiction,12,Motor Vehicle In-Transport,1,Front-to-Rear,0,No,1,Non-Junction,1,Not an Intersection,None,1,On Roadway,2,Dark - Not Lighted,1,Clear,0,99,Unknown,Unknown,99,Unknown EMS Scene Arrival Hour,Unknown EMS Scene Arrival Minutes,99,Unknown,Unknown EMS Hospital Arrival Time,2,0
2020,4,Arizona,40627,1,1,0,0,1,1,0,19,PIMA (19),TUCSON,17,10,2020,7,Saturday,23,11:00pm-11:59pm,41,This section IS NOT on the NHS,4,County Road,CR-RUDASILL RD,,2,Urban,5,Major Collector,2,County Highway Agency,0,None,32.31578889,-110.96816667,No Special Jurisdiction,35,Embankment,0,The First Harmful Event was Not a Collision with a Motor Vehicle in Transport,0,No,1,Non-Junction,1,Not an Intersection,None,4,On Roadside,2,Dark - Not Lighted,1,Clear,0,23,11:00pm-11:59pm,41,23,11:00pm-11:59pm,48,88,Not Applicable (Not Transported),Not Applicable (Not Transported),1,1
2020,4,Arizona,40628,1,1,0,0,1,1,0,13,MARICOPA (13),GLENDALE,18,10,2020,1,Sunday,4,4:00am-4:59am,51,This section IS NOT on the NHS,6,Local Street - Municipality,67TH AVE,,2,Urban,4,Minor Arterial,4,City or Municipal Highway Agency,0,None,33.53235556,-112.20308611,No Special Jurisdiction,43,Other Fixed Object,0,The First Harmful Event was Not a Collision with a Motor Vehicle in Transport,0,No,1,Non-Junction,1,Not an Intersection,None,5,Outside Trafficway,3,Dark - Lighted,1,Clear,0,99,Unknown,Unknown if Notified,99,Unknown EMS Scene Arrival Hour,Unknown if Arrived,88,Not Applicable (Not Transported),Not Applicable (Not Transported),1,1
2020,4,Arizona,40629,1,1,0,0,1,1,0,5,COCONINO (5),NOT APPLICABLE,19,10,2020,2,Monday,12,12:00pm-12:59pm,0,This section IS NOT on the NHS,3,State Highway,SR-87,,1,Rural,5,Major Collector,1,State Highway Agency,1580,1580,34.44365278,-111.46446944,No Special Jurisdiction,35,Embankment,0,The First Harmful Event was Not a Collision with a Motor Vehicle in Transport,0,No,1,Non-Junction,1,Not an Intersection,None,4,On Roadside,1,Daylight,1,Clear,0,12,12:00pm-12:59pm,0,12,12:00pm-12:59pm,16,88,Not Applicable (Not Transported),Not Applicable (Not Transported),1,0