AccidentYear,STATE,STATENAME,ST_CASE,VE_TOTAL,VE_FORMS,PVH_INVL,PEDS,PERSONS,PERMVIT,PERNOTMVIT,COUNTY,COUNTYNAME,CITYNAME,DAY,MONTH,YEAR,DAY_WEEK,DAY_WEEKNAME,HOUR,HOURNAME,MINUTENAME,NHSNAME,ROUTE,ROUTENAME,TWAY_ID,TWAY_ID2,RUR_URB,RUR_URBNAME,FUNC_SYS,FUNC_SYSNAME,RD_OWNER,RD_OWNERNAME,MILEPT,MILEPTNAME,LATITUDENAME,LONGITUDNAME,SP_JURNAME,HARM_EV,HARM_EVNAME,MAN_COLL,MAN_COLLNAME,RELJCT1,RELJCT1NAME,RELJCT2,RELJCT2NAME,TYP_INT,TYP_INTNAME,WRK_ZONENAME,REL_ROAD,REL_ROADNAME,LGT_COND,LGT_CONDNAME,WEATHER,WEATHERNAME,SCH_BUS,NOT_HOUR,NOT_HOURNAME,NOT_MINNAME,ARR_HOUR,ARR_HOURNAME,ARR_MINNAME,HOSP_HR,HOSP_HRNAME,HOSP_MNNAME,FATALS,DRUNK_DR
2020,4,Arizona,40630,2,2,0,0,2,2,0,19,PIMA (19),TUCSON,19,10,2020,2,Monday,13,1:00pm-1:59pm,9,This section IS NOT on the NHS,6,Local Street - Municipality,BROADWAY BLV,,2,Urban,3,Principal Arterial - Other,4,City or Municipal Highway Agency,0,None,32.22096389,-110.84330833,No Special Jurisdiction,12,Motor Vehicle In-Transport,6,Angle,0,No,8,Driveway Access Related,1,Not an Intersection,None,1,On Roadway,1,Daylight,1,Clear,0,13,1:00pm-1:59pm,9,13,1:00pm-1:59pm,15,88,Not Applicable (Not Transported),Not Applicable (Not Transported),1,0
2020,4,Arizona,40632,2,2,0,1,2,2,1,13,MARICOPA (13),TEMPE,21,10,2020,4,Wednesday,23,11:00pm-11:59pm,38,This section IS ON the NHS,2,U.S. Highway,US-60,,2,Urban,2,Principal Arterial - Other Freeways and Expressways,1,State Highway Agency,1416,1416,33.38544722,-111.94822222,No Special Jurisdiction,8,Pedestrian,0,The First Harmful Event was Not a Collision with a Motor Vehicle in Transport,0,No,1,Non-Junction,1,Not an Intersection,None,1,On Roadway,3,Dark - Lighted,1,Clear,0,23,11:00pm-11:59pm,40,23,11:00pm-11:59pm,47,88,Not Applicable (Not Transported),Not Applicable (Not Transported),1,0
2020,4,Arizona,40633,2,2,0,0,2,2,0,13,MARICOPA (13),SCOTTSDALE,22,10,2020,5,Thursday,3,3:00am-3:59am,10,This section IS ON the NHS,3,State Highway,SR-101,,2,Urban,2,Principal Arterial - Other Freeways and Expressways,1,State Highway Agency,457,457,33.50334722,-111.88769722,No Special Jurisdiction,12,Motor Vehicle In-Transport,2,Front-to-Front,0,No,1,Non-Junction,1,Not an Intersection,None,1,On Roadway,3,Dark - Lighted,1,Clear,0,3,3:00am-3:59am,15,3,3:00am-3:59am,23,99,Unknown,Unknown EMS Hospital Arrival Time,1,1
2020,4,Arizona,40634,2,2,0,0,2,2,0,19,PIMA (19),TUCSON,22,10,2020,5,Thursday,7,7:00am-7:59am,34,This section IS NOT on the NHS,6,Local Street - Municipality,OLD VAIL RD,,2,Urban,5,Major Collector,4,City or Municipal Highway Agency,0,None,32.09769167,-110.79468333,No Special Jurisdiction,12,Motor Vehicle In-Transport,6,Angle,0,No,1,Non-Junction,1,Not an Intersection,None,1,On Roadway,1,Daylight,1,Clear,0,7,7:00am-7:59am,34,7,7:00am-7:59am,41,88,Not Applicable (Not Transported),Not Applicable (Not Transported),1,0
2020,4,Arizona,40635,3,3,0,0,4,4,0,19,PIMA (19),SAHUARITA,22,10,2020,5,Thursday,12,12:00pm-12:59pm,44,This section IS ON the NHS,1,Interstate,I-19,,2,Urban,1,Interstate,1,State Highway Agency,430,430,31.90917222,-110.98591111,No Special Jurisdiction,12,Motor Vehicle In-Transport,7,Sideswipe - Same Direction,0,No,1,Non-Junction,1,Not an Intersection,None,1,On Roadway,1,Daylight,1,Clear,0,12,12:00pm-12:59pm,40,12,12:00pm-12:59pm,43,13,1:00pm-1:59pm,59,2,0
2020,4,Arizona,40636,4,4,0,0,4,4,0,13,MARICOPA (13),FORT MCDOWELL,23,10,2020,6,Friday,13,1:00pm-1:59pm,39,This section IS ON the NHS,3,State Highway,SR-87,FORT MCDOWELL RD,2,Urban,3,Principal Arterial - Other,1,State Highway Agency,745,745,33.58016667,-111.67782222,No Special Jurisdiction,12,Motor Vehicle In-Transport,1,Front-to-Rear,1,Yes,3,Intersection-Related,2,Four-Way Intersection,None,1,On Roadway,1,Daylight,1,Clear,0,13,1:00pm-1:59pm,45,13,1:00pm-1:59pm,47,88,Not Applicable (Not Transported),Not Applicable (Not Transported),1,0
2020,4,Arizona,40637,1,1,0,0,1,1,0,13,MARICOPA (13),MESA,24,10,2020,7,Saturday,17,5:00pm-5:59pm,28,This section IS NOT on the NHS,6,Local Street - Municipality,HIGLEY RD,,2,Urban,3,Principal Arterial - Other,4,City or Municipal Highway Agency,0,None,33.40905278,-111.71913889,No Special Jurisdiction,39,Wall,0,The First Harmful Event was Not a Collision with a Motor Vehicle in Transport,0,No,1,Non-Junction,1,Not an Intersection,None,4,On Roadside,5,Dusk,1,Clear,0,17,5:00pm-5:59pm,28,17,5:00pm-5:59pm,30,88,Not Applicable (Not Transported),Not Applicable (Not Transported),1,1
2020,4,Arizona,40638,2,2,0,0,3,3,0,19,PIMA (19),MARANA,24,10,2020,7,Saturday,18,6:00pm-6:59pm,40,This section IS ON the NHS,7,Local Street - Frontage Road,I-10 FRONT,,2,Urban,2,Principal Arterial - Other Freeways and Expressways,1,State Highway Agency,2362,2362,32.46814722,-111.22540833,No Special Jurisdiction,12,Motor Vehicle In-Transport,8,Sideswipe - Opposite Direction,0,No,1,Non-Junction,1,Not an Intersection,None,1,On Roadway,2,Dark - Not Lighted,1,Clear,0,18,6:00pm-6:59pm,48,18,6:00pm-6:59pm,53,19,7:00pm-7:59pm,31,1,1
2020,4,Arizona,40639,3,3,0,1,3,3,1,3,COCHISE (3),NOT APPLICABLE,25,10,2020,1,Sunday,18,6:00pm-6:59pm,33,This section IS NOT on the NHS,2,U.S. Highway,US-191,,1,Rural,5,Major Collector,1,State Highway Agency,249,249,31.68365833,-109.6874,No Special Jurisdiction,8,Pedestrian,0,The First Harmful Event was Not a Collision with a Motor Vehicle in Transport,0,No,1,Non-Junction,1,Not an Intersection,None,1,On Roadway,2,Dark - Not Lighted,1,Clear,0,18,6:00pm-6:59pm,33,18,6:00pm-6:59pm,50,88,Not Applicable (Not Transported),Not Applicable (Not Transported),1,0
2020,4,Arizona,40641,1,1,0,0,1,1,0,3,COCHISE (3),NOT APPLICABLE,28,10,2020,4,Wednesday,12,12:00pm-12:59pm,42,This section IS NOT on the NHS,2,U.S. Highway,US-191,,1,Rural,5,Major Collector,1,State Highway Agency,530,530,32.00643889,-109.86412222,No Special Jurisdiction,1,Rollover/Overturn,0,The First Harmful Event was Not a Collision with a Motor Vehicle in Transport,0,No,1,Non-Junction,1,Not an Intersection,None,4,On Roadside,1,Daylight,1,Clear,0,12,12:00pm-12:59pm,55,13,1:00pm-1:59pm,2,88,Not Applicable (Not Transported),Not Applicable (Not Transported),1,0
2020,4,Arizona,40642,2,2,0,1,2,2,1,15,MOHAVE (15),NOT APPLICABLE,28,10,2020,4,Wednesday,22,10:00pm-10:59pm,31,This section IS NOT on the NHS,3,State Highway,SR-95,,1,Rural,5,Major Collector,1,State Highway Agency,1179,1179,Reported as Unknown,Reported as Unknown,No Special Jurisdiction,8,Pedestrian,0,The First Harmful Event was Not a Collision with a Motor Vehicle in Transport,0,No,1,Non-Junction,1,Not an Intersection,None,1,On Roadway,2,Dark - Not Lighted,1,Clear,0,22,10:00pm-10:59pm,39,22,10:00pm-10:59pm,45,88,Not Applicable (Not Transported),Not Applicable (Not Transported),1,0
2020,4,Arizona,40644,1,1,0,0,1,1,0,13,MARICOPA (13),PEORIA,30,10,2020,6,Friday,13,1:00pm-1:59pm,42,This section IS ON the NHS,3,State Highway,SR-303,,2,Urban,2,Principal Arterial - Other Freeways and Expressways,1,State Highway Agency,288,288,33.77310833,-112.24250278,No Special Jurisdiction,1,Rollover/Overturn,0,The First Harmful Event was Not a Collision with a Motor Vehicle in Transport,0,No,1,Non-Junction,1,Not an Intersection,None,4,On Roadside,1,Daylight,1,Clear,0,13,1:00pm-1:59pm,45,13,1:00pm-1:59pm,57,14,2:00pm-2:59pm,18,1,0
2020,4,Arizona,40646,3,1,2,1,3,2,2,13,MARICOPA (13),CHANDLER,31,10,2020,7,Saturday,13,1:00pm-1:59pm,51,This section IS ON the NHS,3,State Highway,SR-202,,2,Urban,2,Principal Arterial - Other Freeways and Expressways,1,State Highway Agency,529,529,33.29201389,-111.94345278,No Special Jurisdiction,14,Parked Motor Vehicle,0,The First Harmful Event was Not a Collision with a Motor Vehicle in Transport,0,No,1,Non-Junction,1,Not an Intersection,None,2,On Shoulder,1,Daylight,10,Cloudy,0,13,1:00pm-1:59pm,52,14,2:00pm-2:59pm,5,14,2:00pm-2:59pm,44,2,0
2020,4,Arizona,40647,2,2,0,0,5,5,0,21,PINAL (21),NOT APPLICABLE,31,10,2020,7,Saturday,16,4:00pm-4:59pm,49,This section IS ON the NHS,2,U.S. Highway,US-60,,1,Rural,3,Principal Arterial - Other,1,State Highway Agency,2012,2012,33.33546389,-111.02462222,No Special Jurisdiction,18,Other Object (not fixed),0,The First Harmful Event was Not a Collision with a Motor Vehicle in Transport,0,No,1,Non-Junction,1,Not an Intersection,None,1,On Roadway,1,Daylight,1,Clear,0,16,4:00pm-4:59pm,58,17,5:00pm-5:59pm,12,99,Unknown,Unknown EMS Hospital Arrival Time,1,0
2020,4,Arizona,40648,1,1,0,0,2,2,0,21,PINAL (21),NOT APPLICABLE,17,5,2020,1,Sunday,21,9:00pm-9:59pm,31,Unknown if this section is on the NHS,9,Unknown,MURPHY RD,,9,Unknown,99,Unknown,99,Unknown,99999,Unknown,32.955675,-111.94619444,No Special Jurisdiction,99,Reported as Unknown,99,Reported as Unknown,8,Not Reported,98,Not Reported,98,Not Reported,None,98,Not Reported,9,Reported as Unknown,99,Reported as Unknown,0,99,Unknown,Unknown if Notified,99,Unknown EMS Scene Arrival Hour,Unknown if Arrived,99,Unknown,Unknown if Transported,1,0
2020,4,Arizona,40649,1,1,0,0,1,1,0,1,APACHE (1),NOT APPLICABLE,30,6,2020,3,Tuesday,14,2:00pm-2:59pm,0,Unknown if this section is on the NHS,9,Unknown,UNKNOWN DIRT RD,,9,Unknown,99,Unknown,99,Unknown,99999,Unknown,Reported as Unknown,Reported as Unknown,Unknown,1,Rollover/Overturn,0,The First Harmful Event was Not a Collision with a Motor Vehicle in Transport,9,Reported as Unknown,99,Reported as Unknown,99,Reported as Unknown,None,99,Reported as Unknown,9,Reported as Unknown,99,Reported as Unknown,0,99,Unknown,Unknown if Notified,99,Unknown EMS Scene Arrival Hour,Unknown if Arrived,99,Unknown,Unknown if Transported,1,0
2020,4,Arizona,40650,1,1,0,1,1,1,1,7,GILA (7),PAYSON,1,7,2020,4,Wednesday,99,Unknown Hours,Unknown Minutes,Unknown if this section is on the NHS,9,Unknown,GOODNOW RD,,9,Unknown,99,Unknown,99,Unknown,99999,Unknown,34.24000278,-111.31976389,Unknown,8,Pedestrian,0,The First Harmful Event was Not a Collision with a Motor Vehicle in Transport,9,Reported as Unknown,99,Reported as Unknown,99,Reported as Unknown,None,99,Reported as Unknown,9,Reported as Unknown,99,Reported as Unknown,0,99,Unknown,Unknown if Notified,99,Unknown EMS Scene Arrival Hour,Unknown if Arrived,99,Unknown,Unknown if Transported,1,0
2020,4,Arizona,40651,1,1,0,0,2,2,0,25,YAVAPAI (25),NOT APPLICABLE,1,7,2020,4,Wednesday,16,4:00pm-4:59pm,47,This section IS NOT on the NHS,4,County Road,CR-OLD HWY 66,,1,Rural,6,Minor Collector,2,County Highway Agency,99999,Unknown,35.30945,-112.80019167,Unknown,35,Embankment,0,The First Harmful Event was Not a Collision with a Motor Vehicle in Transport,0,No,1,Non-Junction,1,Not an Intersection,None,4,On Roadside,1,Daylight,1,Clear,0,16,4:00pm-4:59pm,47,16,4:00pm-4:59pm,47,99,Unknown,Unknown EMS Hospital Arrival Time,1,0
2020,4,Arizona,40652,1,1,0,0,1,1,0,13,MARICOPA (13),PHOENIX,3,7,2020,6,Friday,19,7:00pm-7:59pm,43,This section IS ON the NHS,6,Local Street - Municipality,CAVE CREEK RD,,2,Urban,3,Principal Arterial - Other,4,City or Municipal Highway Agency,0,None,33.61838889,-112.03126667,No Special Jurisdiction,33,Curb,0,The First Harmful Event was Not a Collision with a Motor Vehicle in Transport,0,No,1,Non-Junction,1,Not an Intersection,None,4,On Roadside,9,Reported as Unknown,99,Reported as Unknown,0,99,Unknown,Unknown,99,Unknown EMS Scene Arrival Hour,Unknown EMS Scene Arrival Minutes,99,Unknown,Unknown EMS Hospital Arrival Time,1,1
2020,4,Arizona,40653,1,1,0,1,1,1,1,13,MARICOPA (13),PHOENIX,9,7,2020,5,Thursday,3,3:00am-3:59am,38,This section IS ON the NHS,6,Local Street - Municipality,INDIAN SCHOOL RD,,2,Urban,3,Principal Arterial - Other,4,City or Municipal Highway Agency,0,None,33.49482222,-112.07573611,No Special Jurisdiction,8,Pedestrian,0,The First Harmful Event was Not a Collision with a Motor Vehicle in Transport,0,No,1,Non-Junction,1,Not an Intersection,None,1,On Roadway,6,Dark - Unknown Lighting,99,Reported as Unknown,0,99,Unknown,Unknown,99,Unknown EMS Scene Arrival Hour,Unknown EMS Scene Arrival Minutes,88,Not Applicable (Not Transported),Not Applicable (Not Transported),1,0
2020,4,Arizona,40654,1,1,0,0,1,1,0,19,PIMA (19),NOT APPLICABLE,10,7,2020,6,Friday,99,Unknown Hours,Unknown Minutes,Unknown if this section is on the NHS,9,Unknown,CORONADO RIDGE LN,,2,Urban,99,Unknown,99,Unknown,0,None,32.49276667,-110.89732778,No Special Jurisdiction,99,Reported as Unknown,99,Reported as Unknown,0,No,99,Reported as Unknown,99,Reported as Unknown,None,99,Reported as Unknown,9,Reported as Unknown,99,Reported as Unknown,0,99,Unknown,Unknown,99,Unknown EMS Scene Arrival Hour,Unknown EMS Scene Arrival Minutes,99,Unknown,Unknown EMS Hospital Arrival Time,1,1
2020,4,Arizona,40655,2,2,0,0,3,3,0,13,MARICOPA (13),PHOENIX,10,7,2020,6,Friday,20,8:00pm-8:59pm,0,This section IS NOT on the NHS,6,Local Street - Municipality,GREENWAY RD,44TH ST,2,Urban,3,Principal Arterial - Other,4,City or Municipal Highway Agency,0,None,33.62632778,-111.98651667,No Special Jurisdiction,12,Motor Vehicle In-Transport,6,Angle,0,No,2,Intersection,2,Four-Way Intersection,None,1,On Roadway,6,Dark - Unknown Lighting,99,Reported as Unknown,0,20,8:00pm-8:59pm,7,20,8:00pm-8:59pm,15,20,8:00pm-8:59pm,39,1,0
2020,4,Arizona,40657,1,1,0,0,1,1,0,17,NAVAJO (17),NOT APPLICABLE,17,7,2020,6,Friday,22,10:00pm-10:59pm,56,This section IS NOT on the NHS,8,Other,BIA-15,,1,Rural,5,Major Collector,62,Bureau of Indian Affairs,99999,Unknown,Reported as Unknown,Reported as Unknown,Indian Reservation,1,Rollover/Overturn,0,The First Harmful Event was Not a Collision with a Motor Vehicle in Transport,9,Reported as Unknown,99,Reported as Unknown,99,Reported as Unknown,None,99,Reported as Unknown,9,Reported as Unknown,7,"Blowing Sand, Soil, Dirt",0,99,Unknown,Unknown,99,Unknown EMS Scene Arrival Hour,Unknown EMS Scene Arrival Minutes,88,Not Applicable (Not Transported),Not Applicable (Not Transported),1,0
2020,4,Arizona,40659,1,1,0,0,4,4,0,17,NAVAJO (17),NOT APPLICABLE,18,7,2020,7,Saturday,21,9:00pm-9:59pm,13,This section IS NOT on the NHS,3,State Highway,SR-87,,1,Rural,5,Major Collector,1,State Highway Agency,2583,2583,35.38473056,-110.42558056,No Special Jurisdiction,99,Reported as Unknown,99,Reported as Unknown,9,Reported as Unknown,99,Reported as Unknown,99,Reported as Unknown,None,99,Reported as Unknown,9,Reported as Unknown,99,Reported as Unknown,0,99,Unknown,Unknown,99,Unknown EMS Scene Arrival Hour,Unknown EMS Scene Arrival Minutes,99,Unknown,Not Applicable (Not Transported),4,0
2020,4,Arizona,40660,1,1,0,0,1,1,0,5,COCONINO (5),NOT APPLICABLE,21,7,2020,3,Tuesday,17,5:00pm-5:59pm,50,This section IS NOT on the NHS,8,Other,BIA 2,,1,Rural,99,Unknown,62,Bureau of Indian Affairs,99999,Unknown,Reported as Unknown,Reported as Unknown,Indian Reservation,1,Rollover/Overturn,0,The First Harmful Event was Not a Collision with a Motor Vehicle in Transport,9,Reported as Unknown,99,Reported as Unknown,99,Reported as Unknown,None,99,Reported as Unknown,9,Reported as Unknown,98,Not Reported,0,99,Unknown,Unknown if Notified,99,Unknown EMS Scene Arrival Hour,Unknown if Arrived,88,Not Applicable (Not Transported),Not Applicable (Not Transported),1,0
2020,4,Arizona,40661,1,1,0,1,1,1,1,13,MARICOPA (13),BUCKEYE,25,7,2020,7,Saturday,18,6:00pm-6:59pm,24,This section IS NOT on the NHS,9,Unknown,DURANGO ST,,2,Urban,99,Unknown,99,Unknown,99999,Unknown,33.42839444,-112.55204722,No Special Jurisdiction,8,Pedestrian,0,The First Harmful Event was Not a Collision with a Motor Vehicle in Transport,0,No,1,Non-Junction,1,Not an Intersection,None,4,On Roadside,9,Reported as Unknown,99,Reported as Unknown,0,18,6:00pm-6:59pm,24,18,6:00pm-6:59pm,30,18,6:00pm-6:59pm,51,1,0
2020,4,Arizona,40662,2,2,0,0,2,2,0,13,MARICOPA (13),PHOENIX,25,7,2020,7,Saturday,19,7:00pm-7:59pm,5,This section IS NOT on the NHS,6,Local Street - Municipality,HAPPY VALLEY RD,,2,Urban,3,Principal Arterial - Other,4,City or Municipal Highway Agency,0,None,33.71214722,-112.20089444,No Special Jurisdiction,12,Motor Vehicle In-Transport,6,Angle,0,No,8,Driveway Access Related,1,Not an Intersection,None,1,On Roadway,5,Dusk,99,Reported as Unknown,0,19,7:00pm-7:59pm,8,19,7:00pm-7:59pm,8,99,Unknown,Unknown EMS Hospital Arrival Time,1,0
2020,4,Arizona,40663,1,1,0,1,1,1,1,13,MARICOPA (13),PHOENIX,26,7,2020,1,Sunday,4,4:00am-4:59am,24,This section IS NOT on the NHS,6,Local Street - Municipality,19TH AVE,,2,Urban,3,Principal Arterial - Other,4,City or Municipal Highway Agency,0,None,33.53894167,-112.09951944,No Special Jurisdiction,8,Pedestrian,0,The First Harmful Event was Not a Collision with a Motor Vehicle in Transport,0,No,1,Non-Junction,1,Not an Intersection,None,1,On Roadway,1,Daylight,99,Reported as Unknown,0,99,Unknown,Unknown,99,Unknown EMS Scene Arrival Hour,Unknown EMS Scene Arrival Minutes,99,Unknown,Unknown EMS Hospital Arrival Time,1,0
2020,4,Arizona,40664,1,1,0,0,1,1,0,1,APACHE (1),NOT APPLICABLE,28,7,2020,3,Tuesday,19,7:00pm-7:59pm,53,Unknown if this section is on the NHS,9,Unknown,COUNTY RD 9104,,9,Unknown,99,Unknown,99,Unknown,99999,Unknown,Reported as Unknown,Reported as Unknown,Unknown,99,Reported as Unknown,99,Reported as Unknown,9,Reported as Unknown,99,Reported as Unknown,99,Reported as Unknown,None,99,Reported as Unknown,9,Reported as Unknown,99,Reported as Unknown,0,99,Unknown,Unknown if Notified,99,Unknown EMS Scene Arrival Hour,Unknown if Arrived,88,Not Applicable (Not Transported),Not Applicable (Not Transported),1,0
2020,4,Arizona,40665,1,1,0,0,2,2,0,17,NAVAJO (17),NOT APPLICABLE,29,7,2020,4,Wednesday,5,5:00am-5:59am,53,This section IS NOT on the NHS,8,Other,E FORK RD,,1,Rural,5,Major Collector,62,Bureau of Indian Affairs,0,None,33.80149722,-109.95461389,Indian Reservation,99,Reported as Unknown,99,Reported as Unknown,9,Reported as Unknown,99,Reported as Unknown,99,Reported as Unknown,None,99,Reported as Unknown,9,Reported as Unknown,99,Reported as Unknown,0,99,Unknown,Unknown,99,Unknown EMS Scene Arrival Hour,Unknown EMS Scene Arrival Minutes,88,Not Applicable (Not Transported),Not Applicable (Not Transported),2,0
2020,4,Arizona,40666,1,1,0,0,4,4,0,13,MARICOPA (13),PHOENIX,29,7,2020,4,Wednesday,20,8:00pm-8:59pm,53,This section IS NOT on the NHS,6,Local Street - Municipality,19TH AVE,,2,Urban,3,Principal Arterial - Other,4,City or Municipal Highway Agency,0,None,33.45324722,-112.10005278,No Special Jurisdiction,33,Curb,0,The First Harmful Event was Not a Collision with a Motor Vehicle in Transport,0,No,1,Non-Junction,1,Not an Intersection,None,4,On Roadside,9,Reported as Unknown,99,Reported as Unknown,0,20,8:00pm-8:59pm,53,20,8:00pm-8:59pm,56,21,9:00pm-9:59pm,10,1,0
2020,4,Arizona,40667,1,1,0,1,1,1,1,13,MARICOPA (13),PHOENIX,29,7,2020,4,Wednesday,21,9:00pm-9:59pm,30,This section IS NOT on the NHS,6,Local Street - Municipality,MCDOWELL RD,,2,Urban,4,Minor Arterial,4,City or Municipal Highway Agency,0,None,33.46569167,-111.997575,No Special Jurisdiction,8,Pedestrian,0,The First Harmful Event was Not a Collision with a Motor Vehicle in Transport,0,No,1,Non-Junction,1,Not an Intersection,None,1,On Roadway,9,Reported as Unknown,98,Not Reported,0,99,Unknown,Unknown if Notified,99,Unknown EMS Scene Arrival Hour,Unknown if Arrived,88,Not Applicable (Not Transported),Not Applicable (Not Transported),1,0
2020,4,Arizona,40668,2,2,0,0,2,2,0,19,PIMA (19),TUCSON,9,10,2020,6,Friday,22,10:00pm-10:59pm,21,This section IS NOT on the NHS,6,Local Street - Municipality,TANQUE VERDE RD,,2,Urban,3,Principal Arterial - Other,4,City or Municipal Highway Agency,0,None,32.25795,-110.8185,No Special Jurisdiction,33,Curb,0,The First Harmful Event was Not a Collision with a Motor Vehicle in Transport,0,No,1,Non-Junction,1,Not an Intersection,None,4,On Roadside,2,Dark - Not Lighted,1,Clear,0,22,10:00pm-10:59pm,21,22,10:00pm-10:59pm,33,99,Unknown,Unknown EMS Hospital Arrival Time,1,1
2020,4,Arizona,40669,3,3,0,0,4,4,0,13,MARICOPA (13),PHOENIX,11,10,2020,1,Sunday,0,0:00am-0:59am,30,This section IS NOT on the NHS,6,Local Street - Municipality,NORTHERN AVE,,2,Urban,4,Minor Arterial,4,City or Municipal Highway Agency,0,None,33.553125,-112.13870278,No Special Jurisdiction,12,Motor Vehicle In-Transport,8,Sideswipe - Opposite Direction,0,No,1,Non-Junction,1,Not an Intersection,None,1,On Roadway,3,Dark - Lighted,1,Clear,0,0,0:00am-0:59am,31,0,0:00am-0:59am,34,1,1:00am-1:59am,0,1,1
2020,4,Arizona,40670,2,2,0,0,2,2,0,19,PIMA (19),TUCSON,17,10,2020,7,Saturday,13,1:00pm-1:59pm,49,This section IS NOT on the NHS,6,Local Street - Municipality,GLENN ST,ARCADIA AVE,2,Urban,5,Major Collector,4,City or Municipal Highway Agency,0,None,32.25788333,-110.88829722,No Special Jurisdiction,12,Motor Vehicle In-Transport,6,Angle,0,No,2,Intersection,4,Y-Intersection,None,1,On Roadway,1,Daylight,1,Clear,0,13,1:00pm-1:59pm,51,13,1:00pm-1:59pm,51,88,Not Applicable (Not Transported),Not Applicable (Not Transported),1,0
2020,4,Arizona,40671,1,1,0,1,1,1,1,21,PINAL (21),NOT APPLICABLE,18,10,2020,1,Sunday,2,2:00am-2:59am,24,This section IS NOT on the NHS,4,County Road,CR-HUNT HWY,,1,Rural,4,Minor Arterial,2,County Highway Agency,0,None,33.11000833,-111.51746944,No Special Jurisdiction,8,Pedestrian,0,The First Harmful Event was Not a Collision with a Motor Vehicle in Transport,0,No,1,Non-Junction,1,Not an Intersection,None,1,On Roadway,2,Dark - Not Lighted,98,Not Reported,0,99,Unknown,Unknown if Notified,99,Unknown EMS Scene Arrival Hour,Unknown if Arrived,88,Not Applicable (Not Transported),Not Applicable (Not Transported),1,1
2020,4,Arizona,40672,3,3,0,0,3,3,0,21,PINAL (21),COOLIDGE,20,10,2020,3,Tuesday,4,4:00am-4:59am,41,This section IS NOT on the NHS,3,State Highway,SR-87,,1,Rural,4,Minor Arterial,1,State Highway Agency,210,210,33.00251111,-111.54351389,No Special Jurisdiction,12,Motor Vehicle In-Transport,8,Sideswipe - Opposite Direction,0,No,1,Non-Junction,1,Not an Intersection,None,1,On Roadway,2,Dark - Not Lighted,1,Clear,0,99,Unknown,Unknown,99,Unknown EMS Scene Arrival Hour,Unknown EMS Scene Arrival Minutes,99,Unknown,Unknown EMS Hospital Arrival Time,1,0
2020,4,Arizona,40673,2,2,0,0,2,2,0,13,MARICOPA (13),GLENDALE,20,10,2020,3,Tuesday,19,7:00pm-7:59pm,28,This section IS ON the NHS,6,Local Street - Municipality,BELL RD,GRANDVIEW RD,2,Urban,3,Principal Arterial - Other,4,City or Municipal Highway Agency,0,None,33.63819444,-112.21027778,No Special Jurisdiction,12,Motor Vehicle In-Transport,6,Angle,0,No,2,Intersection,3,T-Intersection,None,1,On Roadway,3,Dark - Lighted,1,Clear,0,19,7:00pm-7:59pm,29,19,7:00pm-7:59pm,34,19,7:00pm-7:59pm,46,1,0
2020,4,Arizona,40674,1,1,0,1,1,1,1,25,YAVAPAI (25),NOT APPLICABLE,21,10,2020,4,Wednesday,16,4:00pm-4:59pm,5,This section IS NOT on the NHS,3,State Highway,SR-89,,1,Rural,5,Major Collector,1,State Highway Agency,219,219,34.29601667,-112.72314167,No Special Jurisdiction,9,Pedalcyclist,0,The First Harmful Event was Not a Collision with a Motor Vehicle in Transport,0,No,1,Non-Junction,1,Not an Intersection,None,1,On Roadway,1,Daylight,1,Clear,0,16,4:00pm-4:59pm,15,16,4:00pm-4:59pm,20,99,Unknown,Unknown EMS Hospital Arrival Time,1,0
2020,4,Arizona,40675,1,1,0,1,1,1,1,19,PIMA (19),TUCSON,22,10,2020,5,Thursday,18,6:00pm-6:59pm,50,This section IS NOT on the NHS,6,Local Street - Municipality,PARK AVE,,2,Urban,4,Minor Arterial,4,City or Municipal Highway Agency,0,None,32.16780556,-110.956225,No Special Jurisdiction,8,Pedestrian,0,The First Harmful Event was Not a Collision with a Motor Vehicle in Transport,0,No,1,Non-Junction,1,Not an Intersection,None,1,On Roadway,2,Dark - Not Lighted,1,Clear,0,19,7:00pm-7:59pm,0,19,7:00pm-7:59pm,3,19,7:00pm-7:59pm,20,1,0