AccidentYear,STATE,STATENAME,ST_CASE,VE_TOTAL,VE_FORMS,PVH_INVL,PEDS,PERSONS,PERMVIT,PERNOTMVIT,COUNTY,COUNTYNAME,CITYNAME,DAY,MONTH,YEAR,DAY_WEEK,DAY_WEEKNAME,HOUR,HOURNAME,MINUTENAME,NHSNAME,ROUTE,ROUTENAME,TWAY_ID,TWAY_ID2,RUR_URB,RUR_URBNAME,FUNC_SYS,FUNC_SYSNAME,RD_OWNER,RD_OWNERNAME,MILEPT,MILEPTNAME,LATITUDENAME,LONGITUDNAME,SP_JURNAME,HARM_EV,HARM_EVNAME,MAN_COLL,MAN_COLLNAME,RELJCT1,RELJCT1NAME,RELJCT2,RELJCT2NAME,TYP_INT,TYP_INTNAME,WRK_ZONENAME,REL_ROAD,REL_ROADNAME,LGT_COND,LGT_CONDNAME,WEATHER,WEATHERNAME,SCH_BUS,NOT_HOUR,NOT_HOURNAME,NOT_MINNAME,ARR_HOUR,ARR_HOURNAME,ARR_MINNAME,HOSP_HR,HOSP_HRNAME,HOSP_MNNAME,FATALS,DRUNK_DR
2020,4,Arizona,40721,2,2,0,0,2,2,0,13,MARICOPA (13),MESA,5,11,2020,5,Thursday,2,2:00am-2:59am,12,This section IS NOT on the NHS,6,Local Street - Municipality,MESA DR,,2,Urban,4,Minor Arterial,4,City or Municipal Highway Agency,0,None,33.44804167,-111.82243889,No Special Jurisdiction,12,Motor Vehicle In-Transport,2,Front-to-Front,0,No,1,Non-Junction,1,Not an Intersection,None,1,On Roadway,3,Dark - Lighted,1,Clear,0,2,2:00am-2:59am,12,2,2:00am-2:59am,20,2,2:00am-2:59am,35,1,1
2020,4,Arizona,40722,1,1,0,1,1,1,1,3,COCHISE (3),NOT APPLICABLE,5,11,2020,5,Thursday,13,1:00pm-1:59pm,3,This section IS NOT on the NHS,7,Local Street - Frontage Road,I-10 BUSINESS LOOP,,1,Rural,6,Minor Collector,1,State Highway Agency,0,None,32.32536389,-109.48302778,No Special Jurisdiction,9,Pedalcyclist,0,The First Harmful Event was Not a Collision with a Motor Vehicle in Transport,0,No,99,Reported as Unknown,99,Reported as Unknown,None,1,On Roadway,1,Daylight,1,Clear,0,13,1:00pm-1:59pm,18,13,1:00pm-1:59pm,27,88,Not Applicable (Not Transported),Not Applicable (Not Transported),1,0
2020,4,Arizona,40723,2,2,0,0,3,3,0,7,GILA (7),GLOBE,6,11,2020,6,Friday,21,9:00pm-9:59pm,19,This section IS NOT on the NHS,4,County Road,CR-SIX SHOOTER CANYON,,2,Urban,4,Minor Arterial,2,County Highway Agency,0,None,33.36499722,-110.76540556,No Special Jurisdiction,12,Motor Vehicle In-Transport,2,Front-to-Front,0,No,1,Non-Junction,1,Not an Intersection,None,1,On Roadway,2,Dark - Not Lighted,1,Clear,0,99,Unknown,Unknown,99,Unknown EMS Scene Arrival Hour,Unknown EMS Scene Arrival Minutes,99,Unknown,Unknown EMS Hospital Arrival Time,1,1
2020,4,Arizona,40724,2,2,0,0,3,3,0,1,APACHE (1),NOT APPLICABLE,7,11,2020,7,Saturday,19,7:00pm-7:59pm,50,This section IS ON the NHS,2,U.S. Highway,US-60,,1,Rural,3,Principal Arterial - Other,1,State Highway Agency,3376,3376,34.22920278,-109.49243056,No Special Jurisdiction,12,Motor Vehicle In-Transport,2,Front-to-Front,0,No,1,Non-Junction,1,Not an Intersection,None,1,On Roadway,2,Dark - Not Lighted,2,Rain,0,19,7:00pm-7:59pm,50,20,8:00pm-8:59pm,7,99,Unknown,Unknown EMS Hospital Arrival Time,1,1
2020,4,Arizona,40725,2,2,0,0,6,6,0,13,MARICOPA (13),GLENDALE,7,11,2020,7,Saturday,23,11:00pm-11:59pm,13,This section IS NOT on the NHS,6,Local Street - Municipality,UNION HILLS DR,,2,Urban,4,Minor Arterial,4,City or Municipal Highway Agency,0,None,33.65424722,-112.19371944,No Special Jurisdiction,12,Motor Vehicle In-Transport,1,Front-to-Rear,0,No,1,Non-Junction,1,Not an Intersection,None,1,On Roadway,3,Dark - Lighted,1,Clear,0,99,Unknown,Unknown,99,Unknown EMS Scene Arrival Hour,Unknown EMS Scene Arrival Minutes,99,Unknown,Unknown EMS Hospital Arrival Time,2,1
2020,4,Arizona,40726,1,1,0,1,1,1,1,13,MARICOPA (13),MESA,8,11,2020,1,Sunday,17,5:00pm-5:59pm,53,This section IS NOT on the NHS,6,Local Street - Municipality,DOBSON RD,BROADWAY RD,2,Urban,3,Principal Arterial - Other,4,City or Municipal Highway Agency,0,None,33.40765,-111.87455556,No Special Jurisdiction,8,Pedestrian,0,The First Harmful Event was Not a Collision with a Motor Vehicle in Transport,0,No,3,Intersection-Related,2,Four-Way Intersection,None,1,On Roadway,3,Dark - Lighted,10,Cloudy,0,99,Unknown,Unknown if Notified,99,Unknown EMS Scene Arrival Hour,Unknown if Arrived,88,Not Applicable (Not Transported),Not Applicable (Not Transported),1,0
2020,4,Arizona,40727,1,1,0,1,1,1,1,13,MARICOPA (13),MESA,9,11,2020,2,Monday,6,6:00am-6:59am,22,This section IS NOT on the NHS,6,Local Street - Municipality,UNIVERSITY DR,,2,Urban,3,Principal Arterial - Other,4,City or Municipal Highway Agency,0,None,33.42213611,-111.87362778,No Special Jurisdiction,15,Non-Motorist on Personal Conveyance,0,The First Harmful Event was Not a Collision with a Motor Vehicle in Transport,0,No,1,Non-Junction,1,Not an Intersection,None,11,Continuous Left - Turn Lane,3,Dark - Lighted,10,Cloudy,0,6,6:00am-6:59am,22,6,6:00am-6:59am,26,88,Not Applicable (Not Transported),Not Applicable (Not Transported),1,1
2020,4,Arizona,40728,1,1,0,0,1,1,0,13,MARICOPA (13),NOT APPLICABLE,9,11,2020,2,Monday,17,5:00pm-5:59pm,58,This section IS ON the NHS,1,Interstate,I-10,,1,Rural,1,Interstate,1,State Highway Agency,850,850,33.52505278,-113.09437222,No Special Jurisdiction,1,Rollover/Overturn,0,The First Harmful Event was Not a Collision with a Motor Vehicle in Transport,0,No,1,Non-Junction,1,Not an Intersection,None,3,On Median,5,Dusk,1,Clear,0,18,6:00pm-6:59pm,0,18,6:00pm-6:59pm,25,88,Not Applicable (Not Transported),Not Applicable (Not Transported),1,0
2020,4,Arizona,40729,1,1,0,1,1,1,1,17,NAVAJO (17),SHOW LOW,9,11,2020,2,Monday,19,7:00pm-7:59pm,27,This section IS ON the NHS,2,U.S. Highway,US-60,,2,Urban,3,Principal Arterial - Other,1,State Highway Agency,3056,3056,34.25496944,-110.02630278,No Special Jurisdiction,8,Pedestrian,0,The First Harmful Event was Not a Collision with a Motor Vehicle in Transport,0,No,1,Non-Junction,1,Not an Intersection,None,1,On Roadway,2,Dark - Not Lighted,10,Cloudy,0,19,7:00pm-7:59pm,27,19,7:00pm-7:59pm,31,19,7:00pm-7:59pm,45,1,0
2020,4,Arizona,40730,1,1,0,1,2,2,1,19,PIMA (19),TUCSON,11,11,2020,4,Wednesday,21,9:00pm-9:59pm,21,This section IS ON the NHS,3,State Highway,SR-77,,2,Urban,3,Principal Arterial - Other,1,State Highway Agency,19,19,32.27055278,-110.97799722,No Special Jurisdiction,8,Pedestrian,0,The First Harmful Event was Not a Collision with a Motor Vehicle in Transport,0,No,1,Non-Junction,1,Not an Intersection,None,1,On Roadway,3,Dark - Lighted,1,Clear,0,21,9:00pm-9:59pm,21,21,9:00pm-9:59pm,24,88,Not Applicable (Not Transported),Not Applicable (Not Transported),1,0
2020,4,Arizona,40731,1,1,0,1,1,1,1,19,PIMA (19),TUCSON,12,11,2020,5,Thursday,6,6:00am-6:59am,33,This section IS NOT on the NHS,6,Local Street - Municipality,RUTHRAUFF RD,ROMERO RD,2,Urban,4,Minor Arterial,4,City or Municipal Highway Agency,0,None,32.28823611,-111.00260278,No Special Jurisdiction,8,Pedestrian,0,The First Harmful Event was Not a Collision with a Motor Vehicle in Transport,0,No,3,Intersection-Related,3,T-Intersection,None,1,On Roadway,1,Daylight,1,Clear,0,6,6:00am-6:59am,33,6,6:00am-6:59am,38,88,Not Applicable (Not Transported),Not Applicable (Not Transported),1,0
2020,4,Arizona,40732,1,1,0,1,1,1,1,19,PIMA (19),TUCSON,12,11,2020,5,Thursday,6,6:00am-6:59am,34,This section IS NOT on the NHS,4,County Road,CR-SANDARIO RD,TORTOISE TRL,1,Rural,5,Major Collector,2,County Highway Agency,0,None,32.23829444,-111.21816389,No Special Jurisdiction,9,Pedalcyclist,0,The First Harmful Event was Not a Collision with a Motor Vehicle in Transport,0,No,2,Intersection,2,Four-Way Intersection,None,1,On Roadway,1,Daylight,1,Clear,0,6,6:00am-6:59am,34,6,6:00am-6:59am,49,88,Not Applicable (Not Transported),Not Applicable (Not Transported),1,0
2020,4,Arizona,40733,2,2,0,0,2,2,0,25,YAVAPAI (25),NOT APPLICABLE,12,11,2020,5,Thursday,11,11:00am-11:59am,25,This section IS ON the NHS,1,Interstate,I-40,,1,Rural,1,Interstate,1,State Highway Agency,402,402,Reported as Unknown,Reported as Unknown,No Special Jurisdiction,12,Motor Vehicle In-Transport,1,Front-to-Rear,0,No,1,Non-Junction,1,Not an Intersection,None,1,On Roadway,1,Daylight,1,Clear,0,11,11:00am-11:59am,24,12,12:00pm-12:59pm,15,88,Not Applicable (Not Transported),Not Applicable (Not Transported),2,0
2020,4,Arizona,40734,1,1,0,1,1,1,1,19,PIMA (19),VAIL,12,11,2020,5,Thursday,11,11:00am-11:59am,33,This section IS NOT on the NHS,3,State Highway,SR-83 J RAMP,SR-83,2,Urban,5,Major Collector,1,State Highway Agency,526,526,32.00893889,-110.69114444,No Special Jurisdiction,9,Pedalcyclist,0,The First Harmful Event was Not a Collision with a Motor Vehicle in Transport,1,Yes,2,Intersection,3,T-Intersection,None,1,On Roadway,1,Daylight,1,Clear,0,11,11:00am-11:59am,33,12,12:00pm-12:59pm,0,99,Unknown,Unknown EMS Hospital Arrival Time,1,0
2020,4,Arizona,40735,2,2,0,0,2,2,0,3,COCHISE (3),NOT APPLICABLE,12,11,2020,5,Thursday,17,5:00pm-5:59pm,39,This section IS NOT on the NHS,3,State Highway,SR-92,,1,Rural,4,Minor Arterial,1,State Highway Agency,107,107,31.39360278,-110.23404167,No Special Jurisdiction,12,Motor Vehicle In-Transport,2,Front-to-Front,0,No,1,Non-Junction,1,Not an Intersection,None,1,On Roadway,5,Dusk,1,Clear,0,17,5:00pm-5:59pm,41,17,5:00pm-5:59pm,48,99,Unknown,Unknown EMS Hospital Arrival Time,1,0
2020,4,Arizona,40736,2,2,0,1,2,2,1,13,MARICOPA (13),AVONDALE,13,11,2020,6,Friday,8,8:00am-8:59am,58,This section IS NOT on the NHS,6,Local Street - Municipality,VAN BUREN ST,FAIRWAY DR,2,Urban,4,Minor Arterial,4,City or Municipal Highway Agency,0,None,33.44948333,-112.32380278,No Special Jurisdiction,12,Motor Vehicle In-Transport,6,Angle,0,No,2,Intersection,2,Four-Way Intersection,None,1,On Roadway,1,Daylight,1,Clear,0,8,8:00am-8:59am,59,9,9:00am-9:59am,5,9,9:00am-9:59am,30,1,0
2020,4,Arizona,40737,2,1,1,1,3,1,3,13,MARICOPA (13),MESA,13,11,2020,6,Friday,10,10:00am-10:59am,12,This section IS ON the NHS,3,State Highway,SR-202,,2,Urban,2,Principal Arterial - Other Freeways and Expressways,1,State Highway Agency,359,359,33.32823333,-111.678425,No Special Jurisdiction,8,Pedestrian,0,The First Harmful Event was Not a Collision with a Motor Vehicle in Transport,0,No,5,Entrance/Exit Ramp Related,1,Not an Intersection,None,1,On Roadway,1,Daylight,1,Clear,0,10,10:00am-10:59am,12,10,10:00am-10:59am,18,88,Not Applicable (Not Transported),Not Applicable (Not Transported),1,0
2020,4,Arizona,40738,2,2,0,0,3,3,0,13,MARICOPA (13),GLENDALE,13,11,2020,6,Friday,21,9:00pm-9:59pm,36,This section IS NOT on the NHS,6,Local Street - Municipality,59TH AVE,,2,Urban,3,Principal Arterial - Other,4,City or Municipal Highway Agency,0,None,33.56881944,-112.18627222,No Special Jurisdiction,12,Motor Vehicle In-Transport,6,Angle,0,No,8,Driveway Access Related,1,Not an Intersection,None,1,On Roadway,3,Dark - Lighted,1,Clear,0,99,Unknown,Unknown,99,Unknown EMS Scene Arrival Hour,Unknown EMS Scene Arrival Minutes,99,Unknown,Unknown EMS Hospital Arrival Time,1,0
2020,4,Arizona,40739,2,2,0,0,5,5,0,3,COCHISE (3),NOT APPLICABLE,14,11,2020,7,Saturday,13,1:00pm-1:59pm,51,This section IS ON the NHS,1,Interstate,I-10,,1,Rural,1,Interstate,1,State Highway Agency,3700,3700,32.30571944,-109.390175,No Special Jurisdiction,12,Motor Vehicle In-Transport,1,Front-to-Rear,0,No,1,Non-Junction,1,Not an Intersection,None,1,On Roadway,1,Daylight,1,Clear,0,13,1:00pm-1:59pm,51,14,2:00pm-2:59pm,18,15,3:00pm-3:59pm,26,2,0
2020,4,Arizona,40740,2,2,0,0,5,5,0,19,PIMA (19),NOT APPLICABLE,15,11,2020,1,Sunday,13,1:00pm-1:59pm,53,This section IS NOT on the NHS,3,State Highway,SR-85,,1,Rural,4,Minor Arterial,1,State Highway Agency,696,696,32.04003056,-112.79551667,No Special Jurisdiction,12,Motor Vehicle In-Transport,2,Front-to-Front,0,No,1,Non-Junction,1,Not an Intersection,None,1,On Roadway,1,Daylight,1,Clear,0,99,Unknown,Unknown,99,Unknown EMS Scene Arrival Hour,Unknown EMS Scene Arrival Minutes,99,Unknown,Unknown EMS Hospital Arrival Time,1,0
2020,4,Arizona,40741,1,1,0,1,1,1,1,13,MARICOPA (13),PEORIA,17,11,2020,3,Tuesday,18,6:00pm-6:59pm,33,This section IS NOT on the NHS,9,Unknown,107TH AVE,,2,Urban,99,Unknown,99,Unknown,0,None,33.68394722,-112.28979167,No Special Jurisdiction,8,Pedestrian,0,The First Harmful Event was Not a Collision with a Motor Vehicle in Transport,0,No,1,Non-Junction,1,Not an Intersection,None,1,On Roadway,3,Dark - Lighted,1,Clear,0,18,6:00pm-6:59pm,33,18,6:00pm-6:59pm,41,99,Unknown,Unknown EMS Hospital Arrival Time,1,0
2020,4,Arizona,40743,2,2,0,0,2,2,0,13,MARICOPA (13),PHOENIX,18,11,2020,4,Wednesday,6,6:00am-6:59am,7,This section IS NOT on the NHS,6,Local Street - Municipality,19TH AVE,GRAND AVE,2,Urban,3,Principal Arterial - Other,4,City or Municipal Highway Agency,0,None,33.46589444,-112.099975,No Special Jurisdiction,12,Motor Vehicle In-Transport,6,Angle,0,No,2,Intersection,11,Other Intersection Type,None,1,On Roadway,3,Dark - Lighted,1,Clear,0,6,6:00am-6:59am,10,6,6:00am-6:59am,14,6,6:00am-6:59am,26,1,1
2020,4,Arizona,40744,1,1,0,0,1,1,0,5,COCONINO (5),FLAGSTAFF,18,11,2020,4,Wednesday,23,11:00pm-11:59pm,26,This section IS ON the NHS,2,U.S. Highway,US-89,,2,Urban,3,Principal Arterial - Other,1,State Highway Agency,36,36,35.25799167,-111.55259444,No Special Jurisdiction,30,Utility Pole/Light Support,0,The First Harmful Event was Not a Collision with a Motor Vehicle in Transport,0,No,1,Non-Junction,1,Not an Intersection,None,4,On Roadside,2,Dark - Not Lighted,1,Clear,0,23,11:00pm-11:59pm,28,23,11:00pm-11:59pm,33,23,11:00pm-11:59pm,48,1,0
2020,4,Arizona,40746,1,1,0,1,2,2,1,19,PIMA (19),TUCSON,20,11,2020,6,Friday,10,10:00am-10:59am,12,This section IS NOT on the NHS,4,County Road,CR-LA CHOLLA BLVD,OVERTON RD,2,Urban,3,Principal Arterial - Other,2,County Highway Agency,0,None,32.37358056,-111.01282222,No Special Jurisdiction,9,Pedalcyclist,0,The First Harmful Event was Not a Collision with a Motor Vehicle in Transport,0,No,2,Intersection,2,Four-Way Intersection,None,1,On Roadway,1,Daylight,1,Clear,0,10,10:00am-10:59am,12,10,10:00am-10:59am,14,99,Unknown,Unknown EMS Hospital Arrival Time,1,0
2020,4,Arizona,40747,1,1,0,0,1,1,0,21,PINAL (21),ELOY,20,11,2020,6,Friday,18,6:00pm-6:59pm,37,This section IS NOT on the NHS,9,Unknown,ADAMS ST,FRONTIER ST,2,Urban,99,Unknown,4,City or Municipal Highway Agency,0,None,32.75757222,-111.56298889,Unknown,38,Fence,0,The First Harmful Event was Not a Collision with a Motor Vehicle in Transport,0,No,3,Intersection-Related,2,Four-Way Intersection,None,4,On Roadside,3,Dark - Lighted,1,Clear,0,18,6:00pm-6:59pm,37,18,6:00pm-6:59pm,37,99,Unknown,Unknown EMS Hospital Arrival Time,1,0
2020,4,Arizona,40748,2,2,0,4,2,2,4,19,PIMA (19),TUCSON,20,11,2020,6,Friday,18,6:00pm-6:59pm,49,This section IS NOT on the NHS,6,Local Street - Municipality,12TH AVE,BILBY RD,2,Urban,4,Minor Arterial,4,City or Municipal Highway Agency,0,None,32.14133889,-110.97755278,No Special Jurisdiction,12,Motor Vehicle In-Transport,6,Angle,0,No,2,Intersection,2,Four-Way Intersection,None,1,On Roadway,3,Dark - Lighted,1,Clear,0,18,6:00pm-6:59pm,49,18,6:00pm-6:59pm,53,19,7:00pm-7:59pm,9,2,0
2020,4,Arizona,40749,1,1,0,1,1,1,1,19,PIMA (19),TUCSON,21,11,2020,7,Saturday,18,6:00pm-6:59pm,14,This section IS ON the NHS,6,Local Street - Municipality,GOLF LINKS RD,,2,Urban,2,Principal Arterial - Other Freeways and Expressways,4,City or Municipal Highway Agency,0,None,32.19203889,-110.845625,No Special Jurisdiction,8,Pedestrian,0,The First Harmful Event was Not a Collision with a Motor Vehicle in Transport,0,No,1,Non-Junction,1,Not an Intersection,None,1,On Roadway,3,Dark - Lighted,1,Clear,0,18,6:00pm-6:59pm,14,18,6:00pm-6:59pm,16,88,Not Applicable (Not Transported),Not Applicable (Not Transported),1,0
2020,4,Arizona,40750,2,1,1,0,1,1,0,19,PIMA (19),TUCSON,21,11,2020,7,Saturday,18,6:00pm-6:59pm,19,This section IS NOT on the NHS,9,Unknown,VICKSBURG ST,,2,Urban,99,Unknown,99,Unknown,0,None,32.22310556,-110.77549444,No Special Jurisdiction,14,Parked Motor Vehicle,0,The First Harmful Event was Not a Collision with a Motor Vehicle in Transport,0,No,1,Non-Junction,1,Not an Intersection,None,7,In Parking Lane/Zone,2,Dark - Not Lighted,1,Clear,0,18,6:00pm-6:59pm,19,18,6:00pm-6:59pm,26,18,6:00pm-6:59pm,40,1,0
2020,4,Arizona,40751,2,2,0,0,6,6,0,5,COCONINO (5),NOT APPLICABLE,23,11,2020,2,Monday,9,9:00am-9:59am,57,This section IS ON the NHS,3,State Highway,SR-64,SPRING VALLEY RD,1,Rural,3,Principal Arterial - Other,1,State Highway Agency,55,55,35.33710278,-112.16086389,No Special Jurisdiction,12,Motor Vehicle In-Transport,6,Angle,1,Yes,2,Intersection,3,T-Intersection,None,1,On Roadway,1,Daylight,1,Clear,0,9,9:00am-9:59am,57,10,10:00am-10:59am,3,99,Unknown,Unknown EMS Hospital Arrival Time,1,0
2020,4,Arizona,40752,3,3,0,0,3,3,0,19,PIMA (19),MARANA,23,11,2020,2,Monday,13,1:00pm-1:59pm,42,This section IS NOT on the NHS,5,Local Street - Township,MARANA RD,,2,Urban,5,Major Collector,3,Town or Township Highway Agency,0,None,32.46057222,-111.21755278,No Special Jurisdiction,12,Motor Vehicle In-Transport,8,Sideswipe - Opposite Direction,0,No,1,Non-Junction,1,Not an Intersection,None,1,On Roadway,1,Daylight,1,Clear,0,13,1:00pm-1:59pm,44,13,1:00pm-1:59pm,50,88,Not Applicable (Not Transported),Not Applicable (Not Transported),1,0
2020,4,Arizona,40753,1,1,0,0,2,2,0,17,NAVAJO (17),NOT APPLICABLE,23,11,2020,2,Monday,15,3:00pm-3:59pm,3,This section IS ON the NHS,1,Interstate,I-40,,1,Rural,1,Interstate,1,State Highway Agency,0,None,34.95464444,-110.34019167,No Special Jurisdiction,38,Fence,0,The First Harmful Event was Not a Collision with a Motor Vehicle in Transport,0,No,1,Non-Junction,1,Not an Intersection,None,4,On Roadside,1,Daylight,1,Clear,0,15,3:00pm-3:59pm,7,15,3:00pm-3:59pm,15,88,Not Applicable (Not Transported),Not Applicable (Not Transported),2,0
2020,4,Arizona,40754,1,1,0,1,1,1,1,19,PIMA (19),TUCSON,24,11,2020,3,Tuesday,1,1:00am-1:59am,59,This section IS NOT on the NHS,6,Local Street - Municipality,12TH AVE,,2,Urban,4,Minor Arterial,4,City or Municipal Highway Agency,0,None,32.15626111,-110.97754167,No Special Jurisdiction,8,Pedestrian,0,The First Harmful Event was Not a Collision with a Motor Vehicle in Transport,0,No,1,Non-Junction,1,Not an Intersection,None,1,On Roadway,3,Dark - Lighted,1,Clear,0,1,1:00am-1:59am,58,2,2:00am-2:59am,3,2,2:00am-2:59am,18,1,0
2020,4,Arizona,40755,2,2,0,0,3,3,0,7,GILA (7),NOT APPLICABLE,24,11,2020,3,Tuesday,9,9:00am-9:59am,27,This section IS NOT on the NHS,3,State Highway,SR-87,,1,Rural,4,Minor Arterial,1,State Highway Agency,1414,1414,34.31427778,-111.36953056,No Special Jurisdiction,12,Motor Vehicle In-Transport,2,Front-to-Front,0,No,1,Non-Junction,1,Not an Intersection,None,1,On Roadway,1,Daylight,1,Clear,0,9,9:00am-9:59am,27,9,9:00am-9:59am,36,99,Unknown,Unknown EMS Hospital Arrival Time,1,0
2020,4,Arizona,40756,1,1,0,0,2,2,0,19,PIMA (19),AJO,25,11,2020,4,Wednesday,2,2:00am-2:59am,30,This section IS NOT on the NHS,4,County Road,CR-RAMUSSEN RD,,1,Rural,5,Major Collector,2,County Highway Agency,0,None,32.38911111,-112.85921111,No Special Jurisdiction,58,Ground,0,The First Harmful Event was Not a Collision with a Motor Vehicle in Transport,0,No,1,Non-Junction,1,Not an Intersection,None,4,On Roadside,2,Dark - Not Lighted,1,Clear,0,99,Unknown,Unknown,99,Unknown EMS Scene Arrival Hour,Unknown EMS Scene Arrival Minutes,99,Unknown,Unknown EMS Hospital Arrival Time,1,1
2020,4,Arizona,40757,2,2,0,0,3,3,0,19,PIMA (19),TUCSON,25,11,2020,4,Wednesday,17,5:00pm-5:59pm,32,This section IS NOT on the NHS,6,Local Street - Municipality,RIDGESIDE DR,BROADWAY BLVD,2,Urban,4,Minor Arterial,4,City or Municipal Highway Agency,0,None,32.22081944,-110.76116111,No Special Jurisdiction,12,Motor Vehicle In-Transport,6,Angle,0,No,2,Intersection,2,Four-Way Intersection,None,1,On Roadway,5,Dusk,1,Clear,0,17,5:00pm-5:59pm,32,17,5:00pm-5:59pm,36,88,Not Applicable (Not Transported),Not Applicable (Not Transported),1,0
2020,4,Arizona,40758,4,4,0,0,8,8,0,25,YAVAPAI (25),NOT APPLICABLE,25,11,2020,4,Wednesday,19,7:00pm-7:59pm,39,This section IS ON the NHS,1,Interstate,I-17,,1,Rural,1,Interstate,1,State Highway Agency,896,896,34.54515556,-111.90860833,No Special Jurisdiction,12,Motor Vehicle In-Transport,1,Front-to-Rear,0,No,1,Non-Junction,1,Not an Intersection,None,1,On Roadway,2,Dark - Not Lighted,1,Clear,0,19,7:00pm-7:59pm,45,19,7:00pm-7:59pm,52,20,8:00pm-8:59pm,58,1,0
2020,4,Arizona,40759,2,2,0,0,2,2,0,13,MARICOPA (13),TEMPE,27,11,2020,6,Friday,15,3:00pm-3:59pm,19,This section IS ON the NHS,3,State Highway,SR-202,,2,Urban,2,Principal Arterial - Other Freeways and Expressways,1,State Highway Agency,79,79,33.43594167,-111.91930278,No Special Jurisdiction,12,Motor Vehicle In-Transport,1,Front-to-Rear,0,No,1,Non-Junction,1,Not an Intersection,None,1,On Roadway,1,Daylight,1,Clear,0,15,3:00pm-3:59pm,25,15,3:00pm-3:59pm,33,15,3:00pm-3:59pm,59,1,0
2020,4,Arizona,40761,1,1,0,1,1,1,1,13,MARICOPA (13),GLENDALE,29,11,2020,1,Sunday,14,2:00pm-2:59pm,19,This section IS NOT on the NHS,6,Local Street - Municipality,59TH AVE,,2,Urban,3,Principal Arterial - Other,4,City or Municipal Highway Agency,0,None,33.5236,-112.18628889,No Special Jurisdiction,8,Pedestrian,0,The First Harmful Event was Not a Collision with a Motor Vehicle in Transport,0,No,1,Non-Junction,1,Not an Intersection,None,1,On Roadway,1,Daylight,1,Clear,0,99,Unknown,Unknown,99,Unknown EMS Scene Arrival Hour,Unknown EMS Scene Arrival Minutes,99,Unknown,Unknown EMS Hospital Arrival Time,1,0
2020,4,Arizona,40762,1,1,0,0,4,4,0,17,NAVAJO (17),NOT APPLICABLE,30,8,2020,1,Sunday,16,4:00pm-4:59pm,28,This section IS NOT on the NHS,9,Unknown,OLD WOODRUFF RD,,1,Rural,99,Unknown,99,Unknown,0,None,34.58920278,-110.05631389,No Special Jurisdiction,5,Fell/Jumped from Vehicle,0,The First Harmful Event was Not a Collision with a Motor Vehicle in Transport,0,No,1,Non-Junction,1,Not an Intersection,None,4,On Roadside,1,Daylight,1,Clear,0,16,4:00pm-4:59pm,28,99,Unknown EMS Scene Arrival Hour,Unknown if Arrived,88,Not Applicable (Not Transported),Not Applicable (Not Transported),1,0
2020,4,Arizona,40763,2,2,0,0,6,6,0,13,MARICOPA (13),NOT APPLICABLE,2,8,2020,1,Sunday,11,11:00am-11:59am,55,This section IS NOT on the NHS,4,County Road,CR-HAPPY VALLEY PKWY,115TH AVE,2,Urban,3,Principal Arterial - Other,2,County Highway Agency,0,None,33.71361389,-112.30633889,No Special Jurisdiction,12,Motor Vehicle In-Transport,6,Angle,0,No,2,Intersection,2,Four-Way Intersection,"Work Zone, Type Unknown",1,On Roadway,1,Daylight,10,Cloudy,0,11,11:00am-11:59am,56,12,12:00pm-12:59pm,1,13,1:00pm-1:59pm,16,1,0
2020,4,Arizona,40764,1,1,0,1,1,1,1,13,MARICOPA (13),PHOENIX,3,8,2020,2,Monday,23,11:00pm-11:59pm,49,This section IS NOT on the NHS,4,County Road,CR-MC 85,,2,Urban,3,Principal Arterial - Other,2,County Highway Agency,0,None,33.43555278,-112.28308889,No Special Jurisdiction,8,Pedestrian,0,The First Harmful Event was Not a Collision with a Motor Vehicle in Transport,0,No,1,Non-Junction,1,Not an Intersection,None,1,On Roadway,2,Dark - Not Lighted,98,Not Reported,0,23,11:00pm-11:59pm,49,0,0:00am-0:59am,0,88,Not Applicable (Not Transported),Not Applicable (Not Transported),1,0
2020,4,Arizona,40765,1,1,0,0,2,2,0,23,SANTA CRUZ (23),NOT APPLICABLE,4,8,2020,3,Tuesday,6,6:00am-6:59am,1,Unknown if this section is on the NHS,9,Unknown,GRAND AVE,,9,Unknown,99,Unknown,99,Unknown,99999,Unknown,Reported as Unknown,Reported as Unknown,Unknown,99,Reported as Unknown,99,Reported as Unknown,9,Reported as Unknown,99,Reported as Unknown,99,Reported as Unknown,None,99,Reported as Unknown,9,Reported as Unknown,99,Reported as Unknown,0,99,Unknown,Unknown,99,Unknown EMS Scene Arrival Hour,Unknown EMS Scene Arrival Minutes,99,Unknown,Unknown EMS Hospital Arrival Time,1,0