AccidentYear,STATE,STATENAME,ST_CASE,VE_TOTAL,VE_FORMS,PVH_INVL,PEDS,PERSONS,PERMVIT,PERNOTMVIT,COUNTY,COUNTYNAME,CITYNAME,DAY,MONTH,YEAR,DAY_WEEK,DAY_WEEKNAME,HOUR,HOURNAME,MINUTENAME,NHSNAME,ROUTE,ROUTENAME,TWAY_ID,TWAY_ID2,RUR_URB,RUR_URBNAME,FUNC_SYS,FUNC_SYSNAME,RD_OWNER,RD_OWNERNAME,MILEPT,MILEPTNAME,LATITUDENAME,LONGITUDNAME,SP_JURNAME,HARM_EV,HARM_EVNAME,MAN_COLL,MAN_COLLNAME,RELJCT1,RELJCT1NAME,RELJCT2,RELJCT2NAME,TYP_INT,TYP_INTNAME,WRK_ZONENAME,REL_ROAD,REL_ROADNAME,LGT_COND,LGT_CONDNAME,WEATHER,WEATHERNAME,SCH_BUS,NOT_HOUR,NOT_HOURNAME,NOT_MINNAME,ARR_HOUR,ARR_HOURNAME,ARR_MINNAME,HOSP_HR,HOSP_HRNAME,HOSP_MNNAME,FATALS,DRUNK_DR
2020,4,Arizona,40766,1,1,0,0,1,1,0,25,YAVAPAI (25),NOT APPLICABLE,6,8,2020,5,Thursday,20,8:00pm-8:59pm,25,Unknown if this section is on the NHS,4,County Road,CR-251,,9,Unknown,99,Unknown,2,County Highway Agency,99999,Unknown,Reported as Unknown,Reported as Unknown,Unknown,1,Rollover/Overturn,0,The First Harmful Event was Not a Collision with a Motor Vehicle in Transport,0,No,1,Non-Junction,1,Not an Intersection,None,4,On Roadside,9,Reported as Unknown,99,Reported as Unknown,0,99,Unknown,Unknown if Notified,99,Unknown EMS Scene Arrival Hour,Unknown if Arrived,99,Unknown,Unknown if Transported,1,0
2020,4,Arizona,40767,1,1,0,1,1,1,1,13,MARICOPA (13),PHOENIX,7,8,2020,6,Friday,23,11:00pm-11:59pm,54,This section IS ON the NHS,6,Local Street - Municipality,INDIAN SCHOOL RD,,2,Urban,3,Principal Arterial - Other,4,City or Municipal Highway Agency,0,None,33.49485833,-112.08122778,No Special Jurisdiction,8,Pedestrian,0,The First Harmful Event was Not a Collision with a Motor Vehicle in Transport,0,No,1,Non-Junction,1,Not an Intersection,None,1,On Roadway,6,Dark - Unknown Lighting,98,Not Reported,0,99,Unknown,Unknown,99,Unknown EMS Scene Arrival Hour,Unknown EMS Scene Arrival Minutes,99,Unknown,Unknown if Transported,1,0
2020,4,Arizona,40768,1,1,0,1,1,1,1,13,MARICOPA (13),PHOENIX,9,8,2020,1,Sunday,21,9:00pm-9:59pm,21,This section IS ON the NHS,6,Local Street - Municipality,BASELINE RD,,2,Urban,3,Principal Arterial - Other,4,City or Municipal Highway Agency,0,None,33.37782778,-112.04232778,No Special Jurisdiction,8,Pedestrian,0,The First Harmful Event was Not a Collision with a Motor Vehicle in Transport,0,No,1,Non-Junction,1,Not an Intersection,None,1,On Roadway,3,Dark - Lighted,99,Reported as Unknown,0,99,Unknown,Unknown,99,Unknown EMS Scene Arrival Hour,Unknown EMS Scene Arrival Minutes,99,Unknown,Unknown EMS Hospital Arrival Time,1,0
2020,4,Arizona,40769,1,1,0,0,1,1,0,1,APACHE (1),NOT APPLICABLE,20,8,2020,5,Thursday,20,8:00pm-8:59pm,30,This section IS NOT on the NHS,8,Other,BIA 64,,1,Rural,99,Unknown,62,Bureau of Indian Affairs,0,None,Reported as Unknown,Reported as Unknown,Indian Reservation,99,Reported as Unknown,99,Reported as Unknown,9,Reported as Unknown,99,Reported as Unknown,99,Reported as Unknown,None,99,Reported as Unknown,9,Reported as Unknown,99,Reported as Unknown,0,99,Unknown,Unknown if Notified,99,Unknown EMS Scene Arrival Hour,Unknown if Arrived,99,Unknown,Unknown if Transported,1,0
2020,4,Arizona,40770,2,2,0,0,3,3,0,13,MARICOPA (13),GLENDALE,18,8,2020,3,Tuesday,22,10:00pm-10:59pm,39,This section IS NOT on the NHS,6,Local Street - Municipality,GLENDALE AVE,EL MIRARGE RD,2,Urban,4,Minor Arterial,4,City or Municipal Highway Agency,0,None,33.53653056,-112.32376111,No Special Jurisdiction,12,Motor Vehicle In-Transport,1,Front-to-Rear,0,No,3,Intersection-Related,2,Four-Way Intersection,None,1,On Roadway,3,Dark - Lighted,1,Clear,0,99,Unknown,Unknown,99,Unknown EMS Scene Arrival Hour,Unknown EMS Scene Arrival Minutes,99,Unknown,Unknown EMS Hospital Arrival Time,1,1
2020,4,Arizona,40771,1,1,0,0,2,2,0,13,MARICOPA (13),NEW RIVER,23,8,2020,1,Sunday,99,Unknown Hours,Unknown Minutes,Unknown if this section is on the NHS,9,Unknown,3RD AVE,,9,Unknown,99,Unknown,99,Unknown,99999,Unknown,Reported as Unknown,Reported as Unknown,Unknown,99,Reported as Unknown,99,Reported as Unknown,9,Reported as Unknown,99,Reported as Unknown,99,Reported as Unknown,None,99,Reported as Unknown,9,Reported as Unknown,99,Reported as Unknown,0,99,Unknown,Unknown if Notified,99,Unknown EMS Scene Arrival Hour,Unknown if Arrived,99,Unknown,Unknown if Transported,1,0
2020,4,Arizona,40772,1,1,0,0,2,2,0,25,YAVAPAI (25),NOT APPLICABLE,25,8,2020,3,Tuesday,99,Unknown Hours,Unknown Minutes,Unknown if this section is on the NHS,4,County Road,CR-15,,1,Rural,99,Unknown,2,County Highway Agency,0,None,Reported as Unknown,Reported as Unknown,Unknown,1,Rollover/Overturn,0,The First Harmful Event was Not a Collision with a Motor Vehicle in Transport,0,No,1,Non-Junction,1,Not an Intersection,None,4,On Roadside,9,Reported as Unknown,99,Reported as Unknown,0,99,Unknown,Unknown,99,Unknown EMS Scene Arrival Hour,Unknown EMS Scene Arrival Minutes,99,Unknown,Unknown EMS Hospital Arrival Time,1,1
2020,4,Arizona,40773,2,2,0,0,3,3,0,13,MARICOPA (13),PHOENIX,25,8,2020,3,Tuesday,18,6:00pm-6:59pm,7,This section IS ON the NHS,6,Local Street - Municipality,7TH ST,ROESER RD,2,Urban,3,Principal Arterial - Other,4,City or Municipal Highway Agency,0,None,33.39958056,-112.064625,No Special Jurisdiction,12,Motor Vehicle In-Transport,6,Angle,0,No,2,Intersection,2,Four-Way Intersection,None,1,On Roadway,3,Dark - Lighted,1,Clear,0,18,6:00pm-6:59pm,8,18,6:00pm-6:59pm,13,18,6:00pm-6:59pm,28,1,0
2020,4,Arizona,40774,1,1,0,0,1,1,0,13,MARICOPA (13),PHOENIX,26,8,2020,4,Wednesday,17,5:00pm-5:59pm,0,Unknown if this section is on the NHS,9,Unknown,CACTUS RD,,9,Unknown,99,Unknown,99,Unknown,0,None,Reported as Unknown,Reported as Unknown,Unknown,99,Reported as Unknown,99,Reported as Unknown,9,Reported as Unknown,99,Reported as Unknown,99,Reported as Unknown,None,99,Reported as Unknown,9,Reported as Unknown,99,Reported as Unknown,0,99,Unknown,Unknown,99,Unknown EMS Scene Arrival Hour,Unknown EMS Scene Arrival Minutes,99,Unknown,Unknown EMS Hospital Arrival Time,1,0
2020,4,Arizona,40775,1,1,0,1,1,1,1,5,COCONINO (5),NOT APPLICABLE,26,8,2020,4,Wednesday,21,9:00pm-9:59pm,30,This section IS NOT on the NHS,8,Other,BIA-20,,1,Rural,98,Not Reported,62,Bureau of Indian Affairs,0,None,Reported as Unknown,Reported as Unknown,Unknown,8,Pedestrian,0,The First Harmful Event was Not a Collision with a Motor Vehicle in Transport,9,Reported as Unknown,99,Reported as Unknown,99,Reported as Unknown,None,1,On Roadway,6,Dark - Unknown Lighting,99,Reported as Unknown,0,99,Unknown,Unknown if Notified,99,Unknown EMS Scene Arrival Hour,Unknown if Arrived,88,Not Applicable (Not Transported),Not Applicable (Not Transported),1,0
2020,4,Arizona,40776,2,2,0,0,2,2,0,13,MARICOPA (13),BUCKEYE,27,8,2020,5,Thursday,6,6:00am-6:59am,38,This section IS NOT on the NHS,4,County Road,CR-WINTERSBURG RD,,1,Rural,5,Major Collector,2,County Highway Agency,0,None,33.43871667,-112.86779167,No Special Jurisdiction,12,Motor Vehicle In-Transport,7,Sideswipe - Same Direction,0,No,1,Non-Junction,1,Not an Intersection,None,1,On Roadway,1,Daylight,1,Clear,0,6,6:00am-6:59am,38,6,6:00am-6:59am,45,99,Unknown,Unknown EMS Hospital Arrival Time,1,0
2020,4,Arizona,40777,1,1,0,1,1,1,1,17,NAVAJO (17),NOT APPLICABLE,29,8,2020,7,Saturday,22,10:00pm-10:59pm,30,This section IS NOT on the NHS,8,Other,BIA-6,,1,Rural,5,Major Collector,62,Bureau of Indian Affairs,0,None,Reported as Unknown,Reported as Unknown,Indian Reservation,8,Pedestrian,0,The First Harmful Event was Not a Collision with a Motor Vehicle in Transport,9,Reported as Unknown,99,Reported as Unknown,99,Reported as Unknown,None,1,On Roadway,6,Dark - Unknown Lighting,99,Reported as Unknown,0,99,Unknown,Unknown if Notified,99,Unknown EMS Scene Arrival Hour,Unknown if Arrived,99,Unknown,Unknown if Transported,1,0
2020,4,Arizona,40778,2,2,0,0,3,3,0,13,MARICOPA (13),PHOENIX,30,8,2020,1,Sunday,22,10:00pm-10:59pm,23,This section IS ON the NHS,6,Local Street - Municipality,INDIAN SCHOOL RD,,2,Urban,3,Principal Arterial - Other,4,City or Municipal Highway Agency,0,None,33.494925,-112.12807778,No Special Jurisdiction,12,Motor Vehicle In-Transport,6,Angle,0,No,8,Driveway Access Related,1,Not an Intersection,None,1,On Roadway,3,Dark - Lighted,98,Not Reported,0,99,Unknown,Unknown,99,Unknown EMS Scene Arrival Hour,Unknown EMS Scene Arrival Minutes,99,Unknown,Unknown EMS Hospital Arrival Time,1,0
2020,4,Arizona,40779,1,1,0,1,1,1,1,13,MARICOPA (13),SURPRISE,31,8,2020,2,Monday,99,Unknown Hours,Unknown Minutes,This section IS NOT on the NHS,6,Local Street - Municipality,REEMS RD,,2,Urban,4,Minor Arterial,4,City or Municipal Highway Agency,0,None,Reported as Unknown,Reported as Unknown,No Special Jurisdiction,8,Pedestrian,0,The First Harmful Event was Not a Collision with a Motor Vehicle in Transport,9,Reported as Unknown,99,Reported as Unknown,99,Reported as Unknown,None,99,Reported as Unknown,9,Reported as Unknown,99,Reported as Unknown,0,99,Unknown,Unknown,99,Unknown EMS Scene Arrival Hour,Unknown EMS Scene Arrival Minutes,99,Unknown,Unknown EMS Hospital Arrival Time,1,0
2020,4,Arizona,40780,2,2,0,0,2,2,0,13,MARICOPA (13),QUEEN CREEK,31,8,2020,2,Monday,10,10:00am-10:59am,0,This section IS NOT on the NHS,6,Local Street - Municipality,HUNT HWY,,2,Urban,4,Minor Arterial,4,City or Municipal Highway Agency,0,None,33.20491944,-111.655275,No Special Jurisdiction,12,Motor Vehicle In-Transport,2,Front-to-Front,9,Reported as Unknown,99,Reported as Unknown,99,Reported as Unknown,None,99,Reported as Unknown,1,Daylight,99,Reported as Unknown,0,99,Unknown,Unknown,99,Unknown EMS Scene Arrival Hour,Unknown EMS Scene Arrival Minutes,88,Not Applicable (Not Transported),Not Applicable (Not Transported),2,0
2020,4,Arizona,40781,1,1,0,0,1,1,0,5,COCONINO (5),FLAGSTAFF,6,9,2020,1,Sunday,14,2:00pm-2:59pm,5,This section IS NOT on the NHS,8,Other,FS-536,,1,Rural,7,Local,64,U.S. Forest Service,99998,Not Reported,35.06301944,-111.80751667,No Special Jurisdiction,34,Ditch,0,The First Harmful Event was Not a Collision with a Motor Vehicle in Transport,0,No,1,Non-Junction,1,Not an Intersection,None,4,On Roadside,1,Daylight,1,Clear,0,14,2:00pm-2:59pm,5,14,2:00pm-2:59pm,38,88,Not Applicable (Not Transported),Not Applicable (Not Transported),1,0
2020,4,Arizona,40782,3,3,0,0,9,9,0,25,YAVAPAI (25),NOT APPLICABLE,3,10,2020,7,Saturday,5,5:00am-5:59am,20,This section IS ON the NHS,2,U.S. Highway,US-93,,1,Rural,3,Principal Arterial - Other,1,State Highway Agency,1771,1771,34.19200556,-113.05440556,No Special Jurisdiction,12,Motor Vehicle In-Transport,8,Sideswipe - Opposite Direction,0,No,1,Non-Junction,1,Not an Intersection,None,1,On Roadway,2,Dark - Not Lighted,1,Clear,0,5,5:00am-5:59am,29,6,6:00am-6:59am,10,99,Unknown,Unknown EMS Hospital Arrival Time,2,1
2020,4,Arizona,40783,3,3,0,0,3,3,0,19,PIMA (19),NOT APPLICABLE,4,10,2020,1,Sunday,15,3:00pm-3:59pm,31,This section IS NOT on the NHS,3,State Highway,SR-148,,1,Rural,4,Minor Arterial,1,State Highway Agency,946,946,32.07558889,-111.34595,No Special Jurisdiction,12,Motor Vehicle In-Transport,2,Front-to-Front,0,No,1,Non-Junction,1,Not an Intersection,None,1,On Roadway,1,Daylight,1,Clear,0,15,3:00pm-3:59pm,34,15,3:00pm-3:59pm,40,99,Unknown,Unknown EMS Hospital Arrival Time,2,0
2020,4,Arizona,40784,2,2,0,0,3,3,0,13,MARICOPA (13),GOODYEAR,8,10,2020,5,Thursday,18,6:00pm-6:59pm,55,This section IS ON the NHS,4,County Road,CR-MC-85,COTTON LN,2,Urban,3,Principal Arterial - Other,2,County Highway Agency,0,None,33.40435833,-112.42688889,No Special Jurisdiction,12,Motor Vehicle In-Transport,6,Angle,0,No,2,Intersection,2,Four-Way Intersection,None,1,On Roadway,3,Dark - Lighted,1,Clear,0,18,6:00pm-6:59pm,55,19,7:00pm-7:59pm,10,88,Not Applicable (Not Transported),Not Applicable (Not Transported),1,0
2020,4,Arizona,40785,2,2,0,0,4,4,0,13,MARICOPA (13),AVONDALE,5,8,2020,4,Wednesday,16,4:00pm-4:59pm,23,This section IS NOT on the NHS,6,Local Street - Municipality,SOUTHERN AVE,EL MIRAGE RD,2,Urban,5,Major Collector,4,City or Municipal Highway Agency,0,None,33.39182222,-112.32326111,No Special Jurisdiction,12,Motor Vehicle In-Transport,6,Angle,0,No,2,Intersection,2,Four-Way Intersection,None,1,On Roadway,1,Daylight,1,Clear,0,16,4:00pm-4:59pm,23,16,4:00pm-4:59pm,45,99,Unknown,Unknown EMS Hospital Arrival Time,2,0
2020,4,Arizona,40787,2,2,0,0,2,2,0,13,MARICOPA (13),MESA,20,8,2020,5,Thursday,21,9:00pm-9:59pm,40,This section IS ON the NHS,6,Local Street - Municipality,POWER RD,AKRON RD,2,Urban,3,Principal Arterial - Other,4,City or Municipal Highway Agency,0,None,33.41785556,-111.68451667,No Special Jurisdiction,12,Motor Vehicle In-Transport,6,Angle,0,No,2,Intersection,3,T-Intersection,None,1,On Roadway,3,Dark - Lighted,1,Clear,0,21,9:00pm-9:59pm,49,21,9:00pm-9:59pm,52,22,10:00pm-10:59pm,10,1,0
2020,4,Arizona,40788,2,2,0,0,2,2,0,13,MARICOPA (13),MESA,15,9,2020,3,Tuesday,15,3:00pm-3:59pm,9,This section IS NOT on the NHS,6,Local Street - Municipality,GILBERT RD,,2,Urban,3,Principal Arterial - Other,4,City or Municipal Highway Agency,0,None,33.43580833,-111.78791111,No Special Jurisdiction,12,Motor Vehicle In-Transport,6,Angle,0,No,8,Driveway Access Related,1,Not an Intersection,None,1,On Roadway,1,Daylight,1,Clear,0,15,3:00pm-3:59pm,9,15,3:00pm-3:59pm,18,15,3:00pm-3:59pm,50,1,0
2020,4,Arizona,40789,1,1,0,1,2,2,1,13,MARICOPA (13),MESA,10,10,2020,7,Saturday,5,5:00am-5:59am,7,This section IS NOT on the NHS,6,Local Street - Municipality,MCKELLIPS RD,,2,Urban,3,Principal Arterial - Other,4,City or Municipal Highway Agency,0,None,33.45149722,-111.81255,No Special Jurisdiction,9,Pedalcyclist,0,The First Harmful Event was Not a Collision with a Motor Vehicle in Transport,0,No,1,Non-Junction,1,Not an Intersection,None,2,On Shoulder,4,Dawn,1,Clear,0,5,5:00am-5:59am,7,5,5:00am-5:59am,11,5,5:00am-5:59am,30,1,1
2020,4,Arizona,40790,1,1,0,1,1,1,1,13,MARICOPA (13),SCOTTSDALE,5,11,2020,5,Thursday,8,8:00am-8:59am,47,This section IS NOT on the NHS,9,Unknown,105TH ST,,2,Urban,99,Unknown,99,Unknown,99999,Unknown,33.62523611,-111.85374444,Unknown,9,Pedalcyclist,0,The First Harmful Event was Not a Collision with a Motor Vehicle in Transport,0,No,1,Non-Junction,1,Not an Intersection,None,1,On Roadway,1,Daylight,1,Clear,0,8,8:00am-8:59am,47,8,8:00am-8:59am,52,9,9:00am-9:59am,25,1,0
2020,4,Arizona,40791,2,2,0,0,2,2,0,13,MARICOPA (13),SCOTTSDALE,6,11,2020,6,Friday,19,7:00pm-7:59pm,38,This section IS NOT on the NHS,6,Local Street - Municipality,HAYDEN RD,,2,Urban,3,Principal Arterial - Other,4,City or Municipal Highway Agency,0,None,33.52923056,-111.90876111,No Special Jurisdiction,12,Motor Vehicle In-Transport,2,Front-to-Front,0,No,1,Non-Junction,1,Not an Intersection,None,1,On Roadway,2,Dark - Not Lighted,1,Clear,0,99,Unknown,Unknown,99,Unknown EMS Scene Arrival Hour,Unknown EMS Scene Arrival Minutes,99,Unknown,Unknown EMS Hospital Arrival Time,1,1
2020,4,Arizona,40792,2,2,0,0,2,2,0,7,GILA (7),NOT APPLICABLE,9,11,2020,2,Monday,11,11:00am-11:59am,49,This section IS NOT on the NHS,8,Other,OLD SAN CARLOS RD,,1,Rural,5,Major Collector,62,Bureau of Indian Affairs,0,None,33.36665833,-110.54441944,No Special Jurisdiction,12,Motor Vehicle In-Transport,6,Angle,0,No,1,Non-Junction,1,Not an Intersection,None,1,On Roadway,1,Daylight,1,Clear,0,99,Unknown,Unknown,99,Unknown EMS Scene Arrival Hour,Unknown EMS Scene Arrival Minutes,99,Unknown,Unknown EMS Hospital Arrival Time,1,1
2020,4,Arizona,40793,1,1,0,1,3,3,1,7,GILA (7),PERIDOT,13,11,2020,6,Friday,23,11:00pm-11:59pm,11,This section IS NOT on the NHS,2,U.S. Highway,US-70,,1,Rural,4,Minor Arterial,1,State Highway Agency,199,199,Reported as Unknown,Reported as Unknown,No Special Jurisdiction,9,Pedalcyclist,0,The First Harmful Event was Not a Collision with a Motor Vehicle in Transport,0,No,1,Non-Junction,1,Not an Intersection,None,1,On Roadway,2,Dark - Not Lighted,1,Clear,0,23,11:00pm-11:59pm,15,23,11:00pm-11:59pm,18,99,Unknown,Unknown EMS Hospital Arrival Time,1,0
2020,4,Arizona,40794,1,1,0,0,1,1,0,19,PIMA (19),TUCSON,1,12,2020,3,Tuesday,18,6:00pm-6:59pm,2,This section IS ON the NHS,1,Interstate,I-19,,2,Urban,1,Interstate,1,State Highway Agency,582,582,32.13387778,-110.98632778,No Special Jurisdiction,21,Bridge Pier or Support,0,The First Harmful Event was Not a Collision with a Motor Vehicle in Transport,0,No,1,Non-Junction,1,Not an Intersection,None,3,On Median,3,Dark - Lighted,1,Clear,0,18,6:00pm-6:59pm,4,18,6:00pm-6:59pm,14,88,Not Applicable (Not Transported),Not Applicable (Not Transported),1,0
2020,4,Arizona,40796,4,4,0,0,6,6,0,13,MARICOPA (13),PHOENIX,1,12,2020,3,Tuesday,20,8:00pm-8:59pm,22,This section IS NOT on the NHS,6,Local Street - Municipality,32ND ST,,2,Urban,4,Minor Arterial,4,City or Municipal Highway Agency,0,None,33.59083056,-112.01314444,No Special Jurisdiction,12,Motor Vehicle In-Transport,1,Front-to-Rear,0,No,1,Non-Junction,1,Not an Intersection,None,1,On Roadway,3,Dark - Lighted,1,Clear,0,20,8:00pm-8:59pm,24,20,8:00pm-8:59pm,27,21,9:00pm-9:59pm,4,2,1
2020,4,Arizona,40797,1,1,0,1,1,1,1,13,MARICOPA (13),MESA,3,12,2020,5,Thursday,9,9:00am-9:59am,20,This section IS NOT on the NHS,6,Local Street - Municipality,MAIN ST,RECKER RD,2,Urban,3,Principal Arterial - Other,4,City or Municipal Highway Agency,0,None,33.41555556,-111.70180278,No Special Jurisdiction,8,Pedestrian,0,The First Harmful Event was Not a Collision with a Motor Vehicle in Transport,0,No,3,Intersection-Related,2,Four-Way Intersection,None,1,On Roadway,1,Daylight,1,Clear,0,9,9:00am-9:59am,20,9,9:00am-9:59am,25,9,9:00am-9:59am,40,1,0
2020,4,Arizona,40799,1,1,0,0,9,9,0,19,PIMA (19),VAIL,4,12,2020,6,Friday,5,5:00am-5:59am,46,This section IS ON the NHS,1,Interstate,I-10,,1,Rural,1,Interstate,1,State Highway Agency,2902,2902,31.99941389,-110.66871667,No Special Jurisdiction,1,Rollover/Overturn,0,The First Harmful Event was Not a Collision with a Motor Vehicle in Transport,0,No,1,Non-Junction,1,Not an Intersection,None,4,On Roadside,2,Dark - Not Lighted,1,Clear,0,5,5:00am-5:59am,48,6,6:00am-6:59am,7,99,Unknown,Unknown EMS Hospital Arrival Time,1,0
2020,4,Arizona,40800,1,1,0,1,1,1,1,19,PIMA (19),TUCSON,4,12,2020,6,Friday,19,7:00pm-7:59pm,9,This section IS NOT on the NHS,6,Local Street - Municipality,BROADWAY BLD,,2,Urban,3,Principal Arterial - Other,4,City or Municipal Highway Agency,0,None,32.22108333,-110.82214167,No Special Jurisdiction,8,Pedestrian,0,The First Harmful Event was Not a Collision with a Motor Vehicle in Transport,0,No,1,Non-Junction,1,Not an Intersection,None,1,On Roadway,2,Dark - Not Lighted,1,Clear,0,99,Unknown,Unknown,99,Unknown EMS Scene Arrival Hour,Unknown EMS Scene Arrival Minutes,99,Unknown,Unknown EMS Hospital Arrival Time,1,0
2020,4,Arizona,40801,2,2,0,0,2,2,0,13,MARICOPA (13),PHOENIX,4,12,2020,6,Friday,23,11:00pm-11:59pm,21,This section IS NOT on the NHS,3,State Highway,SR-101,,2,Urban,2,Principal Arterial - Other Freeways and Expressways,1,State Highway Agency,187,187,33.66937778,-112.15675833,No Special Jurisdiction,12,Motor Vehicle In-Transport,1,Front-to-Rear,0,No,1,Non-Junction,1,Not an Intersection,None,1,On Roadway,3,Dark - Lighted,1,Clear,0,23,11:00pm-11:59pm,22,23,11:00pm-11:59pm,34,23,11:00pm-11:59pm,45,1,1
2020,4,Arizona,40802,1,1,0,0,1,1,0,13,MARICOPA (13),MESA,5,12,2020,7,Saturday,12,12:00pm-12:59pm,4,This section IS NOT on the NHS,9,Unknown,86TH ST,,2,Urban,99,Unknown,99,Unknown,0,None,33.44020556,-111.64559444,No Special Jurisdiction,33,Curb,0,The First Harmful Event was Not a Collision with a Motor Vehicle in Transport,0,No,1,Non-Junction,1,Not an Intersection,None,4,On Roadside,1,Daylight,1,Clear,0,12,12:00pm-12:59pm,5,12,12:00pm-12:59pm,11,12,12:00pm-12:59pm,45,1,0
2020,4,Arizona,40803,1,1,0,0,1,1,0,25,YAVAPAI (25),NOT APPLICABLE,5,12,2020,7,Saturday,13,1:00pm-1:59pm,34,This section IS NOT on the NHS,3,State Highway,SR-89,,1,Rural,5,Major Collector,1,State Highway Agency,179,179,34.21587222,-112.75425556,No Special Jurisdiction,1,Rollover/Overturn,0,The First Harmful Event was Not a Collision with a Motor Vehicle in Transport,0,No,1,Non-Junction,1,Not an Intersection,None,1,On Roadway,1,Daylight,1,Clear,0,13,1:00pm-1:59pm,31,13,1:00pm-1:59pm,38,88,Not Applicable (Not Transported),Not Applicable (Not Transported),1,0
2020,4,Arizona,40804,2,2,0,0,2,2,0,25,YAVAPAI (25),PRESCOTT,5,12,2020,7,Saturday,19,7:00pm-7:59pm,33,This section IS ON the NHS,3,State Highway,SR-69,,2,Urban,3,Principal Arterial - Other,1,State Highway Agency,299,299,34.55098056,-112.38555556,No Special Jurisdiction,12,Motor Vehicle In-Transport,2,Front-to-Front,0,No,1,Non-Junction,1,Not an Intersection,None,1,On Roadway,2,Dark - Not Lighted,1,Clear,0,19,7:00pm-7:59pm,33,19,7:00pm-7:59pm,37,99,Unknown,Unknown EMS Hospital Arrival Time,1,0
2020,4,Arizona,40805,1,1,0,1,2,2,1,25,YAVAPAI (25),PRESCOTT,5,12,2020,7,Saturday,19,7:00pm-7:59pm,37,This section IS NOT on the NHS,6,Local Street - Municipality,WILLOW CREEK RD,,2,Urban,4,Minor Arterial,4,City or Municipal Highway Agency,0,None,34.55884167,-112.48208056,No Special Jurisdiction,8,Pedestrian,0,The First Harmful Event was Not a Collision with a Motor Vehicle in Transport,0,No,1,Non-Junction,1,Not an Intersection,None,1,On Roadway,2,Dark - Not Lighted,1,Clear,0,19,7:00pm-7:59pm,37,19,7:00pm-7:59pm,37,19,7:00pm-7:59pm,37,1,0
2020,4,Arizona,40806,1,1,0,0,5,5,0,13,MARICOPA (13),PHOENIX,5,12,2020,7,Saturday,21,9:00pm-9:59pm,25,This section IS ON the NHS,1,Interstate,I-17,,2,Urban,1,Interstate,1,State Highway Agency,270,270,33.76417778,-112.12854167,No Special Jurisdiction,1,Rollover/Overturn,0,The First Harmful Event was Not a Collision with a Motor Vehicle in Transport,0,No,1,Non-Junction,1,Not an Intersection,None,4,On Roadside,3,Dark - Lighted,1,Clear,0,21,9:00pm-9:59pm,28,21,9:00pm-9:59pm,36,99,Unknown,Unknown EMS Hospital Arrival Time,3,0
2020,4,Arizona,40807,2,1,1,0,2,1,1,17,NAVAJO (17),JOSEPH CITY,6,12,2020,1,Sunday,2,2:00am-2:59am,38,This section IS ON the NHS,1,Interstate,I-40 EXIT RAMP,,1,Rural,1,Interstate,1,State Highway Agency,2736,2736,34.95622778,-110.35530278,No Special Jurisdiction,14,Parked Motor Vehicle,0,The First Harmful Event was Not a Collision with a Motor Vehicle in Transport,0,No,5,Entrance/Exit Ramp Related,1,Not an Intersection,None,2,On Shoulder,2,Dark - Not Lighted,1,Clear,0,2,2:00am-2:59am,38,2,2:00am-2:59am,58,88,Not Applicable (Not Transported),Not Applicable (Not Transported),1,1
2020,4,Arizona,40808,2,2,0,0,3,3,0,21,PINAL (21),ELOY,6,12,2020,1,Sunday,11,11:00am-11:59am,51,This section IS ON the NHS,1,Interstate,I-10,,1,Rural,1,Interstate,1,State Highway Agency,2022,2022,32.78555,-111.632575,No Special Jurisdiction,1,Rollover/Overturn,0,The First Harmful Event was Not a Collision with a Motor Vehicle in Transport,0,No,1,Non-Junction,1,Not an Intersection,None,3,On Median,1,Daylight,1,Clear,0,11,11:00am-11:59am,52,12,12:00pm-12:59pm,0,12,12:00pm-12:59pm,20,1,0
2020,4,Arizona,40809,2,2,0,0,5,5,0,25,YAVAPAI (25),CONGRESS,6,12,2020,1,Sunday,15,3:00pm-3:59pm,10,This section IS NOT on the NHS,3,State Highway,SR-89,SR-71,1,Rural,5,Major Collector,1,State Highway Agency,98,98,34.16282222,-112.84432778,No Special Jurisdiction,12,Motor Vehicle In-Transport,6,Angle,1,Yes,2,Intersection,2,Four-Way Intersection,None,1,On Roadway,1,Daylight,1,Clear,0,15,3:00pm-3:59pm,12,15,3:00pm-3:59pm,29,99,Unknown,Unknown EMS Hospital Arrival Time,2,0
2020,4,Arizona,40810,1,1,0,1,2,2,1,13,MARICOPA (13),MESA,7,12,2020,2,Monday,18,6:00pm-6:59pm,31,This section IS NOT on the NHS,6,Local Street - Municipality,MAIN ST,,2,Urban,4,Minor Arterial,4,City or Municipal Highway Agency,0,None,33.41550278,-111.71191667,No Special Jurisdiction,8,Pedestrian,0,The First Harmful Event was Not a Collision with a Motor Vehicle in Transport,0,No,1,Non-Junction,1,Not an Intersection,None,1,On Roadway,3,Dark - Lighted,1,Clear,0,99,Unknown,Unknown,99,Unknown EMS Scene Arrival Hour,Unknown EMS Scene Arrival Minutes,19,7:00pm-7:59pm,14,1,0