AccidentYear,STATE,STATENAME,ST_CASE,VE_TOTAL,VE_FORMS,PVH_INVL,PEDS,PERSONS,PERMVIT,PERNOTMVIT,COUNTY,COUNTYNAME,CITYNAME,DAY,MONTH,YEAR,DAY_WEEK,DAY_WEEKNAME,HOUR,HOURNAME,MINUTENAME,NHSNAME,ROUTE,ROUTENAME,TWAY_ID,TWAY_ID2,RUR_URB,RUR_URBNAME,FUNC_SYS,FUNC_SYSNAME,RD_OWNER,RD_OWNERNAME,MILEPT,MILEPTNAME,LATITUDENAME,LONGITUDNAME,SP_JURNAME,HARM_EV,HARM_EVNAME,MAN_COLL,MAN_COLLNAME,RELJCT1,RELJCT1NAME,RELJCT2,RELJCT2NAME,TYP_INT,TYP_INTNAME,WRK_ZONENAME,REL_ROAD,REL_ROADNAME,LGT_COND,LGT_CONDNAME,WEATHER,WEATHERNAME,SCH_BUS,NOT_HOUR,NOT_HOURNAME,NOT_MINNAME,ARR_HOUR,ARR_HOURNAME,ARR_MINNAME,HOSP_HR,HOSP_HRNAME,HOSP_MNNAME,FATALS,DRUNK_DR
2020,4,Arizona,40811,1,1,0,0,1,1,0,3,COCHISE (3),NOT APPLICABLE,9,12,2020,4,Wednesday,15,3:00pm-3:59pm,48,This section IS ON the NHS,1,Interstate,I-10,,1,Rural,1,Interstate,1,State Highway Agency,3107,3107,32.30694444,-109.39683056,No Special Jurisdiction,24,Guardrail Face,0,The First Harmful Event was Not a Collision with a Motor Vehicle in Transport,0,No,1,Non-Junction,1,Not an Intersection,None,3,On Median,1,Daylight,1,Clear,0,15,3:00pm-3:59pm,49,16,4:00pm-4:59pm,2,88,Not Applicable (Not Transported),Not Applicable (Not Transported),1,0
2020,4,Arizona,40812,1,1,0,0,1,1,0,25,YAVAPAI (25),NOT APPLICABLE,10,12,2020,5,Thursday,1,1:00am-1:59am,17,This section IS ON the NHS,1,Interstate,I-17,,1,Rural,2,Principal Arterial - Other Freeways and Expressways,1,State Highway Agency,1076,1076,34.71143611,-111.73131389,No Special Jurisdiction,1,Rollover/Overturn,0,The First Harmful Event was Not a Collision with a Motor Vehicle in Transport,0,No,1,Non-Junction,1,Not an Intersection,None,4,On Roadside,2,Dark - Not Lighted,10,Cloudy,0,1,1:00am-1:59am,17,1,1:00am-1:59am,33,88,Not Applicable (Not Transported),Not Applicable (Not Transported),1,0
2020,4,Arizona,40815,2,2,0,0,3,3,0,21,PINAL (21),APACHE JUNCTION,11,12,2020,6,Friday,16,4:00pm-4:59pm,52,This section IS NOT on the NHS,6,Local Street - Municipality,BROADWAY AVE,DELAWARE DR,2,Urban,4,Minor Arterial,1,State Highway Agency,0,None,33.40785556,-111.57201667,No Special Jurisdiction,12,Motor Vehicle In-Transport,6,Angle,0,No,2,Intersection,2,Four-Way Intersection,None,1,On Roadway,1,Daylight,1,Clear,0,16,4:00pm-4:59pm,52,16,4:00pm-4:59pm,57,17,5:00pm-5:59pm,37,1,0
2020,4,Arizona,40816,1,1,0,2,1,1,2,19,PIMA (19),TUCSON,11,12,2020,6,Friday,21,9:00pm-9:59pm,0,This section IS ON the NHS,2,U.S. Highway,US-60,VALLEY RD,2,Urban,3,Principal Arterial - Other,1,State Highway Agency,2182,2182,32.17784722,-110.99128056,No Special Jurisdiction,33,Curb,0,The First Harmful Event was Not a Collision with a Motor Vehicle in Transport,0,No,3,Intersection-Related,2,Four-Way Intersection,None,4,On Roadside,3,Dark - Lighted,1,Clear,0,99,Unknown,Unknown,99,Unknown EMS Scene Arrival Hour,Unknown EMS Scene Arrival Minutes,99,Unknown,Unknown EMS Hospital Arrival Time,1,0
2020,4,Arizona,40818,1,1,0,0,2,2,0,19,PIMA (19),TUCSON,13,12,2020,1,Sunday,3,3:00am-3:59am,46,This section IS NOT on the NHS,6,Local Street - Municipality,SPEEDWAY BLVD,,2,Urban,5,Major Collector,2,County Highway Agency,0,None,32.23545833,-110.75264167,No Special Jurisdiction,59,Traffic Sign Support,0,The First Harmful Event was Not a Collision with a Motor Vehicle in Transport,0,No,1,Non-Junction,1,Not an Intersection,None,4,On Roadside,2,Dark - Not Lighted,1,Clear,0,3,3:00am-3:59am,46,3,3:00am-3:59am,57,88,Not Applicable (Not Transported),Not Applicable (Not Transported),2,1
2020,4,Arizona,40819,1,1,0,0,1,1,0,25,YAVAPAI (25),NOT APPLICABLE,13,12,2020,1,Sunday,15,3:00pm-3:59pm,0,This section IS NOT on the NHS,9,Unknown,FR 192,,9,Unknown,99,Unknown,99,Unknown,0,None,34.17444444,-112.35520556,No Special Jurisdiction,5,Fell/Jumped from Vehicle,0,The First Harmful Event was Not a Collision with a Motor Vehicle in Transport,0,No,1,Non-Junction,1,Not an Intersection,None,4,On Roadside,1,Daylight,1,Clear,0,15,3:00pm-3:59pm,15,16,4:00pm-4:59pm,0,99,Unknown,Unknown EMS Hospital Arrival Time,1,0
2020,4,Arizona,40820,2,2,0,0,2,2,0,13,MARICOPA (13),PHOENIX,13,12,2020,1,Sunday,17,5:00pm-5:59pm,49,This section IS NOT on the NHS,6,Local Street - Municipality,32ND ST,,2,Urban,4,Minor Arterial,4,City or Municipal Highway Agency,0,None,33.63592778,-112.01348333,No Special Jurisdiction,12,Motor Vehicle In-Transport,6,Angle,0,No,8,Driveway Access Related,1,Not an Intersection,None,1,On Roadway,3,Dark - Lighted,1,Clear,0,17,5:00pm-5:59pm,49,17,5:00pm-5:59pm,56,88,Not Applicable (Not Transported),Not Applicable (Not Transported),2,2
2020,4,Arizona,40821,1,1,0,0,1,1,0,13,MARICOPA (13),PHOENIX,13,12,2020,1,Sunday,21,9:00pm-9:59pm,13,This section IS ON the NHS,1,Interstate,I-10,,2,Urban,1,Interstate,1,State Highway Agency,1360,1360,33.46279722,-112.217975,No Special Jurisdiction,1,Rollover/Overturn,0,The First Harmful Event was Not a Collision with a Motor Vehicle in Transport,0,No,1,Non-Junction,1,Not an Intersection,None,4,On Roadside,3,Dark - Lighted,1,Clear,0,21,9:00pm-9:59pm,13,21,9:00pm-9:59pm,21,21,9:00pm-9:59pm,39,1,0
2020,4,Arizona,40822,3,3,0,0,3,3,0,19,PIMA (19),TUCSON,14,12,2020,2,Monday,12,12:00pm-12:59pm,25,This section IS ON the NHS,1,Interstate,I-10 FRONTAGE,SPEEDWAY BLVD,2,Urban,6,Minor Collector,1,State Highway Agency,2572,2572,32.23592778,-110.98456667,No Special Jurisdiction,12,Motor Vehicle In-Transport,7,Sideswipe - Same Direction,1,Yes,3,Intersection-Related,11,Other Intersection Type,None,1,On Roadway,1,Daylight,1,Clear,0,12,12:00pm-12:59pm,25,12,12:00pm-12:59pm,31,12,12:00pm-12:59pm,48,1,0
2020,4,Arizona,40823,1,1,0,0,1,1,0,13,MARICOPA (13),PEORIA,14,12,2020,2,Monday,16,4:00pm-4:59pm,36,This section IS NOT on the NHS,6,Local Street - Municipality,HAPPY VALLEY RD,,2,Urban,5,Major Collector,2,County Highway Agency,0,None,33.71125278,-112.34071667,No Special Jurisdiction,33,Curb,0,The First Harmful Event was Not a Collision with a Motor Vehicle in Transport,0,No,1,Non-Junction,1,Not an Intersection,None,4,On Roadside,1,Daylight,1,Clear,0,16,4:00pm-4:59pm,36,16,4:00pm-4:59pm,41,19,7:00pm-7:59pm,0,1,1
2020,4,Arizona,40824,1,1,0,0,2,2,0,5,COCONINO (5),FLAGSTAFF,14,12,2020,2,Monday,20,8:00pm-8:59pm,17,This section IS ON the NHS,1,Interstate,I-17,,1,Rural,1,Interstate,1,State Highway Agency,1376,1376,35.07197222,-111.68264167,No Special Jurisdiction,1,Rollover/Overturn,0,The First Harmful Event was Not a Collision with a Motor Vehicle in Transport,0,No,1,Non-Junction,1,Not an Intersection,None,3,On Median,2,Dark - Not Lighted,1,Clear,0,20,8:00pm-8:59pm,18,20,8:00pm-8:59pm,26,99,Unknown,Unknown EMS Hospital Arrival Time,1,1
2020,4,Arizona,40825,2,2,0,0,3,3,0,13,MARICOPA (13),PHOENIX,15,12,2020,3,Tuesday,15,3:00pm-3:59pm,38,This section IS NOT on the NHS,5,Local Street - Township,DUNLAP AVE,37TH AVE,2,Urban,4,Minor Arterial,4,City or Municipal Highway Agency,0,None,33.56754167,-112.13910278,No Special Jurisdiction,12,Motor Vehicle In-Transport,6,Angle,0,No,2,Intersection,3,T-Intersection,None,1,On Roadway,1,Daylight,1,Clear,0,15,3:00pm-3:59pm,38,15,3:00pm-3:59pm,44,16,4:00pm-4:59pm,2,1,0
2020,4,Arizona,40826,3,3,0,0,4,4,0,9,GRAHAM (9),NOT APPLICABLE,15,12,2020,3,Tuesday,17,5:00pm-5:59pm,19,This section IS NOT on the NHS,2,U.S. Highway,US-191,,1,Rural,4,Minor Arterial,1,State Highway Agency,1354,1354,32.82183056,-109.47329444,No Special Jurisdiction,12,Motor Vehicle In-Transport,8,Sideswipe - Opposite Direction,0,No,1,Non-Junction,1,Not an Intersection,None,1,On Roadway,1,Daylight,1,Clear,0,17,5:00pm-5:59pm,25,17,5:00pm-5:59pm,35,88,Not Applicable (Not Transported),Not Applicable (Not Transported),2,0
2020,4,Arizona,40827,1,1,0,1,1,1,1,19,PIMA (19),TUCSON,17,12,2020,5,Thursday,22,10:00pm-10:59pm,2,This section IS NOT on the NHS,9,Unknown,15TH AVE,,9,Unknown,99,Unknown,99,Unknown,0,None,32.24846667,-110.98224722,No Special Jurisdiction,38,Fence,0,The First Harmful Event was Not a Collision with a Motor Vehicle in Transport,0,No,1,Non-Junction,1,Not an Intersection,None,4,On Roadside,2,Dark - Not Lighted,1,Clear,0,99,Unknown,Unknown,99,Unknown EMS Scene Arrival Hour,Unknown EMS Scene Arrival Minutes,88,Not Applicable (Not Transported),Not Applicable (Not Transported),1,0
2020,4,Arizona,40829,3,3,0,0,3,3,0,19,PIMA (19),TUCSON,18,12,2020,6,Friday,19,7:00pm-7:59pm,21,This section IS NOT on the NHS,6,Local Street - Municipality,BROADWAY BLVD,,2,Urban,3,Principal Arterial - Other,4,City or Municipal Highway Agency,0,None,32.22151111,-110.86550278,No Special Jurisdiction,12,Motor Vehicle In-Transport,6,Angle,0,No,8,Driveway Access Related,1,Not an Intersection,None,1,On Roadway,2,Dark - Not Lighted,1,Clear,0,99,Unknown,Unknown,99,Unknown EMS Scene Arrival Hour,Unknown EMS Scene Arrival Minutes,99,Unknown,Unknown EMS Hospital Arrival Time,1,0
2020,4,Arizona,40830,1,1,0,1,1,1,1,13,MARICOPA (13),PHOENIX,20,12,2020,1,Sunday,2,2:00am-2:59am,51,This section IS ON the NHS,1,Interstate,I-17,,2,Urban,1,Interstate,1,State Highway Agency,40,40,33.43157778,-112.10727222,No Special Jurisdiction,8,Pedestrian,0,The First Harmful Event was Not a Collision with a Motor Vehicle in Transport,0,No,1,Non-Junction,1,Not an Intersection,None,1,On Roadway,3,Dark - Lighted,1,Clear,0,3,3:00am-3:59am,4,3,3:00am-3:59am,9,88,Not Applicable (Not Transported),Not Applicable (Not Transported),1,0
2020,4,Arizona,40831,2,2,0,0,3,3,0,13,MARICOPA (13),CHANDLER,22,12,2020,3,Tuesday,9,9:00am-9:59am,29,This section IS ON the NHS,3,State Highway,SR-347,RIGGS RD,1,Rural,3,Principal Arterial - Other,1,State Highway Agency,241,241,33.21932778,-111.98901111,No Special Jurisdiction,12,Motor Vehicle In-Transport,1,Front-to-Rear,0,No,3,Intersection-Related,2,Four-Way Intersection,None,1,On Roadway,1,Daylight,1,Clear,0,9,9:00am-9:59am,29,9,9:00am-9:59am,40,88,Not Applicable (Not Transported),Not Applicable (Not Transported),1,0
2020,4,Arizona,40832,1,1,0,1,1,1,1,13,MARICOPA (13),PHOENIX,23,12,2020,4,Wednesday,19,7:00pm-7:59pm,21,This section IS NOT on the NHS,6,Local Street - Municipality,19TH AVE,MONTEBELLO AVE,2,Urban,5,Major Collector,4,City or Municipal Highway Agency,0,None,33.51990278,-112.09961389,No Special Jurisdiction,8,Pedestrian,0,The First Harmful Event was Not a Collision with a Motor Vehicle in Transport,0,No,3,Intersection-Related,2,Four-Way Intersection,None,1,On Roadway,3,Dark - Lighted,1,Clear,0,99,Unknown,Unknown,99,Unknown EMS Scene Arrival Hour,Unknown EMS Scene Arrival Minutes,99,Unknown,Unknown EMS Hospital Arrival Time,1,0
2020,4,Arizona,40833,4,4,0,0,11,11,0,21,PINAL (21),ELOY,24,12,2020,5,Thursday,18,6:00pm-6:59pm,53,This section IS ON the NHS,1,Interstate,I-10,,2,Urban,1,Interstate,1,State Highway Agency,2112,2112,32.72285278,-111.51232778,No Special Jurisdiction,12,Motor Vehicle In-Transport,2,Front-to-Front,0,No,1,Non-Junction,1,Not an Intersection,None,1,On Roadway,2,Dark - Not Lighted,10,Cloudy,0,18,6:00pm-6:59pm,56,19,7:00pm-7:59pm,1,19,7:00pm-7:59pm,39,1,0
2020,4,Arizona,40834,1,1,0,1,1,1,1,19,PIMA (19),NOT APPLICABLE,24,12,2020,5,Thursday,19,7:00pm-7:59pm,46,This section IS NOT on the NHS,3,State Highway,SR-86,,1,Rural,4,Minor Arterial,1,State Highway Agency,1056,1056,32.13018333,-111.18296111,No Special Jurisdiction,8,Pedestrian,0,The First Harmful Event was Not a Collision with a Motor Vehicle in Transport,0,No,1,Non-Junction,1,Not an Intersection,None,2,On Shoulder,2,Dark - Not Lighted,1,Clear,0,20,8:00pm-8:59pm,6,20,8:00pm-8:59pm,15,88,Not Applicable (Not Transported),Not Applicable (Not Transported),1,0
2020,4,Arizona,40835,1,1,0,1,2,2,1,13,MARICOPA (13),PHOENIX,26,12,2020,7,Saturday,0,0:00am-0:59am,56,This section IS NOT on the NHS,6,Local Street - Municipality,OAK ST,,2,Urban,5,Major Collector,4,City or Municipal Highway Agency,0,None,33.47310278,-112.01740556,No Special Jurisdiction,8,Pedestrian,0,The First Harmful Event was Not a Collision with a Motor Vehicle in Transport,0,No,1,Non-Junction,1,Not an Intersection,None,1,On Roadway,3,Dark - Lighted,1,Clear,0,0,0:00am-0:59am,56,1,1:00am-1:59am,5,88,Not Applicable (Not Transported),Not Applicable (Not Transported),1,0
2020,4,Arizona,40836,1,1,0,0,1,1,0,13,MARICOPA (13),GLENDALE,27,12,2020,1,Sunday,5,5:00am-5:59am,57,This section IS NOT on the NHS,6,Local Street - Municipality,GLENDALE AVE,,2,Urban,4,Minor Arterial,4,City or Municipal Highway Agency,0,None,33.53846667,-112.15210278,No Special Jurisdiction,33,Curb,0,The First Harmful Event was Not a Collision with a Motor Vehicle in Transport,0,No,1,Non-Junction,1,Not an Intersection,None,3,On Median,3,Dark - Lighted,1,Clear,0,99,Unknown,Unknown if Notified,99,Unknown EMS Scene Arrival Hour,Unknown if Arrived,99,Unknown,Unknown if Transported,1,0
2020,4,Arizona,40837,3,3,0,0,5,5,0,13,MARICOPA (13),SCOTTSDALE,27,12,2020,1,Sunday,15,3:00pm-3:59pm,33,This section IS NOT on the NHS,6,Local Street - Municipality,PIMA RD,,2,Urban,4,Minor Arterial,4,City or Municipal Highway Agency,0,None,33.69934167,-111.89051667,No Special Jurisdiction,33,Curb,0,The First Harmful Event was Not a Collision with a Motor Vehicle in Transport,0,No,1,Non-Junction,1,Not an Intersection,None,3,On Median,1,Daylight,1,Clear,0,15,3:00pm-3:59pm,33,15,3:00pm-3:59pm,39,16,4:00pm-4:59pm,23,2,0
2020,4,Arizona,40838,1,1,0,1,1,1,1,19,PIMA (19),TUCSON,28,12,2020,2,Monday,19,7:00pm-7:59pm,52,This section IS NOT on the NHS,6,Local Street - Municipality,CAMPBELL AVE,,2,Urban,4,Minor Arterial,4,City or Municipal Highway Agency,0,None,32.16118056,-110.94342778,No Special Jurisdiction,8,Pedestrian,0,The First Harmful Event was Not a Collision with a Motor Vehicle in Transport,0,No,1,Non-Junction,1,Not an Intersection,None,1,On Roadway,3,Dark - Lighted,10,Cloudy,0,19,7:00pm-7:59pm,52,19,7:00pm-7:59pm,58,88,Not Applicable (Not Transported),Not Applicable (Not Transported),1,0
2020,4,Arizona,40839,2,2,0,0,7,7,0,13,MARICOPA (13),GLENDALE,29,12,2020,3,Tuesday,16,4:00pm-4:59pm,11,This section IS NOT on the NHS,6,Local Street - Municipality,THUNDERBIRD RD,,2,Urban,4,Minor Arterial,4,City or Municipal Highway Agency,0,None,33.61061389,-112.20185833,No Special Jurisdiction,12,Motor Vehicle In-Transport,6,Angle,0,No,98,Not Reported,1,Not an Intersection,None,1,On Roadway,1,Daylight,1,Clear,0,99,Unknown,Unknown if Notified,99,Unknown EMS Scene Arrival Hour,Unknown if Arrived,99,Unknown,Unknown if Transported,1,0
2020,4,Arizona,40840,1,1,0,0,1,1,0,25,YAVAPAI (25),NOT APPLICABLE,30,12,2020,4,Wednesday,5,5:00am-5:59am,1,This section IS ON the NHS,3,State Highway,SR-69,,1,Rural,3,Principal Arterial - Other,1,State Highway Agency,49,49,34.398225,-112.22707778,No Special Jurisdiction,1,Rollover/Overturn,0,The First Harmful Event was Not a Collision with a Motor Vehicle in Transport,0,No,1,Non-Junction,1,Not an Intersection,None,1,On Roadway,2,Dark - Not Lighted,1,Clear,0,5,5:00am-5:59am,4,5,5:00am-5:59am,15,88,Not Applicable (Not Transported),Not Applicable (Not Transported),1,0
2020,4,Arizona,40842,3,1,2,3,1,1,3,13,MARICOPA (13),MESA,31,12,2020,5,Thursday,18,6:00pm-6:59pm,59,This section IS ON the NHS,2,U.S. Highway,US-60 RAMP,CRIMSON RD,2,Urban,2,Principal Arterial - Other Freeways and Expressways,1,State Highway Agency,1606,1606,33.38588056,-111.61541389,No Special Jurisdiction,33,Curb,0,The First Harmful Event was Not a Collision with a Motor Vehicle in Transport,1,Yes,3,Intersection-Related,2,Four-Way Intersection,None,4,On Roadside,3,Dark - Lighted,1,Clear,0,18,6:00pm-6:59pm,59,19,7:00pm-7:59pm,7,19,7:00pm-7:59pm,30,1,0
2020,4,Arizona,40843,1,1,0,1,1,1,1,13,MARICOPA (13),MESA,8,11,2020,1,Sunday,8,8:00am-8:59am,16,This section IS NOT on the NHS,4,County Road,CR-POWER RD,,2,Urban,3,Principal Arterial - Other,2,County Highway Agency,0,None,33.34171111,-111.68725556,No Special Jurisdiction,9,Pedalcyclist,0,The First Harmful Event was Not a Collision with a Motor Vehicle in Transport,0,No,1,Non-Junction,1,Not an Intersection,None,1,On Roadway,1,Daylight,10,Cloudy,0,8,8:00am-8:59am,16,8,8:00am-8:59am,22,9,9:00am-9:59am,9,1,0
2020,4,Arizona,40844,2,1,1,0,2,2,0,19,PIMA (19),TUCSON,19,11,2020,5,Thursday,12,12:00pm-12:59pm,56,This section IS ON the NHS,1,Interstate,I-10 FRONTAGE RD,,2,Urban,1,Interstate,1,State Highway Agency,2523,2523,32.30845278,-111.04086111,No Special Jurisdiction,45,Working Motor Vehicle,0,The First Harmful Event was Not a Collision with a Motor Vehicle in Transport,1,Yes,20,Entrance/Exit Ramp,1,Not an Intersection,Construction,1,On Roadway,1,Daylight,1,Clear,0,12,12:00pm-12:59pm,57,13,1:00pm-1:59pm,5,99,Unknown,Unknown EMS Hospital Arrival Time,1,0
2020,4,Arizona,40845,5,5,0,0,7,7,0,13,MARICOPA (13),BUCKEYE,24,11,2020,3,Tuesday,13,1:00pm-1:59pm,40,This section IS ON the NHS,3,State Highway,SR-85,MC-85,2,Urban,3,Principal Arterial - Other,1,State Highway Agency,1853,1853,33.36984167,-112.62490556,No Special Jurisdiction,12,Motor Vehicle In-Transport,1,Front-to-Rear,1,Yes,3,Intersection-Related,2,Four-Way Intersection,None,1,On Roadway,1,Daylight,1,Clear,0,13,1:00pm-1:59pm,42,14,2:00pm-2:59pm,21,99,Unknown,Unknown EMS Hospital Arrival Time,1,0
2020,4,Arizona,40846,1,1,0,1,1,1,1,13,MARICOPA (13),PHOENIX,25,11,2020,4,Wednesday,18,6:00pm-6:59pm,36,This section IS NOT on the NHS,6,Local Street - Municipality,SOUTHERN AVE,39TH AVE,2,Urban,4,Minor Arterial,2,County Highway Agency,0,None,33.39205278,-112.14225278,No Special Jurisdiction,8,Pedestrian,0,The First Harmful Event was Not a Collision with a Motor Vehicle in Transport,0,No,3,Intersection-Related,2,Four-Way Intersection,None,1,On Roadway,3,Dark - Lighted,1,Clear,0,18,6:00pm-6:59pm,20,18,6:00pm-6:59pm,25,88,Not Applicable (Not Transported),Not Applicable (Not Transported),1,0
2020,4,Arizona,40847,1,1,0,0,3,3,0,13,MARICOPA (13),GLENDALE,25,9,2020,6,Friday,1,1:00am-1:59am,36,This section IS NOT on the NHS,6,Local Street - Municipality,67TH AVE,OLIVE AVE,2,Urban,4,Minor Arterial,4,City or Municipal Highway Agency,0,None,33.56721111,-112.20293333,No Special Jurisdiction,33,Curb,0,The First Harmful Event was Not a Collision with a Motor Vehicle in Transport,0,No,3,Intersection-Related,2,Four-Way Intersection,None,4,On Roadside,3,Dark - Lighted,1,Clear,0,99,Unknown,Unknown,99,Unknown EMS Scene Arrival Hour,Unknown EMS Scene Arrival Minutes,99,Unknown,Unknown EMS Hospital Arrival Time,1,1
2020,4,Arizona,40848,2,2,0,0,2,2,0,13,MARICOPA (13),PHOENIX,9,10,2020,6,Friday,12,12:00pm-12:59pm,54,This section IS NOT on the NHS,6,Local Street - Municipality,UNIVERSITY DR,38TH ST,2,Urban,4,Minor Arterial,4,City or Municipal Highway Agency,0,None,33.42198056,-111.99977222,No Special Jurisdiction,12,Motor Vehicle In-Transport,7,Sideswipe - Same Direction,0,No,2,Intersection,2,Four-Way Intersection,None,1,On Roadway,1,Daylight,1,Clear,0,12,12:00pm-12:59pm,55,13,1:00pm-1:59pm,0,13,1:00pm-1:59pm,23,1,0
2020,4,Arizona,40850,3,3,0,0,3,3,0,13,MARICOPA (13),GLENDALE,13,11,2020,6,Friday,10,10:00am-10:59am,28,This section IS NOT on the NHS,6,Local Street - Municipality,OLIVE AVE,,2,Urban,4,Minor Arterial,4,City or Municipal Highway Agency,0,None,33.56753056,-112.15666111,No Special Jurisdiction,12,Motor Vehicle In-Transport,7,Sideswipe - Same Direction,0,No,1,Non-Junction,1,Not an Intersection,None,1,On Roadway,1,Daylight,1,Clear,0,10,10:00am-10:59am,28,10,10:00am-10:59am,33,10,10:00am-10:59am,56,1,0
2020,4,Arizona,40851,1,1,0,0,1,1,0,13,MARICOPA (13),SCOTTSDALE,14,11,2020,7,Saturday,18,6:00pm-6:59pm,20,This section IS ON the NHS,6,Local Street - Municipality,SCOTTSDALE RD,HUMMINGBIRD LN,2,Urban,3,Principal Arterial - Other,4,City or Municipal Highway Agency,0,None,33.54226389,-111.9259,No Special Jurisdiction,33,Curb,0,The First Harmful Event was Not a Collision with a Motor Vehicle in Transport,0,No,3,Intersection-Related,3,T-Intersection,None,4,On Roadside,3,Dark - Lighted,1,Clear,0,18,6:00pm-6:59pm,20,18,6:00pm-6:59pm,25,88,Not Applicable (Not Transported),Not Applicable (Not Transported),1,1
2020,4,Arizona,40852,1,1,0,1,1,1,1,13,MARICOPA (13),PHOENIX,17,11,2020,3,Tuesday,17,5:00pm-5:59pm,50,This section IS NOT on the NHS,6,Local Street - Municipality,36TH ST,,2,Urban,5,Major Collector,4,City or Municipal Highway Agency,0,None,33.48133056,-112.00420833,No Special Jurisdiction,8,Pedestrian,0,The First Harmful Event was Not a Collision with a Motor Vehicle in Transport,0,No,1,Non-Junction,1,Not an Intersection,None,1,On Roadway,3,Dark - Lighted,1,Clear,0,17,5:00pm-5:59pm,49,17,5:00pm-5:59pm,53,18,6:00pm-6:59pm,4,1,0
2020,4,Arizona,40853,1,1,0,0,3,3,0,21,PINAL (21),Other,25,12,2020,6,Friday,23,11:00pm-11:59pm,52,This section IS NOT on the NHS,4,County Road,CR-WAY OUT RD,,1,Rural,7,Local,2,County Highway Agency,0,None,32.51138333,-111.236675,No Special Jurisdiction,35,Embankment,0,The First Harmful Event was Not a Collision with a Motor Vehicle in Transport,0,No,1,Non-Junction,1,Not an Intersection,None,4,On Roadside,2,Dark - Not Lighted,1,Clear,0,23,11:00pm-11:59pm,53,99,Unknown EMS Scene Arrival Hour,Unknown EMS Scene Arrival Minutes,99,Unknown,Unknown EMS Hospital Arrival Time,1,0
2020,4,Arizona,40854,1,1,0,0,1,1,0,13,MARICOPA (13),PHOENIX,1,10,2020,5,Thursday,3,3:00am-3:59am,0,This section IS NOT on the NHS,9,Unknown,7TH ST,,9,Unknown,99,Unknown,99,Unknown,0,None,Reported as Unknown,Reported as Unknown,No Special Jurisdiction,33,Curb,0,The First Harmful Event was Not a Collision with a Motor Vehicle in Transport,0,No,1,Non-Junction,1,Not an Intersection,None,3,On Median,6,Dark - Unknown Lighting,98,Not Reported,0,99,Unknown,Unknown if Notified,99,Unknown EMS Scene Arrival Hour,Unknown if Arrived,99,Unknown,Unknown if Transported,1,1
2020,4,Arizona,40855,1,1,0,1,1,1,1,13,MARICOPA (13),PHOENIX,2,10,2020,6,Friday,19,7:00pm-7:59pm,29,This section IS NOT on the NHS,6,Local Street - Municipality,BASELINE RD,,2,Urban,3,Principal Arterial - Other,4,City or Municipal Highway Agency,0,None,33.37774167,-112.07973056,No Special Jurisdiction,8,Pedestrian,0,The First Harmful Event was Not a Collision with a Motor Vehicle in Transport,0,No,1,Non-Junction,1,Not an Intersection,None,1,On Roadway,9,Reported as Unknown,99,Reported as Unknown,0,99,Unknown,Unknown if Notified,99,Unknown EMS Scene Arrival Hour,Unknown if Arrived,88,Not Applicable (Not Transported),Not Applicable (Not Transported),1,0
2020,4,Arizona,40856,2,2,0,0,2,2,0,13,MARICOPA (13),PHOENIX,2,10,2020,6,Friday,19,7:00pm-7:59pm,53,This section IS NOT on the NHS,6,Local Street - Municipality,UNION HILLS DR,19TH AVE,2,Urban,4,Minor Arterial,4,City or Municipal Highway Agency,0,None,33.65473611,-112.09977222,No Special Jurisdiction,12,Motor Vehicle In-Transport,6,Angle,0,No,2,Intersection,2,Four-Way Intersection,None,1,On Roadway,3,Dark - Lighted,98,Not Reported,0,99,Unknown,Unknown,99,Unknown EMS Scene Arrival Hour,Unknown EMS Scene Arrival Minutes,99,Unknown,Unknown EMS Hospital Arrival Time,1,0
2020,4,Arizona,40857,1,1,0,0,1,1,0,999,UNKNOWN (999),Unknown,6,10,2020,3,Tuesday,16,4:00pm-4:59pm,53,Unknown if this section is on the NHS,9,Unknown,UNKNOWN,,9,Unknown,99,Unknown,99,Unknown,99999,Unknown,Reported as Unknown,Reported as Unknown,Unknown,99,Reported as Unknown,99,Reported as Unknown,9,Reported as Unknown,99,Reported as Unknown,99,Reported as Unknown,None,99,Reported as Unknown,9,Reported as Unknown,99,Reported as Unknown,0,99,Unknown,Unknown if Notified,99,Unknown EMS Scene Arrival Hour,Unknown if Arrived,99,Unknown,Unknown if Transported,1,0