AccidentYear,STATE,STATENAME,ST_CASE,VE_TOTAL,VE_FORMS,PVH_INVL,PEDS,PERSONS,PERMVIT,PERNOTMVIT,COUNTY,COUNTYNAME,CITYNAME,DAY,MONTH,YEAR,DAY_WEEK,DAY_WEEKNAME,HOUR,HOURNAME,MINUTENAME,NHSNAME,ROUTE,ROUTENAME,TWAY_ID,TWAY_ID2,RUR_URB,RUR_URBNAME,FUNC_SYS,FUNC_SYSNAME,RD_OWNER,RD_OWNERNAME,MILEPT,MILEPTNAME,LATITUDENAME,LONGITUDNAME,SP_JURNAME,HARM_EV,HARM_EVNAME,MAN_COLL,MAN_COLLNAME,RELJCT1,RELJCT1NAME,RELJCT2,RELJCT2NAME,TYP_INT,TYP_INTNAME,WRK_ZONENAME,REL_ROAD,REL_ROADNAME,LGT_COND,LGT_CONDNAME,WEATHER,WEATHERNAME,SCH_BUS,NOT_HOUR,NOT_HOURNAME,NOT_MINNAME,ARR_HOUR,ARR_HOURNAME,ARR_MINNAME,HOSP_HR,HOSP_HRNAME,HOSP_MNNAME,FATALS,DRUNK_DR
2020,4,Arizona,40896,2,2,0,0,2,2,0,13,MARICOPA (13),PHOENIX,3,11,2020,3,Tuesday,19,7:00pm-7:59pm,45,This section IS NOT on the NHS,6,Local Street - Municipality,67TH AVE,,2,Urban,4,Minor Arterial,4,City or Municipal Highway Agency,0,None,Reported as Unknown,Reported as Unknown,No Special Jurisdiction,12,Motor Vehicle In-Transport,99,Reported as Unknown,9,Reported as Unknown,99,Reported as Unknown,99,Reported as Unknown,None,1,On Roadway,6,Dark - Unknown Lighting,99,Reported as Unknown,0,99,Unknown,Unknown,99,Unknown EMS Scene Arrival Hour,Unknown EMS Scene Arrival Minutes,88,Not Applicable (Not Transported),Not Applicable (Not Transported),1,0
2020,4,Arizona,40897,1,1,0,1,1,1,1,13,MARICOPA (13),PHOENIX,4,11,2020,4,Wednesday,99,Unknown Hours,Unknown Minutes,This section IS ON the NHS,1,Interstate,I-17 FRONTAGE RD,,2,Urban,1,Interstate,1,State Highway Agency,0,None,Reported as Unknown,Reported as Unknown,No Special Jurisdiction,8,Pedestrian,0,The First Harmful Event was Not a Collision with a Motor Vehicle in Transport,9,Reported as Unknown,99,Reported as Unknown,99,Reported as Unknown,None,99,Reported as Unknown,6,Dark - Unknown Lighting,99,Reported as Unknown,0,99,Unknown,Unknown if Notified,99,Unknown EMS Scene Arrival Hour,Unknown if Arrived,88,Not Applicable (Not Transported),Not Applicable (Not Transported),1,0
2020,4,Arizona,40898,2,2,0,0,2,2,0,13,MARICOPA (13),CHANDLER,4,11,2020,4,Wednesday,3,3:00am-3:59am,44,This section IS NOT on the NHS,6,Local Street - Municipality,PRICE RD,QUEEN CREEK RD,2,Urban,4,Minor Arterial,4,City or Municipal Highway Agency,0,None,33.26157778,-111.88886944,No Special Jurisdiction,12,Motor Vehicle In-Transport,6,Angle,0,No,2,Intersection,2,Four-Way Intersection,None,1,On Roadway,3,Dark - Lighted,1,Clear,0,3,3:00am-3:59am,45,3,3:00am-3:59am,52,4,4:00am-4:59am,11,1,0
2020,4,Arizona,40899,1,1,0,1,1,1,1,13,MARICOPA (13),PHOENIX,5,11,2020,5,Thursday,23,11:00pm-11:59pm,1,This section IS NOT on the NHS,6,Local Street - Municipality,83RD AVE,,2,Urban,4,Minor Arterial,4,City or Municipal Highway Agency,0,None,Reported as Unknown,Reported as Unknown,No Special Jurisdiction,8,Pedestrian,0,The First Harmful Event was Not a Collision with a Motor Vehicle in Transport,9,Reported as Unknown,99,Reported as Unknown,99,Reported as Unknown,None,99,Reported as Unknown,6,Dark - Unknown Lighting,99,Reported as Unknown,0,99,Unknown,Unknown if Notified,99,Unknown EMS Scene Arrival Hour,Unknown if Arrived,99,Unknown,Unknown if Transported,1,0
2020,4,Arizona,40900,3,3,0,0,3,3,0,13,MARICOPA (13),GLENDALE,9,11,2020,2,Monday,99,Unknown Hours,Unknown Minutes,This section IS NOT on the NHS,6,Local Street - Municipality,43RD AVE,,2,Urban,4,Minor Arterial,4,City or Municipal Highway Agency,0,None,33.56671944,-112.15168333,No Special Jurisdiction,12,Motor Vehicle In-Transport,99,Reported as Unknown,0,No,8,Driveway Access Related,1,Not an Intersection,None,1,On Roadway,9,Reported as Unknown,99,Reported as Unknown,0,99,Unknown,Unknown,99,Unknown EMS Scene Arrival Hour,Unknown EMS Scene Arrival Minutes,99,Unknown,Unknown EMS Hospital Arrival Time,1,0
2020,4,Arizona,40901,1,1,0,1,1,1,1,13,MARICOPA (13),PHOENIX,11,11,2020,4,Wednesday,18,6:00pm-6:59pm,7,This section IS NOT on the NHS,6,Local Street - Municipality,32ND ST,,2,Urban,4,Minor Arterial,4,City or Municipal Highway Agency,0,None,Reported as Unknown,Reported as Unknown,No Special Jurisdiction,8,Pedestrian,0,The First Harmful Event was Not a Collision with a Motor Vehicle in Transport,9,Reported as Unknown,99,Reported as Unknown,99,Reported as Unknown,None,99,Reported as Unknown,9,Reported as Unknown,99,Reported as Unknown,0,99,Unknown,Unknown if Notified,99,Unknown EMS Scene Arrival Hour,Unknown if Arrived,99,Unknown,Unknown if Transported,1,0
2020,4,Arizona,40902,2,2,0,0,4,4,0,13,MARICOPA (13),PHOENIX,16,11,2020,2,Monday,21,9:00pm-9:59pm,28,This section IS NOT on the NHS,6,Local Street - Municipality,MCDOWELL RD,69TH AVE,2,Urban,4,Minor Arterial,4,City or Municipal Highway Agency,0,None,33.46581667,-112.20840278,No Special Jurisdiction,12,Motor Vehicle In-Transport,6,Angle,0,No,2,Intersection,3,T-Intersection,None,1,On Roadway,3,Dark - Lighted,99,Reported as Unknown,0,99,Unknown,Unknown,99,Unknown EMS Scene Arrival Hour,Unknown EMS Scene Arrival Minutes,99,Unknown,Unknown EMS Hospital Arrival Time,1,1
2020,4,Arizona,40903,1,1,0,0,1,1,0,15,MOHAVE (15),NOT APPLICABLE,18,11,2020,4,Wednesday,99,Unknown Hours,Unknown Minutes,Unknown if this section is on the NHS,9,Unknown,BOUNDARY CONE RD,,9,Unknown,99,Unknown,99,Unknown,0,None,Reported as Unknown,Reported as Unknown,No Special Jurisdiction,99,Reported as Unknown,99,Reported as Unknown,9,Reported as Unknown,99,Reported as Unknown,99,Reported as Unknown,None,99,Reported as Unknown,9,Reported as Unknown,99,Reported as Unknown,0,99,Unknown,Unknown if Notified,99,Unknown EMS Scene Arrival Hour,Unknown if Arrived,99,Unknown,Unknown if Transported,1,0
2020,4,Arizona,40904,2,2,0,0,2,2,0,13,MARICOPA (13),PHOENIX,18,11,2020,4,Wednesday,15,3:00pm-3:59pm,15,This section IS NOT on the NHS,6,Local Street - Municipality,35TH AVE,GREENWAY RD,2,Urban,4,Minor Arterial,4,City or Municipal Highway Agency,0,None,33.62528333,-112.13366944,No Special Jurisdiction,12,Motor Vehicle In-Transport,6,Angle,0,No,2,Intersection,2,Four-Way Intersection,None,1,On Roadway,1,Daylight,99,Reported as Unknown,0,99,Unknown,Unknown,99,Unknown EMS Scene Arrival Hour,Unknown EMS Scene Arrival Minutes,99,Unknown,Unknown EMS Hospital Arrival Time,1,0
2020,4,Arizona,40905,1,1,0,1,1,1,1,13,MARICOPA (13),PHOENIX,19,11,2020,5,Thursday,5,5:00am-5:59am,14,This section IS NOT on the NHS,6,Local Street - Municipality,16TH ST,BASELINE RD,2,Urban,4,Minor Arterial,4,City or Municipal Highway Agency,0,None,33.37769722,-112.04734167,No Special Jurisdiction,8,Pedestrian,0,The First Harmful Event was Not a Collision with a Motor Vehicle in Transport,0,No,3,Intersection-Related,2,Four-Way Intersection,None,1,On Roadway,3,Dark - Lighted,99,Reported as Unknown,0,99,Unknown,Unknown,99,Unknown EMS Scene Arrival Hour,Unknown EMS Scene Arrival Minutes,99,Unknown,Unknown EMS Hospital Arrival Time,1,0
2020,4,Arizona,40906,1,1,0,1,1,1,1,19,PIMA (19),TUCSON,19,11,2020,5,Thursday,13,1:00pm-1:59pm,44,This section IS NOT on the NHS,9,Unknown,AVENIDA DE CASTILLA,,9,Unknown,99,Unknown,99,Unknown,0,None,32.29917778,-110.91903056,No Special Jurisdiction,9,Pedalcyclist,0,The First Harmful Event was Not a Collision with a Motor Vehicle in Transport,9,Reported as Unknown,99,Reported as Unknown,99,Reported as Unknown,None,99,Reported as Unknown,9,Reported as Unknown,99,Reported as Unknown,0,99,Unknown,Unknown if Notified,99,Unknown EMS Scene Arrival Hour,Unknown if Arrived,88,Not Applicable (Not Transported),Not Applicable (Not Transported),1,0
2020,4,Arizona,40907,2,2,0,0,2,2,0,13,MARICOPA (13),PHOENIX,20,11,2020,6,Friday,18,6:00pm-6:59pm,33,Unknown if this section is on the NHS,9,Unknown,100TH AVE,,9,Unknown,99,Unknown,99,Unknown,99999,Unknown,Reported as Unknown,Reported as Unknown,Unknown,12,Motor Vehicle In-Transport,99,Reported as Unknown,9,Reported as Unknown,99,Reported as Unknown,99,Reported as Unknown,None,99,Reported as Unknown,9,Reported as Unknown,99,Reported as Unknown,0,99,Unknown,Unknown if Notified,99,Unknown EMS Scene Arrival Hour,Unknown if Arrived,99,Unknown,Unknown if Transported,1,0
2020,4,Arizona,40908,1,1,0,1,1,1,1,13,MARICOPA (13),PHOENIX,22,11,2020,1,Sunday,2,2:00am-2:59am,1,This section IS ON the NHS,6,Local Street - Municipality,INDIAN SCHOOL RD,,2,Urban,3,Principal Arterial - Other,4,City or Municipal Highway Agency,0,None,33.49496944,-112.14689444,No Special Jurisdiction,8,Pedestrian,0,The First Harmful Event was Not a Collision with a Motor Vehicle in Transport,0,No,1,Non-Junction,1,Not an Intersection,None,1,On Roadway,3,Dark - Lighted,98,Not Reported,0,99,Unknown,Unknown,99,Unknown EMS Scene Arrival Hour,Unknown EMS Scene Arrival Minutes,88,Not Applicable (Not Transported),Not Applicable (Not Transported),1,0
2020,4,Arizona,40909,3,3,0,0,4,4,0,13,MARICOPA (13),PHOENIX,27,11,2020,6,Friday,8,8:00am-8:59am,43,This section IS NOT on the NHS,6,Local Street - Municipality,16TH ST,,2,Urban,4,Minor Arterial,4,City or Municipal Highway Agency,0,None,33.43633889,-112.04781667,No Special Jurisdiction,12,Motor Vehicle In-Transport,8,Sideswipe - Opposite Direction,0,No,1,Non-Junction,1,Not an Intersection,None,1,On Roadway,9,Reported as Unknown,99,Reported as Unknown,0,99,Unknown,Unknown,99,Unknown EMS Scene Arrival Hour,Unknown EMS Scene Arrival Minutes,99,Unknown,Unknown EMS Hospital Arrival Time,1,1
2020,4,Arizona,40910,1,1,0,1,1,1,1,13,MARICOPA (13),PHOENIX,28,11,2020,7,Saturday,19,7:00pm-7:59pm,59,This section IS NOT on the NHS,6,Local Street - Municipality,THOMAS RD,,2,Urban,4,Minor Arterial,4,City or Municipal Highway Agency,0,None,33.47956667,-112.26601667,No Special Jurisdiction,15,Non-Motorist on Personal Conveyance,0,The First Harmful Event was Not a Collision with a Motor Vehicle in Transport,0,No,98,Not Reported,98,Not Reported,None,98,Not Reported,2,Dark - Not Lighted,98,Not Reported,0,99,Unknown,Unknown if Notified,99,Unknown EMS Scene Arrival Hour,Unknown if Arrived,99,Unknown,Unknown if Transported,1,0
2020,4,Arizona,40911,1,1,0,0,1,1,0,13,MARICOPA (13),QUEEN CREEK,29,11,2020,1,Sunday,99,Unknown Hours,Unknown Minutes,This section IS NOT on the NHS,5,Local Street - Township,213TH ST,,2,Urban,6,Minor Collector,3,Town or Township Highway Agency,0,None,33.23938889,-111.6229,No Special Jurisdiction,99,Reported as Unknown,99,Reported as Unknown,8,Not Reported,98,Not Reported,98,Not Reported,None,98,Not Reported,8,Not Reported,99,Reported as Unknown,0,99,Unknown,Unknown,99,Unknown EMS Scene Arrival Hour,Unknown EMS Scene Arrival Minutes,99,Unknown,Unknown EMS Hospital Arrival Time,1,0
2020,4,Arizona,40912,1,1,0,0,1,1,0,13,MARICOPA (13),PHOENIX,29,11,2020,1,Sunday,12,12:00pm-12:59pm,16,This section IS ON the NHS,6,Local Street - Municipality,CAVE CREEK RD,,2,Urban,3,Principal Arterial - Other,4,City or Municipal Highway Agency,0,None,33.61653333,-112.03394444,No Special Jurisdiction,43,Other Fixed Object,0,The First Harmful Event was Not a Collision with a Motor Vehicle in Transport,0,No,1,Non-Junction,1,Not an Intersection,None,4,On Roadside,1,Daylight,99,Reported as Unknown,0,99,Unknown,Unknown if Notified,99,Unknown EMS Scene Arrival Hour,Unknown if Arrived,88,Not Applicable (Not Transported),Not Applicable (Not Transported),1,1
2020,4,Arizona,40913,3,3,0,0,3,3,0,13,MARICOPA (13),PHOENIX,29,11,2020,1,Sunday,14,2:00pm-2:59pm,6,This section IS NOT on the NHS,6,Local Street - Municipality,3RD ST,MCDOWELL RD,2,Urban,5,Major Collector,4,City or Municipal Highway Agency,0,None,33.46576944,-112.06939722,No Special Jurisdiction,12,Motor Vehicle In-Transport,6,Angle,0,No,2,Intersection,2,Four-Way Intersection,None,1,On Roadway,1,Daylight,99,Reported as Unknown,0,99,Unknown,Unknown,99,Unknown EMS Scene Arrival Hour,Unknown EMS Scene Arrival Minutes,99,Unknown,Unknown EMS Hospital Arrival Time,1,1
2020,4,Arizona,40914,1,1,0,0,1,1,0,13,MARICOPA (13),AVONDALE,29,11,2020,1,Sunday,22,10:00pm-10:59pm,9,This section IS NOT on the NHS,6,Local Street - Municipality,19TH AVE,,2,Urban,4,Minor Arterial,4,City or Municipal Highway Agency,0,None,33.66566389,-112.09993889,No Special Jurisdiction,99,Reported as Unknown,99,Reported as Unknown,0,No,98,Not Reported,98,Not Reported,None,98,Not Reported,3,Dark - Lighted,99,Reported as Unknown,0,99,Unknown,Unknown,99,Unknown EMS Scene Arrival Hour,Unknown EMS Scene Arrival Minutes,99,Unknown,Unknown EMS Hospital Arrival Time,1,0
2020,4,Arizona,40915,1,1,0,1,1,1,1,19,PIMA (19),TUCSON,30,11,2020,2,Monday,12,12:00pm-12:59pm,11,Unknown if this section is on the NHS,9,Unknown,MOHAVE RD,,9,Unknown,99,Unknown,99,Unknown,99999,Unknown,Reported as Unknown,Reported as Unknown,Unknown,8,Pedestrian,0,The First Harmful Event was Not a Collision with a Motor Vehicle in Transport,8,Not Reported,98,Not Reported,98,Not Reported,None,98,Not Reported,8,Not Reported,98,Not Reported,0,99,Unknown,Unknown,99,Unknown EMS Scene Arrival Hour,Unknown EMS Scene Arrival Minutes,99,Unknown,Unknown EMS Hospital Arrival Time,1,0
2020,4,Arizona,40916,2,2,0,0,4,4,0,13,MARICOPA (13),PHOENIX,5,12,2020,7,Saturday,19,7:00pm-7:59pm,10,This section IS NOT on the NHS,6,Local Street - Municipality,VAN BUREN ST,,2,Urban,4,Minor Arterial,4,City or Municipal Highway Agency,0,None,33.45155556,-112.19115,No Special Jurisdiction,33,Curb,0,The First Harmful Event was Not a Collision with a Motor Vehicle in Transport,0,No,1,Non-Junction,1,Not an Intersection,None,4,On Roadside,3,Dark - Lighted,98,Not Reported,0,99,Unknown,Unknown,99,Unknown EMS Scene Arrival Hour,Unknown EMS Scene Arrival Minutes,99,Unknown,Unknown EMS Hospital Arrival Time,1,0
2020,4,Arizona,40917,1,1,0,1,1,1,1,21,PINAL (21),NOT APPLICABLE,8,12,2020,3,Tuesday,2,2:00am-2:59am,0,Unknown if this section is on the NHS,3,State Highway,SR-587,,9,Unknown,99,Unknown,99,Unknown,99999,Unknown,Reported as Unknown,Reported as Unknown,Unknown,8,Pedestrian,0,The First Harmful Event was Not a Collision with a Motor Vehicle in Transport,9,Reported as Unknown,99,Reported as Unknown,99,Reported as Unknown,None,99,Reported as Unknown,6,Dark - Unknown Lighting,99,Reported as Unknown,0,99,Unknown,Unknown if Notified,99,Unknown EMS Scene Arrival Hour,Unknown if Arrived,99,Unknown,Unknown if Transported,1,0
2020,4,Arizona,40918,1,1,0,0,1,1,0,1,APACHE (1),NOT APPLICABLE,8,12,2020,3,Tuesday,19,7:00pm-7:59pm,9,Unknown if this section is on the NHS,2,U.S. Highway,US-191,,9,Unknown,99,Unknown,99,Unknown,4177,4177,Reported as Unknown,Reported as Unknown,Unknown,99,Reported as Unknown,99,Reported as Unknown,9,Reported as Unknown,99,Reported as Unknown,99,Reported as Unknown,None,99,Reported as Unknown,9,Reported as Unknown,99,Reported as Unknown,0,99,Unknown,Unknown if Notified,99,Unknown EMS Scene Arrival Hour,Unknown if Arrived,99,Unknown,Unknown if Transported,1,0
2020,4,Arizona,40919,1,1,0,0,1,1,0,19,PIMA (19),NOT APPLICABLE,10,12,2020,5,Thursday,12,12:00pm-12:59pm,10,This section IS NOT on the NHS,9,Unknown,BIA 119,,9,Unknown,99,Unknown,62,Bureau of Indian Affairs,0,None,31.80716111,-111.84791944,No Special Jurisdiction,32,Culvert,0,The First Harmful Event was Not a Collision with a Motor Vehicle in Transport,0,No,1,Non-Junction,1,Not an Intersection,None,4,On Roadside,1,Daylight,10,Cloudy,0,99,Unknown,Unknown if Notified,99,Unknown EMS Scene Arrival Hour,Unknown if Arrived,99,Unknown,Unknown if Transported,1,1
2020,4,Arizona,40920,1,1,0,0,1,1,0,7,GILA (7),NOT APPLICABLE,11,12,2020,6,Friday,3,3:00am-3:59am,30,This section IS NOT on the NHS,8,Other,BIA 6,,1,Rural,5,Major Collector,62,Bureau of Indian Affairs,0,None,33.36592222,-110.55111389,No Special Jurisdiction,99,Reported as Unknown,99,Reported as Unknown,9,Reported as Unknown,99,Reported as Unknown,99,Reported as Unknown,None,99,Reported as Unknown,6,Dark - Unknown Lighting,99,Reported as Unknown,0,99,Unknown,Unknown if Notified,99,Unknown EMS Scene Arrival Hour,Unknown if Arrived,88,Not Applicable (Not Transported),Not Applicable (Not Transported),1,1
2020,4,Arizona,40921,1,1,0,0,3,3,0,13,MARICOPA (13),PHOENIX,13,12,2020,1,Sunday,3,3:00am-3:59am,6,This section IS NOT on the NHS,6,Local Street - Municipality,ELLIOT RD,51ST AVE,2,Urban,4,Minor Arterial,4,City or Municipal Highway Agency,0,None,33.34837222,-112.16915556,No Special Jurisdiction,34,Ditch,0,The First Harmful Event was Not a Collision with a Motor Vehicle in Transport,0,No,3,Intersection-Related,4,Y-Intersection,None,4,On Roadside,2,Dark - Not Lighted,99,Reported as Unknown,0,99,Unknown,Unknown,99,Unknown EMS Scene Arrival Hour,Unknown EMS Scene Arrival Minutes,88,Not Applicable (Not Transported),Not Applicable (Not Transported),3,0
2020,4,Arizona,40922,2,2,0,0,2,2,0,13,MARICOPA (13),PHOENIX,13,12,2020,1,Sunday,18,6:00pm-6:59pm,29,This section IS NOT on the NHS,6,Local Street - Municipality,NOTERRA PKWY,STRAIGHT ARROW LN,2,Urban,4,Minor Arterial,4,City or Municipal Highway Agency,0,None,33.73388889,-112.11258889,No Special Jurisdiction,12,Motor Vehicle In-Transport,6,Angle,0,No,2,Intersection,2,Four-Way Intersection,None,1,On Roadway,6,Dark - Unknown Lighting,99,Reported as Unknown,0,99,Unknown,Unknown,99,Unknown EMS Scene Arrival Hour,Unknown EMS Scene Arrival Minutes,99,Unknown,Unknown EMS Hospital Arrival Time,1,0
2020,4,Arizona,40923,1,1,0,1,1,1,1,13,MARICOPA (13),PHOENIX,14,12,2020,2,Monday,6,6:00am-6:59am,36,This section IS NOT on the NHS,6,Local Street - Municipality,67TH AVE,VAN BUREN ST,2,Urban,4,Minor Arterial,4,City or Municipal Highway Agency,0,None,33.45159167,-112.20344722,No Special Jurisdiction,8,Pedestrian,0,The First Harmful Event was Not a Collision with a Motor Vehicle in Transport,0,No,3,Intersection-Related,2,Four-Way Intersection,None,1,On Roadway,3,Dark - Lighted,99,Reported as Unknown,0,99,Unknown,Unknown,99,Unknown EMS Scene Arrival Hour,Unknown EMS Scene Arrival Minutes,99,Unknown,Unknown EMS Hospital Arrival Time,1,0
2020,4,Arizona,40924,2,2,0,0,7,7,0,13,MARICOPA (13),PHOENIX,16,12,2020,4,Wednesday,17,5:00pm-5:59pm,27,This section IS NOT on the NHS,6,Local Street - Municipality,CENTRAL AVE,WATKINS ST,2,Urban,4,Minor Arterial,4,City or Municipal Highway Agency,0,None,33.42589722,-112.07365278,No Special Jurisdiction,12,Motor Vehicle In-Transport,6,Angle,0,No,2,Intersection,2,Four-Way Intersection,None,1,On Roadway,9,Reported as Unknown,99,Reported as Unknown,0,99,Unknown,Unknown,99,Unknown EMS Scene Arrival Hour,Unknown EMS Scene Arrival Minutes,99,Unknown,Unknown EMS Hospital Arrival Time,1,0
2020,4,Arizona,40925,1,1,0,1,1,1,1,13,MARICOPA (13),LAVEEN,16,12,2020,4,Wednesday,21,9:00pm-9:59pm,26,This section IS ON the NHS,3,State Highway,SR-347,,1,Rural,3,Principal Arterial - Other,1,State Highway Agency,171,171,Reported as Unknown,Reported as Unknown,No Special Jurisdiction,8,Pedestrian,0,The First Harmful Event was Not a Collision with a Motor Vehicle in Transport,9,Reported as Unknown,99,Reported as Unknown,99,Reported as Unknown,Construction,99,Reported as Unknown,6,Dark - Unknown Lighting,99,Reported as Unknown,0,99,Unknown,Unknown if Notified,99,Unknown EMS Scene Arrival Hour,Unknown if Arrived,99,Unknown,Unknown if Transported,1,0
2020,4,Arizona,40926,1,1,0,1,1,1,1,13,MARICOPA (13),PHOENIX,17,12,2020,5,Thursday,18,6:00pm-6:59pm,7,This section IS ON the NHS,6,Local Street - Municipality,BASELINE RD,,2,Urban,3,Principal Arterial - Other,4,City or Municipal Highway Agency,0,None,33.37773611,-112.07987778,No Special Jurisdiction,8,Pedestrian,0,The First Harmful Event was Not a Collision with a Motor Vehicle in Transport,0,No,1,Non-Junction,1,Not an Intersection,None,1,On Roadway,3,Dark - Lighted,99,Reported as Unknown,0,99,Unknown,Unknown,99,Unknown EMS Scene Arrival Hour,Unknown EMS Scene Arrival Minutes,99,Unknown,Unknown EMS Hospital Arrival Time,1,0
2020,4,Arizona,40927,1,1,0,1,1,1,1,13,MARICOPA (13),PHOENIX,20,12,2020,1,Sunday,1,1:00am-1:59am,11,This section IS NOT on the NHS,6,Local Street - Municipality,BROADWAY RD,,2,Urban,4,Minor Arterial,4,City or Municipal Highway Agency,0,None,33.40675278,-112.05364167,No Special Jurisdiction,8,Pedestrian,0,The First Harmful Event was Not a Collision with a Motor Vehicle in Transport,0,No,1,Non-Junction,1,Not an Intersection,None,1,On Roadway,3,Dark - Lighted,99,Reported as Unknown,0,99,Unknown,Unknown if Notified,99,Unknown EMS Scene Arrival Hour,Unknown if Arrived,88,Not Applicable (Not Transported),Not Applicable (Not Transported),1,0
2020,4,Arizona,40928,2,2,0,0,5,5,0,13,MARICOPA (13),PHOENIX,20,12,2020,1,Sunday,4,4:00am-4:59am,2,This section IS ON the NHS,1,Interstate,I-10 RAMP,32ND ST,2,Urban,3,Principal Arterial - Other,1,State Highway Agency,1510,1510,33.41194444,-112.0108,No Special Jurisdiction,12,Motor Vehicle In-Transport,6,Angle,1,Yes,2,Intersection,2,Four-Way Intersection,None,1,On Roadway,3,Dark - Lighted,99,Reported as Unknown,0,99,Unknown,Unknown,99,Unknown EMS Scene Arrival Hour,Unknown EMS Scene Arrival Minutes,99,Unknown,Unknown EMS Hospital Arrival Time,2,1
2020,4,Arizona,40929,2,2,0,0,2,2,0,13,MARICOPA (13),CHANDLER,21,12,2020,2,Monday,11,11:00am-11:59am,38,This section IS ON the NHS,3,State Highway,SR-87,HOME IMPROVEMENT WAY,2,Urban,3,Principal Arterial - Other,4,City or Municipal Highway Agency,0,None,33.24398611,-111.84130278,No Special Jurisdiction,12,Motor Vehicle In-Transport,6,Angle,0,No,2,Intersection,3,T-Intersection,None,1,On Roadway,1,Daylight,1,Clear,0,11,11:00am-11:59am,39,11,11:00am-11:59am,43,11,11:00am-11:59am,55,1,0
2020,4,Arizona,40930,2,2,0,0,3,3,0,13,MARICOPA (13),GILBERT,21,12,2020,2,Monday,7,7:00am-7:59am,45,This section IS NOT on the NHS,6,Local Street - Municipality,RIGGS RD,VAL VISTA DR,2,Urban,3,Principal Arterial - Other,4,City or Municipal Highway Agency,0,None,33.21934167,-111.75541111,No Special Jurisdiction,12,Motor Vehicle In-Transport,6,Angle,0,No,2,Intersection,2,Four-Way Intersection,None,1,On Roadway,9,Reported as Unknown,99,Reported as Unknown,0,99,Unknown,Unknown if Notified,99,Unknown EMS Scene Arrival Hour,Unknown if Arrived,99,Unknown,Unknown if Transported,1,0
2020,4,Arizona,40931,1,1,0,1,1,1,1,17,NAVAJO (17),NOT APPLICABLE,24,12,2020,5,Thursday,99,Unknown Hours,Unknown Minutes,This section IS NOT on the NHS,3,State Highway,SR-73,,2,Urban,4,Minor Arterial,1,State Highway Agency,282,282,33.83649167,-109.96470278,No Special Jurisdiction,8,Pedestrian,0,The First Harmful Event was Not a Collision with a Motor Vehicle in Transport,9,Reported as Unknown,99,Reported as Unknown,99,Reported as Unknown,None,99,Reported as Unknown,9,Reported as Unknown,99,Reported as Unknown,0,99,Unknown,Unknown,99,Unknown EMS Scene Arrival Hour,Unknown EMS Scene Arrival Minutes,99,Unknown,Unknown EMS Hospital Arrival Time,1,0
2020,4,Arizona,40932,2,2,0,0,3,3,0,13,MARICOPA (13),PHOENIX,26,12,2020,7,Saturday,11,11:00am-11:59am,21,This section IS ON the NHS,6,Local Street - Municipality,INDIAN SCHOOL RD,31ST AVE,2,Urban,3,Principal Arterial - Other,4,City or Municipal Highway Agency,0,None,33.49496111,-112.12563333,No Special Jurisdiction,12,Motor Vehicle In-Transport,6,Angle,0,No,2,Intersection,2,Four-Way Intersection,None,1,On Roadway,1,Daylight,99,Reported as Unknown,0,99,Unknown,Unknown,99,Unknown EMS Scene Arrival Hour,Unknown EMS Scene Arrival Minutes,99,Unknown,Unknown EMS Hospital Arrival Time,2,0
2020,4,Arizona,40933,2,2,0,0,4,4,0,13,MARICOPA (13),SCOTTSDALE,26,12,2020,7,Saturday,21,9:00pm-9:59pm,30,This section IS NOT on the NHS,9,Unknown,DOBSON RD,CHAPARRAL RD,2,Urban,5,Major Collector,62,Bureau of Indian Affairs,0,None,33.50949444,-111.87403889,Indian Reservation,12,Motor Vehicle In-Transport,1,Front-to-Rear,0,No,3,Intersection-Related,2,Four-Way Intersection,None,1,On Roadway,6,Dark - Unknown Lighting,99,Reported as Unknown,0,99,Unknown,Unknown,99,Unknown EMS Scene Arrival Hour,Unknown EMS Scene Arrival Minutes,99,Unknown,Unknown EMS Hospital Arrival Time,3,1