AccidentYear,STATE,STATENAME,ST_CASE,VE_TOTAL,VE_FORMS,PVH_INVL,PEDS,PERSONS,PERMVIT,PERNOTMVIT,COUNTY,COUNTYNAME,CITYNAME,DAY,MONTH,YEAR,DAY_WEEK,DAY_WEEKNAME,HOUR,HOURNAME,MINUTENAME,NHSNAME,ROUTE,ROUTENAME,TWAY_ID,TWAY_ID2,RUR_URB,RUR_URBNAME,FUNC_SYS,FUNC_SYSNAME,RD_OWNER,RD_OWNERNAME,MILEPT,MILEPTNAME,LATITUDENAME,LONGITUDNAME,SP_JURNAME,HARM_EV,HARM_EVNAME,MAN_COLL,MAN_COLLNAME,RELJCT1,RELJCT1NAME,RELJCT2,RELJCT2NAME,TYP_INT,TYP_INTNAME,WRK_ZONENAME,REL_ROAD,REL_ROADNAME,LGT_COND,LGT_CONDNAME,WEATHER,WEATHERNAME,SCH_BUS,NOT_HOUR,NOT_HOURNAME,NOT_MINNAME,ARR_HOUR,ARR_HOURNAME,ARR_MINNAME,HOSP_HR,HOSP_HRNAME,HOSP_MNNAME,FATALS,DRUNK_DR
2018,4,Arizona,40139,2,2,0,0,3,3,0,27,YUMA (27),NOT APPLICABLE,1,2,2018,5,Thursday,9,9:00am-9:59am,57,This section IS NOT on the NHS,4,County Road,CR-SOUTH FRONTAGE RD,IRONWOOD DR,2,Urban,5,Major Collector,2,County Highway Agency,0,None,32.66735556,-114.40301111,No Special Jurisdiction,12,Motor Vehicle In-Transport,6,Angle,0,No,2,Intersection,3,T-Intersection,None,1,On Roadway,1,Daylight,1,Clear,0,10,10:00am-10:59am,0,10,10:00am-10:59am,5,99,Unknown,Unknown EMS Hospital Arrival Time,1,0
2018,4,Arizona,40141,1,1,0,0,2,2,0,27,YUMA (27),NOT APPLICABLE,3,2,2018,7,Saturday,2,2:00am-2:59am,16,This section IS NOT on the NHS,5,Local Street - Township,COUNTY 19 1/4 ST,,1,Rural,7,Local,98,Not Reported,0,None,32.54725,-114.69602778,No Special Jurisdiction,35,Embankment,0,Not a Collision with Motor Vehicle In-Transport,0,No,1,Non-Junction,1,Not an Intersection,None,4,On Roadside,2,Dark - Not Lighted,1,Clear,0,2,2:00am-2:59am,3,2,2:00am-2:59am,12,88,Not Applicable (Not Transported),Not Applicable (Not Transported),1,1
2018,4,Arizona,40147,1,1,0,1,1,1,1,27,YUMA (27),NOT APPLICABLE,18,2,2018,1,Sunday,21,9:00pm-9:59pm,49,This section IS NOT on the NHS,4,County Road,CR-AVENUE A,,2,Urban,5,Major Collector,2,County Highway Agency,0,None,32.61432222,-114.63259722,No Special Jurisdiction,8,Pedestrian,0,Not a Collision with Motor Vehicle In-Transport,0,No,1,Non-Junction,1,Not an Intersection,None,1,On Roadway,2,Dark - Not Lighted,1,Clear,0,21,9:00pm-9:59pm,53,22,10:00pm-10:59pm,3,22,10:00pm-10:59pm,21,1,0
2018,4,Arizona,40168,2,2,0,0,8,8,0,15,MOHAVE (15),NOT APPLICABLE,1,3,2018,5,Thursday,13,1:00pm-1:59pm,36,This section IS ON the NHS,2,U.S. Highway,US-93,CR-28 PIERCE FERRY RD,1,Rural,3,Principal Arterial - Other,1,State Highway Agency,430,430,35.53418889,-114.35534167,No Special Jurisdiction,12,Motor Vehicle In-Transport,6,Angle,0,No,2,Intersection,2,Four-Way Intersection,None,1,On Roadway,1,Daylight,1,Clear,0,13,1:00pm-1:59pm,36,13,1:00pm-1:59pm,47,15,3:00pm-3:59pm,0,2,0
2018,4,Arizona,40182,1,1,0,0,1,1,0,27,YUMA (27),NOT APPLICABLE,11,3,2018,1,Sunday,6,6:00am-6:59am,30,This section IS NOT on the NHS,4,County Road,CR-SOMERTON AVE,CR-8TH ST,2,Urban,4,Minor Arterial,2,County Highway Agency,0,None,32.71212778,-114.70993333,No Special Jurisdiction,35,Embankment,0,Not a Collision with Motor Vehicle In-Transport,0,No,3,Intersection-Related,4,Y-Intersection,None,4,On Roadside,2,Dark - Not Lighted,1,Clear,0,6,6:00am-6:59am,34,6,6:00am-6:59am,41,88,Not Applicable (Not Transported),Not Applicable (Not Transported),1,1
2018,4,Arizona,40194,1,1,0,1,1,1,1,15,MOHAVE (15),NOT APPLICABLE,19,3,2018,2,Monday,20,8:00pm-8:59pm,13,This section IS ON the NHS,3,State Highway,SR-68,,1,Rural,3,Principal Arterial - Other,1,State Highway Agency,240,240,35.22056111,-114.18623056,No Special Jurisdiction,8,Pedestrian,0,Not a Collision with Motor Vehicle In-Transport,0,No,1,Non-Junction,1,Not an Intersection,None,1,On Roadway,2,Dark - Not Lighted,1,Clear,0,20,8:00pm-8:59pm,14,20,8:00pm-8:59pm,19,88,Not Applicable (Not Transported),Not Applicable (Not Transported),1,0
2018,4,Arizona,40196,2,2,0,0,4,4,0,12,LA PAZ (12),NOT APPLICABLE,24,3,2018,7,Saturday,10,10:00am-10:59am,51,This section IS ON the NHS,1,Interstate,I-10,,1,Rural,1,Interstate,1,State Highway Agency,317,317,33.66089722,-114.00154722,No Special Jurisdiction,12,Motor Vehicle In-Transport,2,Front-to-Front,0,No,1,Non-Junction,1,Not an Intersection,None,1,On Roadway,1,Daylight,1,Clear,0,10,10:00am-10:59am,51,10,10:00am-10:59am,28,99,Unknown,Unknown EMS Hospital Arrival Time,3,1
2018,4,Arizona,40199,2,2,0,0,3,3,0,27,YUMA (27),NOT APPLICABLE,25,3,2018,1,Sunday,6,6:00am-6:59am,41,This section IS NOT on the NHS,4,County Road,CR-COUNTY 19TH ST,,1,Rural,4,Minor Arterial,2,County Highway Agency,0,None,32.55270556,-114.73374444,No Special Jurisdiction,12,Motor Vehicle In-Transport,2,Front-to-Front,0,No,1,Non-Junction,1,Not an Intersection,None,1,On Roadway,4,Dawn,1,Clear,0,6,6:00am-6:59am,41,6,6:00am-6:59am,49,99,Unknown,Unknown EMS Hospital Arrival Time,1,0
2018,4,Arizona,40200,1,1,0,0,1,1,0,15,MOHAVE (15),NOT APPLICABLE,25,3,2018,1,Sunday,13,1:00pm-1:59pm,52,This section IS ON the NHS,3,State Highway,SR-68,,1,Rural,3,Principal Arterial - Other,1,State Highway Agency,93,93,35.19956944,-114.42201667,No Special Jurisdiction,1,Rollover/Overturn,0,Not a Collision with Motor Vehicle In-Transport,0,No,1,Non-Junction,1,Not an Intersection,None,3,On Median,1,Daylight,1,Clear,0,13,1:00pm-1:59pm,54,14,2:00pm-2:59pm,5,88,Not Applicable (Not Transported),Not Applicable (Not Transported),1,1
2018,4,Arizona,40222,1,1,0,0,1,1,0,15,MOHAVE (15),BULLHEAD CITY,21,3,2018,4,Wednesday,15,3:00pm-3:59pm,21,This section IS NOT on the NHS,6,Local Street - Municipality,SILVER CREEK RD,,2,Urban,4,Minor Arterial,4,City or Municipal Highway Agency,0,None,35.114825,-114.57313056,No Special Jurisdiction,24,Guardrail Face,0,Not a Collision with Motor Vehicle In-Transport,0,No,1,Non-Junction,1,Not an Intersection,None,4,On Roadside,1,Daylight,10,Cloudy,0,99,Unknown,Unknown,15,3:00pm-3:59pm,29,88,Not Applicable (Not Transported),Not Applicable (Not Transported),1,1
2018,4,Arizona,40249,1,1,0,0,1,1,0,15,MOHAVE (15),NOT APPLICABLE,22,3,2018,5,Thursday,21,9:00pm-9:59pm,48,This section IS NOT on the NHS,4,County Road,CR-DIAMOND BAR RD,,1,Rural,6,Minor Collector,2,County Highway Agency,0,None,35.88573889,-114.00481667,No Special Jurisdiction,52,Guardrail End,0,Not a Collision with Motor Vehicle In-Transport,0,No,1,Non-Junction,1,Not an Intersection,None,4,On Roadside,2,Dark - Not Lighted,2,Rain,0,99,Unknown,Unknown,99,Unknown EMS Scene Arrival Hour,Unknown EMS Scene Arrival Minutes,88,Not Applicable (Not Transported),Not Applicable (Not Transported),1,0
2018,4,Arizona,40251,1,1,0,0,1,1,0,15,MOHAVE (15),NOT APPLICABLE,26,3,2018,2,Monday,18,6:00pm-6:59pm,40,This section IS NOT on the NHS,4,County Road,CR-STOCKTON HILL RD,,1,Rural,6,Minor Collector,2,County Highway Agency,0,None,35.33377222,-114.06161111,No Special Jurisdiction,35,Embankment,0,Not a Collision with Motor Vehicle In-Transport,0,No,1,Non-Junction,1,Not an Intersection,None,4,On Roadside,5,Dusk,1,Clear,0,18,6:00pm-6:59pm,40,18,6:00pm-6:59pm,51,19,7:00pm-7:59pm,15,1,1
2018,4,Arizona,40257,1,1,0,0,1,1,0,12,LA PAZ (12),QUARTZITE,1,4,2018,1,Sunday,14,2:00pm-2:59pm,57,This section IS ON the NHS,1,Interstate,I-10,,1,Rural,1,Interstate,1,State Highway Agency,191,191,33.66382222,-114.21335,No Special Jurisdiction,1,Rollover/Overturn,0,Not a Collision with Motor Vehicle In-Transport,0,No,1,Non-Junction,1,Not an Intersection,None,3,On Median,1,Daylight,1,Clear,0,14,2:00pm-2:59pm,57,15,3:00pm-3:59pm,4,88,Not Applicable (Not Transported),Not Applicable (Not Transported),1,0
2018,4,Arizona,40269,1,1,0,0,1,1,0,12,LA PAZ (12),NOT APPLICABLE,8,4,2018,1,Sunday,2,2:00am-2:59am,56,This section IS ON the NHS,3,State Highway,SR-95,,1,Rural,3,Principal Arterial - Other,1,State Highway Agency,480,480,34.25762222,-114.13087222,No Special Jurisdiction,24,Guardrail Face,0,Not a Collision with Motor Vehicle In-Transport,0,No,1,Non-Junction,1,Not an Intersection,None,4,On Roadside,2,Dark - Not Lighted,1,Clear,0,3,3:00am-3:59am,3,3,3:00am-3:59am,19,5,5:00am-5:59am,0,1,1
2018,4,Arizona,40285,2,2,0,0,3,3,0,15,MOHAVE (15),KINGMAN,21,4,2018,7,Saturday,14,2:00pm-2:59pm,12,This section IS NOT on the NHS,6,Local Street - Municipality,AIRWAY AVE,,2,Urban,5,Major Collector,4,City or Municipal Highway Agency,0,None,35.22385278,-114.00269167,No Special Jurisdiction,1,Rollover/Overturn,0,Not a Collision with Motor Vehicle In-Transport,0,No,1,Non-Junction,1,Not an Intersection,None,1,On Roadway,1,Daylight,1,Clear,0,14,2:00pm-2:59pm,12,14,2:00pm-2:59pm,14,88,Not Applicable (Not Transported),Not Applicable (Not Transported),1,0
2018,4,Arizona,40296,1,1,0,0,2,2,0,15,MOHAVE (15),NOT APPLICABLE,29,4,2018,1,Sunday,14,2:00pm-2:59pm,27,This section IS ON the NHS,3,State Highway,SR-68,,1,Rural,3,Principal Arterial - Other,1,State Highway Agency,159,159,35.22749722,-114.33153611,No Special Jurisdiction,1,Rollover/Overturn,0,Not a Collision with Motor Vehicle In-Transport,0,No,1,Non-Junction,1,Not an Intersection,None,4,On Roadside,1,Daylight,1,Clear,0,14,2:00pm-2:59pm,30,14,2:00pm-2:59pm,38,15,3:00pm-3:59pm,2,1,0
2018,4,Arizona,40313,2,2,0,0,2,2,0,15,MOHAVE (15),NOT APPLICABLE,27,4,2018,6,Friday,17,5:00pm-5:59pm,51,This section IS NOT on the NHS,4,County Road,CR-OATMAN RD,,1,Rural,6,Minor Collector,2,County Highway Agency,0,None,34.82947222,-114.466675,No Special Jurisdiction,1,Rollover/Overturn,0,Not a Collision with Motor Vehicle In-Transport,0,No,1,Non-Junction,1,Not an Intersection,None,4,On Roadside,1,Daylight,1,Clear,0,17,5:00pm-5:59pm,56,18,6:00pm-6:59pm,5,99,Unknown,Unknown EMS Hospital Arrival Time,1,1
2018,4,Arizona,40316,1,1,0,1,1,1,1,15,MOHAVE (15),KINGMAN,5,4,2018,5,Thursday,11,11:00am-11:59am,7,This section IS ON the NHS,2,U.S. Highway,US-93 BEALE ST,,2,Urban,3,Principal Arterial - Other,1,State Highway Agency,717,717,35.195625,-114.07455556,No Special Jurisdiction,9,Pedalcyclist,0,Not a Collision with Motor Vehicle In-Transport,0,No,1,Non-Junction,1,Not an Intersection,None,1,On Roadway,1,Daylight,1,Clear,0,11,11:00am-11:59am,7,11,11:00am-11:59am,12,11,11:00am-11:59am,20,1,0
2018,4,Arizona,40356,2,2,0,0,3,3,0,15,MOHAVE (15),KINGMAN,12,5,2018,7,Saturday,10,10:00am-10:59am,35,This section IS NOT on the NHS,6,Local Street - Municipality,HARRISON ST,DETROIT AVE,2,Urban,5,Major Collector,4,City or Municipal Highway Agency,0,None,35.21382778,-114.02474167,No Special Jurisdiction,12,Motor Vehicle In-Transport,1,Front-to-Rear,0,No,3,Intersection-Related,3,T-Intersection,None,1,On Roadway,1,Daylight,1,Clear,0,10,10:00am-10:59am,36,10,10:00am-10:59am,38,11,11:00am-11:59am,10,1,0
2018,4,Arizona,40357,2,2,0,0,4,4,0,12,LA PAZ (12),NOT APPLICABLE,12,5,2018,7,Saturday,20,8:00pm-8:59pm,57,This section IS ON the NHS,3,State Highway,SR-95,,1,Rural,3,Principal Arterial - Other,1,State Highway Agency,466,466,34.25679444,-114.14808889,No Special Jurisdiction,12,Motor Vehicle In-Transport,2,Front-to-Front,0,No,1,Non-Junction,1,Not an Intersection,None,1,On Roadway,2,Dark - Not Lighted,1,Clear,0,20,8:00pm-8:59pm,57,21,9:00pm-9:59pm,1,99,Unknown,Unknown EMS Hospital Arrival Time,1,1
2018,4,Arizona,40361,3,3,0,0,3,3,0,15,MOHAVE (15),LAKE HAVASU CITY,14,5,2018,2,Monday,20,8:00pm-8:59pm,15,This section IS NOT on the NHS,6,Local Street - Municipality,KIOWA BLVD,DATE PALM DR,2,Urban,4,Minor Arterial,4,City or Municipal Highway Agency,0,None,34.51662778,-114.30419722,No Special Jurisdiction,12,Motor Vehicle In-Transport,6,Angle,0,No,2,Intersection,3,T-Intersection,None,1,On Roadway,2,Dark - Not Lighted,1,Clear,0,20,8:00pm-8:59pm,15,20,8:00pm-8:59pm,21,20,8:00pm-8:59pm,53,1,0
2018,4,Arizona,40364,1,1,0,0,7,7,0,15,MOHAVE (15),NOT APPLICABLE,15,5,2018,3,Tuesday,16,4:00pm-4:59pm,41,This section IS ON the NHS,3,State Highway,SR-68,,1,Rural,3,Principal Arterial - Other,1,State Highway Agency,108,108,35.20176667,-114.40353056,No Special Jurisdiction,52,Guardrail End,0,Not a Collision with Motor Vehicle In-Transport,0,No,1,Non-Junction,1,Not an Intersection,None,3,On Median,1,Daylight,1,Clear,0,16,4:00pm-4:59pm,43,16,4:00pm-4:59pm,58,99,Unknown,Unknown EMS Hospital Arrival Time,1,0
2018,4,Arizona,40369,2,2,0,0,3,3,0,27,YUMA (27),YUMA,18,5,2018,6,Friday,22,10:00pm-10:59pm,39,This section IS NOT on the NHS,6,Local Street - Municipality,16TH ST,45TH AVE,2,Urban,4,Minor Arterial,4,City or Municipal Highway Agency,0,None,32.69841944,-114.67588611,No Special Jurisdiction,12,Motor Vehicle In-Transport,1,Front-to-Rear,0,No,2,Intersection,3,T-Intersection,None,1,On Roadway,2,Dark - Not Lighted,1,Clear,0,99,Unknown,Unknown,99,Unknown EMS Scene Arrival Hour,Unknown EMS Scene Arrival Minutes,99,Unknown,Unknown EMS Hospital Arrival Time,1,1
2018,4,Arizona,40371,2,2,0,0,2,2,0,27,YUMA (27),NOT APPLICABLE,21,5,2018,2,Monday,17,5:00pm-5:59pm,46,This section IS ON the NHS,2,U.S. Highway,US-95,,2,Urban,3,Principal Arterial - Other,1,State Highway Agency,337,337,32.699925,-114.44295,No Special Jurisdiction,12,Motor Vehicle In-Transport,2,Front-to-Front,0,No,1,Non-Junction,1,Not an Intersection,None,1,On Roadway,1,Daylight,1,Clear,0,17,5:00pm-5:59pm,47,17,5:00pm-5:59pm,58,88,Not Applicable (Not Transported),Not Applicable (Not Transported),1,1
2018,4,Arizona,40397,1,1,0,0,1,1,0,12,LA PAZ (12),NOT APPLICABLE,29,5,2018,3,Tuesday,20,8:00pm-8:59pm,31,This section IS NOT on the NHS,8,Other,2ND AVE,AGENCY RD,1,Rural,7,Local,98,Not Reported,0,None,34.14610556,-114.30769722,Indian Reservation,24,Guardrail Face,0,Not a Collision with Motor Vehicle In-Transport,0,No,3,Intersection-Related,10,L-Intersection,None,4,On Roadside,5,Dusk,1,Clear,0,99,Unknown,Unknown,99,Unknown EMS Scene Arrival Hour,Unknown EMS Scene Arrival Minutes,99,Unknown,Unknown EMS Hospital Arrival Time,1,0
2018,4,Arizona,40417,1,1,0,0,2,2,0,15,MOHAVE (15),LAKE HAVASU CITY,3,6,2018,1,Sunday,18,6:00pm-6:59pm,57,This section IS NOT on the NHS,6,Local Street - Municipality,MCCULLOCH BLVD,,2,Urban,4,Minor Arterial,4,City or Municipal Highway Agency,0,None,34.47718056,-114.33857778,No Special Jurisdiction,1,Rollover/Overturn,0,Not a Collision with Motor Vehicle In-Transport,0,No,1,Non-Junction,1,Not an Intersection,None,1,On Roadway,1,Daylight,1,Clear,0,18,6:00pm-6:59pm,59,19,7:00pm-7:59pm,3,19,7:00pm-7:59pm,25,1,1
2018,4,Arizona,40462,1,1,0,0,2,2,0,27,YUMA (27),NOT APPLICABLE,9,5,2018,4,Wednesday,5,5:00am-5:59am,43,This section IS ON the NHS,1,Interstate,I-8,,1,Rural,1,Interstate,1,State Highway Agency,240,240,32.65752778,-114.24430833,No Special Jurisdiction,1,Rollover/Overturn,0,Not a Collision with Motor Vehicle In-Transport,0,No,1,Non-Junction,1,Not an Intersection,None,4,On Roadside,4,Dawn,1,Clear,0,99,Unknown,Unknown,99,Unknown EMS Scene Arrival Hour,Unknown EMS Scene Arrival Minutes,99,Unknown,Unknown EMS Hospital Arrival Time,1,0
2018,4,Arizona,40500,2,2,0,0,3,3,0,15,MOHAVE (15),NOT APPLICABLE,4,7,2018,4,Wednesday,5,5:00am-5:59am,33,This section IS ON the NHS,3,State Highway,SR-95,,1,Rural,3,Principal Arterial - Other,1,State Highway Agency,859,859,34.63682222,-114.32520278,No Special Jurisdiction,12,Motor Vehicle In-Transport,2,Front-to-Front,0,No,1,Non-Junction,1,Not an Intersection,None,1,On Roadway,1,Daylight,1,Clear,0,5,5:00am-5:59am,33,5,5:00am-5:59am,37,99,Unknown,Unknown EMS Hospital Arrival Time,1,0
2018,4,Arizona,40503,2,2,0,0,5,5,0,27,YUMA (27),YUMA,6,7,2018,6,Friday,21,9:00pm-9:59pm,33,This section IS ON the NHS,3,State Highway,SR-195,,1,Rural,2,Principal Arterial - Other Freeways and Expressways,1,State Highway Agency,94,94,32.50796389,-114.55868611,No Special Jurisdiction,12,Motor Vehicle In-Transport,2,Front-to-Front,0,No,1,Non-Junction,1,Not an Intersection,None,1,On Roadway,2,Dark - Not Lighted,1,Clear,0,21,9:00pm-9:59pm,33,21,9:00pm-9:59pm,49,22,10:00pm-10:59pm,30,2,0
2018,4,Arizona,40543,1,1,0,0,1,1,0,15,MOHAVE (15),BULLHEAD CITY,14,7,2018,7,Saturday,19,7:00pm-7:59pm,32,This section IS ON the NHS,3,State Highway,SR-95,RAINBOW DR,2,Urban,3,Principal Arterial - Other,1,State Highway Agency,1314,1314,35.06974444,-114.5893,No Special Jurisdiction,33,Curb,0,Not a Collision with Motor Vehicle In-Transport,0,No,3,Intersection-Related,2,Four-Way Intersection,None,4,On Roadside,5,Dusk,1,Clear,0,19,7:00pm-7:59pm,33,19,7:00pm-7:59pm,38,19,7:00pm-7:59pm,59,1,0
2018,4,Arizona,40551,1,1,0,0,1,1,0,27,YUMA (27),NOT APPLICABLE,4,7,2018,4,Wednesday,3,3:00am-3:59am,45,This section IS NOT on the NHS,5,Local Street - Township,CR-COUNTY 10TH ST,,1,Rural,7,Local,2,County Highway Agency,0,None,32.68376111,-114.69332222,No Special Jurisdiction,35,Embankment,0,Not a Collision with Motor Vehicle In-Transport,0,No,1,Non-Junction,1,Not an Intersection,None,4,On Roadside,2,Dark - Not Lighted,1,Clear,0,3,3:00am-3:59am,47,3,3:00am-3:59am,57,88,Not Applicable (Not Transported),Not Applicable (Not Transported),1,0
2018,4,Arizona,40604,1,1,0,1,1,1,1,27,YUMA (27),NOT APPLICABLE,7,8,2018,3,Tuesday,9,9:00am-9:59am,41,This section IS NOT on the NHS,4,County Road,CR-W 8TH ST,,2,Urban,4,Minor Arterial,2,County Highway Agency,0,None,32.71305833,-114.64878611,No Special Jurisdiction,9,Pedalcyclist,0,Not a Collision with Motor Vehicle In-Transport,0,No,1,Non-Junction,1,Not an Intersection,None,1,On Roadway,1,Daylight,1,Clear,0,9,9:00am-9:59am,41,9,9:00am-9:59am,45,99,Unknown,Unknown EMS Hospital Arrival Time,1,0
2018,4,Arizona,40643,1,1,0,1,1,1,1,15,MOHAVE (15),KINGMAN,12,9,2018,4,Wednesday,17,5:00pm-5:59pm,20,This section IS NOT on the NHS,3,State Highway,SR-66 E ANDY DEVINE AVE,,2,Urban,4,Minor Arterial,1,State Highway Agency,99998,Not Reported,35.22133056,-114.00683333,No Special Jurisdiction,8,Pedestrian,0,Not a Collision with Motor Vehicle In-Transport,0,No,8,Driveway Access Related,1,Not an Intersection,None,1,On Roadway,1,Daylight,1,Clear,0,17,5:00pm-5:59pm,21,17,5:00pm-5:59pm,28,17,5:00pm-5:59pm,36,1,0
2018,4,Arizona,40658,2,2,0,0,4,4,0,27,YUMA (27),YUMA,17,9,2018,2,Monday,18,6:00pm-6:59pm,21,This section IS NOT on the NHS,6,Local Street - Municipality,W 24TH ST,S AVE A,2,Urban,4,Minor Arterial,4,City or Municipal Highway Agency,0,None,32.68395556,-114.63324444,No Special Jurisdiction,12,Motor Vehicle In-Transport,6,Angle,1,Yes,2,Intersection,2,Four-Way Intersection,None,1,On Roadway,5,Dusk,1,Clear,0,99,Unknown,Unknown,99,Unknown EMS Scene Arrival Hour,Unknown EMS Scene Arrival Minutes,99,Unknown,Unknown EMS Hospital Arrival Time,1,0
2018,4,Arizona,40659,1,1,0,1,1,1,1,15,MOHAVE (15),NOT APPLICABLE,19,9,2018,4,Wednesday,0,0:00am-0:59am,28,This section IS ON the NHS,1,Interstate,I-40,,2,Urban,1,Interstate,1,State Highway Agency,496,496,35.20095556,-114.06544722,No Special Jurisdiction,8,Pedestrian,0,Not a Collision with Motor Vehicle In-Transport,0,No,1,Non-Junction,1,Not an Intersection,None,4,On Roadside,2,Dark - Not Lighted,1,Clear,0,0,0:00am-0:59am,28,0,0:00am-0:59am,35,0,0:00am-0:59am,46,1,0
2018,4,Arizona,40667,1,1,0,0,1,1,0,27,YUMA (27),YUMA,22,9,2018,7,Saturday,1,1:00am-1:59am,46,This section IS NOT on the NHS,6,Local Street - Municipality,S REDONDO CENTER DR,,2,Urban,7,Local,4,City or Municipal Highway Agency,0,None,32.71684722,-114.61397222,No Special Jurisdiction,33,Curb,0,Not a Collision with Motor Vehicle In-Transport,0,No,1,Non-Junction,1,Not an Intersection,None,4,On Roadside,2,Dark - Not Lighted,1,Clear,0,1,1:00am-1:59am,49,1,1:00am-1:59am,53,88,Not Applicable (Not Transported),Not Applicable (Not Transported),1,1
2018,4,Arizona,40671,1,1,0,1,1,1,1,27,YUMA (27),NOT APPLICABLE,22,9,2018,7,Saturday,23,11:00pm-11:59pm,39,This section IS ON the NHS,2,U.S. Highway,US-95,,1,Rural,3,Principal Arterial - Other,1,State Highway Agency,99998,Not Reported,32.60830833,-114.65352222,Indian Reservation,8,Pedestrian,0,Not a Collision with Motor Vehicle In-Transport,0,No,8,Driveway Access Related,1,Not an Intersection,None,1,On Roadway,2,Dark - Not Lighted,1,Clear,0,99,Unknown,Unknown,99,Unknown EMS Scene Arrival Hour,Unknown EMS Scene Arrival Minutes,99,Unknown,Unknown EMS Hospital Arrival Time,1,0
2018,4,Arizona,40681,1,1,0,1,1,1,1,27,YUMA (27),Other,26,9,2018,4,Wednesday,19,7:00pm-7:59pm,28,This section IS NOT on the NHS,6,Local Street - Municipality,E 44TH ST,,2,Urban,7,Local,4,City or Municipal Highway Agency,0,None,32.64883889,-114.40715833,No Special Jurisdiction,8,Pedestrian,0,Not a Collision with Motor Vehicle In-Transport,0,No,1,Non-Junction,1,Not an Intersection,None,1,On Roadway,2,Dark - Not Lighted,1,Clear,0,99,Unknown,Unknown,99,Unknown EMS Scene Arrival Hour,Unknown EMS Scene Arrival Minutes,99,Unknown,Unknown EMS Hospital Arrival Time,1,0
2018,4,Arizona,40700,2,2,0,0,3,3,0,15,MOHAVE (15),BULLHEAD CITY,20,9,2018,5,Thursday,12,12:00pm-12:59pm,10,This section IS ON the NHS,3,State Highway,SR-95,HAVASUPAI DR,2,Urban,3,Principal Arterial - Other,1,State Highway Agency,1327,1327,35.09140833,-114.59809167,No Special Jurisdiction,12,Motor Vehicle In-Transport,6,Angle,1,Yes,2,Intersection,3,T-Intersection,None,1,On Roadway,1,Daylight,1,Clear,0,12,12:00pm-12:59pm,10,12,12:00pm-12:59pm,31,12,12:00pm-12:59pm,38,1,0
2018,4,Arizona,40712,1,1,0,0,1,1,0,15,MOHAVE (15),NOT APPLICABLE,4,10,2018,5,Thursday,0,0:00am-0:59am,57,This section IS NOT on the NHS,4,County Road,CR-10 OATMAN HWY,,1,Rural,5,Major Collector,2,County Highway Agency,0,None,34.78373889,-114.48131944,No Special Jurisdiction,1,Rollover/Overturn,0,Not a Collision with Motor Vehicle In-Transport,0,No,1,Non-Junction,1,Not an Intersection,None,1,On Roadway,2,Dark - Not Lighted,1,Clear,0,1,1:00am-1:59am,2,1,1:00am-1:59am,6,1,1:00am-1:59am,50,1,0